ecg_id,strict_label,threshold_mv,record_flag,max_fraction,median_fraction,flat_I,flat_II,flat_III,flat_aVR,flat_aVL,flat_aVF,flat_V1,flat_V2,flat_V3,flat_V4,flat_V5,flat_V6
5657,LVH,0.0005,True,0.5209041808361672,0.3596719343868774,0.29325865173034604,0.4174834966993399,0.41328265653130625,0.30586117223444687,0.3060612122424485,0.35827165433086616,0.5209041808361672,0.47929585917183437,0.33646729345869175,0.32866573314662934,0.40648129625925183,0.36107221444288856
5657,LVH,0.001,True,0.5457091418283657,0.3755751150230046,0.3190638127625525,0.4338867773554711,0.4282856571314263,0.3310662132426485,0.33346669333866774,0.375875175035007,0.5457091418283657,0.5019003800760152,0.35827165433086616,0.34546909381876373,0.4224844968993799,0.3752750550110022
5657,LVH,0.002,True,0.6223244648929785,0.49419883976795365,0.4374874974994999,0.530506101220244,0.514502900580116,0.4738947789557912,0.46689337867573516,0.5171034206841368,0.6223244648929785,0.5907181436287258,0.4502900580116023,0.4402880576115223,0.5229045809161832,0.4728945789157832
5657,LVH,0.005,True,0.844368873774755,0.7723544708941789,0.7399479895979196,0.7759551910382076,0.7609521904380876,0.7747549509901981,0.7699539907981596,0.7677535507101421,0.8401680336067213,0.844368873774755,0.7747549509901981,0.7595519103820764,0.7981596319263853,0.7459491898379675
9112,LVH,0.0005,True,0.47209441888377673,0.28145629125825167,0.1894378875775155,0.2758551710342068,0.47209441888377673,0.20964192838567713,0.23124624924984996,0.28705741148229647,0.39647929585917185,0.3330666133226645,0.3114622924584917,0.25645129025805163,0.2484496899379876,0.33906781356271254
9112,LVH,0.001,True,0.4840968193638728,0.29635927185437083,0.20204040808161633,0.28865773154630925,0.4840968193638728,0.22204440888177635,0.24524904980996198,0.30406081216243247,0.41068213642728546,0.3406681336267253,0.3188637727545509,0.2594518903780756,0.2560512102420484,0.34666933386677334
9112,LVH,0.002,True,0.5767153430686137,0.3851770354070814,0.30306061212242447,0.3844768953790758,0.5767153430686137,0.3348669733946789,0.38207641528305664,0.4490898179635927,0.5047009401880376,0.4184836967393479,0.38587717543508704,0.33826765353070615,0.3556711342268454,0.4454890978195639
9112,LVH,0.005,True,0.8111622324464893,0.6380276055211043,0.5809161832366473,0.6521304260852171,0.8111622324464893,0.6173234646929386,0.7043408681736347,0.764752950590118,0.7581516303260653,0.6075215043008602,0.5651130226045209,0.5583116623324665,0.6239247849569914,0.7085417083416683
12887,LVH,0.0005,True,0.47449489897979596,0.37807561512302457,0.2550510102020404,0.3930786157231446,0.45629125825165034,0.2882576515303061,0.29725945189037806,0.3662732546509302,0.47449489897979596,0.4288857771554311,0.3844768953790758,0.3680736147229446,0.3716743348669734,0.41648329665933187
12887,LVH,0.001,True,0.4928985797159432,0.39287857571514306,0.2656531306261252,0.4062812562512502,0.47489497899579913,0.29905981196239245,0.31066213242648527,0.39167833566713345,0.4928985797159432,0.4432886577315463,0.3940788157631526,0.3746749349869974,0.38007601520304063,0.42948589717943586
12887,LVH,0.002,True,0.5775155031006202,0.4956991398279656,0.3836767353470694,0.5039007801560312,0.5725145029005801,0.4334866973394679,0.45549109821964395,0.543508701740348,0.5775155031006202,0.5387077415483097,0.48749749949989996,0.47049409881976395,0.47749549909982,0.5383076615323065
12887,LVH,0.005,True,0.8361672334466893,0.7575515103020605,0.6685337067413483,0.7613522704540908,0.7979595919183837,0.7287457491498299,0.734746949389878,0.7953590718143628,0.8029605921184236,0.7589517903580716,0.7103420684136827,0.7285457091418284,0.7561512302460492,0.8361672334466893
11526,LVH,0.0005,True,0.46869373874774956,0.3208641728345669,0.15703140628125625,0.27765553110622126,0.3272654530906181,0.17003400680136027,0.16923384676935388,0.22324464892978596,0.46869373874774956,0.37727545509101823,0.31446289257851573,0.34026805361072215,0.3368673734746949,0.3660732146429286
11526,LVH,0.001,True,0.4766953390678136,0.3336667333466693,0.17623524704940988,0.29545909181836366,0.35227045409081814,0.1868373674734947,0.1898379675935187,0.2448489697939588,0.4766953390678136,0.38587717543508704,0.3246649329865973,0.34266853370674133,0.34586917383476695,0.3794758951790358
11526,LVH,0.002,True,0.5713142628525705,0.4241848369673935,0.27945589117823566,0.393878775755151,0.46369273854770954,0.32306461292258454,0.33166633326665335,0.39367873574714946,0.5713142628525705,0.48089617923584715,0.4194838967793559,0.4288857771554311,0.4336867373474695,0.4614922984596919
11526,LVH,0.005,True,0.7979595919183837,0.6763352670534106,0.5833166633326665,0.6683336667333467,0.7633526705341068,0.6397279455891178,0.6771354270854171,0.7337467493498699,0.7979595919183837,0.7293458691738348,0.6685337067413483,0.6509301860372074,0.6755351070214043,0.6945389077815564
8940,LVH,0.0005,True,0.45709141828365674,0.3306661332266453,0.16243248649729947,0.29325865173034604,0.3670734146829366,0.1864372874574915,0.1940388077615523,0.2570514102820564,0.45709141828365674,0.3264652930586117,0.3348669733946789,0.35167033406681336,0.34666933386677334,0.35227045409081814
8940,LVH,0.001,True,0.46609321864372877,0.34046809361872377,0.17803560712142427,0.3092618523704741,0.3860772154430886,0.19903980796159232,0.21104220844168833,0.2806561312262453,0.46609321864372877,0.33346669333866774,0.34746949389877974,0.36187237447489495,0.35747149429885977,0.3680736147229446
8940,LVH,0.002,True,0.5707141428285657,0.43758751750350067,0.28285657131426284,0.4184836967393479,0.4882976595319064,0.32766553310662133,0.35087017403480697,0.4420884176835367,0.5707141428285657,0.4340868173634727,0.43248649729945987,0.4520904180836167,0.4410882176435287,0.46789357871574316
8940,LVH,0.005,True,0.8105621124224845,0.6829365873174635,0.5807161432286457,0.7141428285657131,0.7425485097019404,0.6477295459091819,0.6603320664132827,0.7571514302860572,0.8105621124224845,0.6833366673334667,0.6529305861172234,0.6825365073014603,0.6769353870774155,0.7663532706541308
2858,LVH,0.0005,True,0.5463092618523705,0.4269853970794159,0.33626725345069014,0.47209441888377673,0.4596919383876775,0.35907181436287255,0.35467093418683737,0.4194838967793559,0.5463092618523705,0.46769353870774155,0.4332866573314663,0.4206841368273655,0.41908381676335266,0.4728945789157832
2858,LVH,0.001,True,0.5629125825165033,0.4347869573914783,0.36207241448289657,0.48489697939587917,0.47249449889977996,0.3750750150030006,0.3706741348269654,0.4330866173234647,0.5629125825165033,0.47649529905981197,0.4364872974594919,0.4272854570914183,0.4240848169633927,0.48289657931586316
2858,LVH,0.002,True,0.6607321464292859,0.5260052010402081,0.46989397879575917,0.5707141428285657,0.5645129025805161,0.505501100220044,0.5061012202440488,0.5771154230846169,0.6607321464292859,0.5423084616923385,0.5097019403880776,0.4958991798359672,0.50250050010002,0.5515103020604121
2858,LVH,0.005,True,0.871374274854971,0.755251050210042,0.7361472294458892,0.7771554310862172,0.792758551710342,0.762752550510102,0.762752550510102,0.8231646329265854,0.871374274854971,0.7151430286057211,0.6939387877575515,0.6853370674134827,0.7011402280456092,0.747749549909982
16383,LVH,0.0005,True,0.28285657131426284,0.1851370274054811,0.04260852170434087,0.06601320264052811,0.1184236847369474,0.046409281856371276,0.04880976195239048,0.05021004200840168,0.28285657131426284,0.2518503700740148,0.2578515703140628,0.25645129025805163,0.267253450690138,0.27765553110622126
16383,LVH,0.001,True,0.2998599719943989,0.1919383876775355,0.05121024204840968,0.07301460292058412,0.1244248849769954,0.05481096219243849,0.05641128225645129,0.06021204240848169,0.2998599719943989,0.2594518903780756,0.26485297059411883,0.26025205041008204,0.27065413082616524,0.28525705141028207
16383,LVH,0.002,True,0.39907981596319264,0.26925385077015407,0.09521904380876176,0.11362272454490899,0.1912382476495299,0.10782156431286258,0.1222244448889778,0.13102620524104822,0.39907981596319264,0.3472694538907782,0.3550710142028406,0.3586717343468694,0.3654730946189238,0.3852770554110822
16383,LVH,0.005,True,0.6753350670134027,0.4887977595519104,0.239247849569914,0.27705541108221643,0.39747949589917986,0.2626525305061012,0.3160632126425285,0.3322664532906581,0.6753350670134027,0.580116023204641,0.5885177035407081,0.5873174634926985,0.590118023604721,0.6263252650530106
3853,LVH,0.0005,True,0.34546909381876373,0.23444688937787556,0.05581116223244649,0.09341868373674735,0.2012402480496099,0.060012002400480095,0.07081416283256652,0.07981596319263853,0.34546909381876373,0.3280656131226245,0.27725545109021804,0.26765353070614123,0.3032606521304261,0.31066213242648527
3853,LVH,0.001,True,0.36027205441088217,0.2463492698539708,0.06621324264852971,0.09821964392878575,0.21564312862572516,0.06821364272854571,0.08141628325665133,0.09101820364072814,0.36027205441088217,0.34646929385877173,0.2902580516103221,0.27705541108221643,0.3204640928185637,0.3302660532106421
3853,LVH,0.002,True,0.46369273854770954,0.3401680336067213,0.119623924784957,0.15943188637727546,0.30126025205041007,0.13742748549709943,0.17423484696939387,0.17863572714542908,0.46369273854770954,0.4488897779555911,0.38107621524304863,0.3790758151630326,0.41908381676335266,0.4426885377075415
3853,LVH,0.005,True,0.7413482696539307,0.6046209241848369,0.30686137227445487,0.3520704140828166,0.5647129425885177,0.33646729345869175,0.40988197639527907,0.4360872174434887,0.7413482696539307,0.7193438687737548,0.6445289057811562,0.6495299059811962,0.7171434286857371,0.7361472294458892
12781,LVH,0.0005,True,0.5655131026205241,0.40028005601120226,0.26225245049009804,0.4168833766753351,0.4470894178835767,0.29165833166633326,0.29465893178635727,0.3624724944988998,0.5655131026205241,0.35707141428285655,0.3836767353470694,0.4226845369073815,0.4282856571314263,0.46029205841168236
12781,LVH,0.001,True,0.585117023404681,0.41048209641928385,0.2740548109621924,0.4416883376675335,0.45989197839567914,0.3146629325865173,0.3100620124024805,0.3912782556511302,0.585117023404681,0.3674734946989398,0.3874774954990998,0.42968593718743747,0.4368873774754951,0.47309461892378474
12781,LVH,0.002,True,0.6719343868773755,0.5141028205641128,0.3884776955391078,0.5357071414282857,0.5567113422684536,0.4470894178835767,0.45609121824364873,0.5485097019403881,0.6719343868773755,0.4482896579315863,0.46309261852370476,0.5077015403080616,0.5205041008201641,0.5603120624124825
12781,LVH,0.005,True,0.8735747149429886,0.7706541308261652,0.7111422284456891,0.8083616723344669,0.8005601120224045,0.7723544708941789,0.7689537907581516,0.8455691138227646,0.8735747149429886,0.6807361472294459,0.6863372674534907,0.7303460692138428,0.761752350470094,0.8255651130226045
17896,LVH,0.0005,True,0.6029205841168234,0.5174034806961392,0.4024804960992198,0.5177035407081416,0.505501100220044,0.4222844568913783,0.4244848969793959,0.45829165833166635,0.579115823164633,0.5171034206841368,0.5453090618123625,0.5749149829965993,0.6007201440288058,0.6029205841168234
17896,LVH,0.001,True,0.6159231846369274,0.5341068213642728,0.4344868973794759,0.5319063812762552,0.5291058211642329,0.4416883376675335,0.45809161832366474,0.48169633926785355,0.5955191038207641,0.5363072614522905,0.5679135827165434,0.5893178635727145,0.6095219043808762,0.6159231846369274
17896,LVH,0.002,True,0.6761352270454091,0.6123224644928986,0.5401080216043208,0.6071214242848569,0.612122424484897,0.5671134226845369,0.5879175835167033,0.6093218643728746,0.6623324664932987,0.6125225045009002,0.6427285457091418,0.6725345069013803,0.6747349469893978,0.6761352270454091
17896,LVH,0.005,True,0.9035807161432287,0.8412682536507301,0.8223644728945789,0.8107621524304861,0.8519703940788158,0.8213642728545709,0.8705741148229645,0.8445689137827566,0.8493698739747949,0.8377675535107021,0.8641728345669134,0.9035807161432287,0.8355671134226845,0.8379675935187038
4323,LVH,0.0005,True,0.5247049409881976,0.4236847369473895,0.35047009401880375,0.479495899179836,0.5247049409881976,0.38007601520304063,0.3824764952990598,0.4372874574914983,0.46729345869173833,0.3424684936987398,0.34806961392278457,0.41248249649929986,0.4348869773954791,0.4576915383076615
4323,LVH,0.001,True,0.5467093418683737,0.4262852570514103,0.36687337467493497,0.4928985797159432,0.5467093418683737,0.39547909581916385,0.40308061612322466,0.4614922984596919,0.4842968593718744,0.35047009401880375,0.352870574114823,0.41508301660332064,0.4374874974994999,0.46409281856371276
4323,LVH,0.002,True,0.6245249049809962,0.5316063212642528,0.47209441888377673,0.5765153030606122,0.6245249049809962,0.5141028205641128,0.5451090218043608,0.6053210642128426,0.5689137827565514,0.4282856571314263,0.4282856571314263,0.4958991798359672,0.5181036207241448,0.5459091818363673
4323,LVH,0.005,True,0.8577715543108622,0.7817563512702541,0.7653530706141228,0.8193638727745549,0.843368673734747,0.7981596319263853,0.8127625525105021,0.8577715543108622,0.7885577115423085,0.6407281456291258,0.6501300260052011,0.7305461092218444,0.7453490698139628,0.7749549909981996
14717,LVH,0.0005,True,0.6547309461892379,0.47909581916383276,0.4392878575715143,0.5267053410682137,0.6097219443888777,0.4530906181236247,0.4596919383876775,0.498499699939988,0.6547309461892379,0.5207041408281656,0.5037007401480296,0.45929185837167436,0.4364872974594919,0.35827165433086616
14717,LVH,0.001,True,0.6717343468693738,0.4953990798159632,0.45709141828365674,0.5409081816363273,0.6303260652130426,0.46849369873974794,0.48109621924384877,0.5215043008601721,0.6717343468693738,0.5289057811562312,0.5097019403880776,0.46469293858771754,0.4392878575715143,0.3644728945789158
14717,LVH,0.002,True,0.7343468693738747,0.5913182636527305,0.5535107021404281,0.6075215043008602,0.7015403080616123,0.5837167433486697,0.6041208241648329,0.6373274654930986,0.7343468693738747,0.5989197839567914,0.5781156231246249,0.5433086617323465,0.5267053410682137,0.45329065813162633
14717,LVH,0.005,True,0.8919783956791358,0.8061612322464493,0.8043608721744349,0.8079615923184637,0.8825765153030606,0.8209641928385677,0.8515703140628126,0.8391678335667133,0.8919783956791358,0.7715543108621724,0.755751150230046,0.7455491098219644,0.7687537507501501,0.7045409081816363
5323,LVH,0.0005,True,0.41428285657131425,0.26275255051010205,0.19823964792958593,0.30306061212242447,0.34866973394678935,0.20564112822564512,0.21324264852970595,0.2450490098019604,0.34686937387477496,0.23844768953790757,0.22164432886577315,0.28045609121824366,0.3644728945789158,0.41428285657131425
5323,LVH,0.001,True,0.4212842568513703,0.2690538107621524,0.20744148829765954,0.3074614922984597,0.35627125425085016,0.21424284856971396,0.22224444888977796,0.2538507701540308,0.35327065413082614,0.24144828965793158,0.22544508901780355,0.28425685137027407,0.36967393478695737,0.4212842568513703
5323,LVH,0.002,True,0.5207041408281656,0.3835767153430686,0.31446289257851573,0.41348269653930786,0.4718943788757752,0.34146829365873177,0.36687337467493497,0.40028005601120226,0.45149029805961194,0.3164632926585317,0.2986597319463893,0.36307261452290457,0.47029405881176234,0.5207041408281656
5323,LVH,0.005,True,0.7875575115023005,0.6842368473694739,0.6237247449489898,0.6765353070614123,0.7435487097419484,0.6483296659331866,0.6971394278855771,0.7029405881176235,0.6919383876775355,0.53250650130026,0.5001000200040008,0.6019203840768154,0.7681536307261452,0.7875575115023005
333,LVH,0.0005,True,0.38667733546709343,0.1948389677935587,0.0620124024804961,0.07601520304060812,0.38667733546709343,0.06481296259251851,0.08501700340068014,0.08081616323264652,0.33806761352270454,0.1954390878175635,0.1942388477695539,0.2364472894578916,0.2730546109221844,0.30006001200240046
333,LVH,0.001,True,0.3996799359871974,0.2021404280856171,0.07401480296059212,0.08001600320064013,0.3996799359871974,0.07081416283256652,0.09761952390478096,0.08721744348869774,0.34566913382676534,0.2036407281456291,0.20064012802560513,0.24284856971394278,0.2788557711542308,0.3070614122824565
333,LVH,0.002,True,0.494498899779956,0.28405681136227245,0.1298259651930386,0.1240248049609922,0.494498899779956,0.1224244848969794,0.18383676735347068,0.17063412682536508,0.4574914982996599,0.2834566913382677,0.28465693138627723,0.33086617323464695,0.3754750950190038,0.40608121624324867
333,LVH,0.005,True,0.7331466293258652,0.5211042208441689,0.29245849169833965,0.27525505101020203,0.7331466293258652,0.28085617123424683,0.4452890578115623,0.40708141628325667,0.7217443488697739,0.5169033806761353,0.5253050610122024,0.5775155031006202,0.6507301460292059,0.6831366273254651
6051,LVH,0.0005,True,0.46109221844368875,0.33326665333066613,0.1232246449289858,0.23744748949789957,0.32786557311462294,0.14682936587317463,0.15723144628925786,0.23084616923384677,0.46109221844368875,0.3386677335467093,0.3500700140028006,0.34266853370674133,0.34226845369073816,0.35087017403480697
6051,LVH,0.001,True,0.4812962592518504,0.34566913382676534,0.1300260052010402,0.2536507301460292,0.34806961392278457,0.15823164632926584,0.16923384676935388,0.27045409081816363,0.4812962592518504,0.34326865373074616,0.3634726945389078,0.35347069413882776,0.35467093418683737,0.3636727345469094
6051,LVH,0.002,True,0.5741148229645929,0.4360872174434887,0.22604520904180836,0.351870374074815,0.4558911782356471,0.2760552110422084,0.3038607721544309,0.4072814562912582,0.5741148229645929,0.4302860572114423,0.4632926585317063,0.4418883776755351,0.4498899779955991,0.46689337867573516
6051,LVH,0.005,True,0.8151630326065213,0.6838367673534707,0.4872974594918984,0.6207241448289658,0.7323464692938588,0.5547109421884376,0.5993198639727946,0.7031406281256252,0.8151630326065213,0.658131626325265,0.6983396679335867,0.6693338667733547,0.7051410282056412,0.7231446289257851
3388,LVH,0.0005,True,0.49229845969193836,0.33776755351070215,0.16403280656131225,0.27285457091418286,0.35087017403480697,0.18103620724144828,0.1954390878175635,0.2524504900980196,0.49229845969193836,0.4308861772354471,0.39427885577115424,0.36867373474694937,0.3246649329865973,0.393878775755151
3388,LVH,0.001,True,0.5117023404680936,0.35977195439087817,0.17303460692138428,0.29065813162632526,0.369873974794959,0.1956391278255651,0.21404280856171234,0.27965593118623727,0.5117023404680936,0.4480896179235847,0.41428285657131425,0.3792758551710342,0.34966993398679735,0.4148829765953191
3388,LVH,0.002,True,0.5939187837567513,0.4568913782756551,0.27485497099419887,0.39267853570714145,0.46189237847569514,0.32026405281056214,0.3386677335467093,0.4318863772754551,0.5939187837567513,0.5327065413082617,0.4996999399879976,0.47649529905981197,0.4518903780756151,0.5131026205241048
3388,LVH,0.005,True,0.7953590718143628,0.7180436087217443,0.5407081416283257,0.6647329465893179,0.7041408281656332,0.6069213842768554,0.6187237447489498,0.7093418683736747,0.7953590718143628,0.7589517903580716,0.7301460292058412,0.7267453490698139,0.7431486297259452,0.7703540708141629
3421,LVH,0.0005,True,0.5093018603720744,0.3044608921784357,0.1904380876175235,0.3170634126825365,0.29185837167433487,0.20484096819363873,0.19923984796959393,0.23764752950590118,0.5093018603720744,0.28245649129825967,0.3606721344268854,0.3744748949789958,0.4624924984996999,0.4872974594918984
3421,LVH,0.001,True,0.5237047409481896,0.3289657931586317,0.20984196839367875,0.3368673734746949,0.32106421284256853,0.22804560912182437,0.22764552910582117,0.2674534906981396,0.5237047409481896,0.2968593718743749,0.3762752550510102,0.394878975795159,0.47789557911582314,0.5047009401880376
3421,LVH,0.002,True,0.6205241048209642,0.4334866973394679,0.3282656531306261,0.4394878975795159,0.4204840968193639,0.3812762552510502,0.36307261452290457,0.4274854970994199,0.6205241048209642,0.3910782156431286,0.47489497899579913,0.5047009401880376,0.5711142228445689,0.5969193838767753
3421,LVH,0.005,True,0.8349669933986797,0.7184436887377476,0.6423284656931386,0.7223444688937788,0.7145429085817163,0.7135427085417083,0.6861372274454891,0.7315463092618524,0.8219643928785757,0.6265253050610122,0.7051410282056412,0.7841568313662732,0.8349669933986797,0.8253650730146029
2491,LVH,0.0005,True,0.5559111822364473,0.397379475895179,0.3386677335467093,0.4308861772354471,0.5559111822364473,0.35427085417083415,0.3854770954190838,0.4252850570114023,0.5073014602920584,0.35167033406681336,0.3264652930586117,0.353870774154831,0.40928185637127423,0.4604920984196839
2491,LVH,0.001,True,0.5729145829165834,0.41988397679535905,0.3622724544908982,0.4450890178035607,0.5729145829165834,0.3716743348669734,0.41888377675535104,0.44568913782756553,0.5197039407881576,0.3662732546509302,0.3358671734346869,0.36767353470694136,0.42088417683536705,0.48369673934786955
2491,LVH,0.002,True,0.6663332666533307,0.5348069613922783,0.4902980596119224,0.5517103420684136,0.6663332666533307,0.5157031406281256,0.5687137427485497,0.6067213442688538,0.6051210242048409,0.45149029805961194,0.43148629725945187,0.47109421884376873,0.5179035807161432,0.584116823364673
2491,LVH,0.005,True,0.8845769153830766,0.8113622724544909,0.8069613922784556,0.8111622324464893,0.8845769153830766,0.8115623124624926,0.8665733146629326,0.8513702740548109,0.8279655931186237,0.7095419083816763,0.6843368673734747,0.750750150030006,0.7813562712542509,0.843368673734747
3316,LVH,0.0005,True,0.5375075015003,0.44638927785557114,0.22304460892178435,0.53250650130026,0.3090618123624725,0.270254050810162,0.2426485297059412,0.3328665733146629,0.5241048209641929,0.4436887377475495,0.4498899779955991,0.4490898179635927,0.48469693938787756,0.5375075015003
3316,LVH,0.001,True,0.5567113422684536,0.45679135827165435,0.24184836967393478,0.5551110222044409,0.3244648929785957,0.2960592118423685,0.26405281056211244,0.358871774354871,0.54250850170034,0.45529105821164234,0.45909181836367274,0.45829165833166635,0.4966993398679736,0.5567113422684536
3316,LVH,0.002,True,0.6437287457491498,0.5417083416683337,0.352870574114823,0.6437287457491498,0.4262852570514103,0.4546909381876375,0.3844768953790758,0.5221044208841769,0.625125025005001,0.5427085417083417,0.5407081416283257,0.5511102220444088,0.5839167833566713,0.6409281856371274
3316,LVH,0.005,True,0.8857771554310863,0.7693538707741547,0.6485297059411882,0.8857771554310863,0.7017403480696139,0.7645529105821164,0.6755351070214043,0.8041608321664333,0.8503700740148029,0.7423484696939388,0.7609521904380876,0.7741548309661932,0.8053610722144429,0.8675735147029406
14470,LVH,0.0005,True,0.6109221844368874,0.49059811962392474,0.39607921584316863,0.5087017403480696,0.5505101020204041,0.41608321664332865,0.4330866173234647,0.47249449889977996,0.6109221844368874,0.5287057411482297,0.46589317863572716,0.46829365873174633,0.5091018203640728,0.5449089817963593
14470,LVH,0.001,True,0.6279255851170235,0.5118023604720945,0.41728345669133826,0.5259051810362072,0.5683136627325465,0.4380876175235047,0.4604920984196839,0.5003000600120024,0.6279255851170235,0.5389077815563112,0.47589517903580714,0.47809561912382476,0.5233046609321864,0.5641128225645129
14470,LVH,0.002,True,0.70374074814963,0.6114222844568914,0.530506101220244,0.6123224644928986,0.6587317463492699,0.5683136627325465,0.6053210642128426,0.6315263052610522,0.70374074814963,0.6223244648929785,0.5619123824764953,0.5619123824764953,0.6105221044208842,0.6521304260852171
14470,LVH,0.005,True,0.8911782356471294,0.8347669533906781,0.8121624324864973,0.8365673134626925,0.881376275255051,0.8329665933186637,0.8649729945989197,0.8589717943588717,0.8911782356471294,0.8275655131026205,0.7663532706541308,0.7777555511102221,0.8259651930386077,0.8787757551510302
21775,LVH,0.0005,True,0.5049009801960392,0.33626725345069014,0.2450490098019604,0.3092618523704741,0.45789157831566313,0.24624924984997,0.27665533106621326,0.2978595719143829,0.3204640928185637,0.3520704140828166,0.3762752550510102,0.4386877375475095,0.4912982596519304,0.5049009801960392
21775,LVH,0.001,True,0.513502700540108,0.34816963392678535,0.2608521704340868,0.32206441288257653,0.48209641928385677,0.26025205041008204,0.3072614522904581,0.3180636127225445,0.3396679335867173,0.3566713342668534,0.3816763352670534,0.4410882176435287,0.4988997799559912,0.513502700540108
21775,LVH,0.002,True,0.588117623524705,0.4634926985397079,0.37247449489897977,0.41448289657931586,0.5723144628925785,0.3890778155631126,0.4538907781556311,0.47309461892378474,0.41028205641128224,0.4444888977795559,0.47649529905981197,0.5503100620124025,0.5863172634526905,0.588117623524705
21775,LVH,0.005,True,0.8269653930786157,0.7460492098419684,0.660132026405281,0.6685337067413483,0.8269653930786157,0.6759351870374075,0.7541508301660332,0.7441488297659532,0.6377275455091018,0.6499299859971994,0.7479495899179835,0.8161632326465293,0.8147629525905181,0.8097619523904781
14521,LVH,0.0005,True,0.4430886177235447,0.2947589517903581,0.16583316663332667,0.1842368473694739,0.2460492098419684,0.14142828565713142,0.15043008601720345,0.16123224644928985,0.4430886177235447,0.3706741348269654,0.3434686937387478,0.367873574714943,0.40048009601920387,0.41708341668333665
14521,LVH,0.001,True,0.4556911382276455,0.3082616523304661,0.1828365673134627,0.1930386077215443,0.2550510102020404,0.15543108621724344,0.16503300660132025,0.1736347269453891,0.4556911382276455,0.38767753550710143,0.3614722944588918,0.3826765353070614,0.41208241648329663,0.42768553710742147
14521,LVH,0.002,True,0.5407081416283257,0.40798159631926384,0.2844568913782757,0.2844568913782757,0.3632726545309062,0.27265453090618125,0.2928585717143429,0.2930586117223445,0.5407081416283257,0.48189637927585516,0.4526905381076215,0.48109621924384877,0.5165033006601321,0.5297059411882377
14521,LVH,0.005,True,0.77875575115023,0.6524304860972194,0.5401080216043208,0.5383076615323065,0.6045209041808361,0.5611122224444889,0.5751150230046009,0.5755151030206042,0.7655531106221244,0.7093418683736747,0.7003400680136027,0.7355471094218844,0.7589517903580716,0.77875575115023
7503,LVH,0.0005,True,0.47709541908381675,0.34186837367473494,0.10002000400080016,0.2486497299459892,0.17063412682536508,0.11162232446489298,0.10982196439287857,0.13962792558511702,0.47709541908381675,0.4498899779955991,0.4350870174034807,0.4380876175235047,0.45169033806761355,0.46469293858771754
7503,LVH,0.001,True,0.4968993798759752,0.3484696939387878,0.10742148429685937,0.2560512102420484,0.1890378075615123,0.11802360472094418,0.1234246849369874,0.16303260652130427,0.4968993798759752,0.45529105821164234,0.4412882576515303,0.4408881776355271,0.4566913382676535,0.47509501900380074
7503,LVH,0.002,True,0.5807161432286457,0.4353870774154831,0.19143828765753151,0.35047009401880375,0.27565513102620526,0.22604520904180836,0.23064612922584518,0.2882576515303061,0.5807161432286457,0.5303060612122424,0.5229045809161832,0.5203040608121624,0.5383076615323065,0.5623124624924986
7503,LVH,0.005,True,0.8143628725745149,0.6575315063012602,0.4378875775155031,0.6047209441888378,0.5863172634526905,0.5243048609721944,0.5241048209641929,0.6145229045809162,0.8143628725745149,0.7019403880776155,0.7209441888377676,0.7005401080216043,0.7373474694938987,0.7823564712942589
15174,LVH,0.0005,True,0.5967193438687738,0.4084816963392679,0.3158631726345269,0.4406881376275255,0.4990998199639928,0.34326865373074616,0.35367073414682937,0.4242848569713943,0.5967193438687738,0.35427085417083415,0.3622724544908982,0.39267853570714145,0.46589317863572716,0.4992998599719944
15174,LVH,0.001,True,0.6097219443888777,0.4251850370074015,0.3284656931386277,0.45229045809161833,0.5183036607321464,0.35827165433086616,0.3716743348669734,0.4528905781156231,0.6097219443888777,0.3692738547709542,0.3712742548509702,0.39807961592318464,0.47169433886777357,0.5097019403880776
15174,LVH,0.002,True,0.6807361472294459,0.5226045209041809,0.4344868973794759,0.5407081416283257,0.6023204640928186,0.47889577915583115,0.504500900180036,0.5955191038207641,0.6807361472294459,0.4404880976195239,0.4500900180036007,0.4708941788357672,0.5543108621724345,0.593118623724745
15174,LVH,0.005,True,0.8425685137027406,0.7702540508101621,0.7115423084616923,0.7717543508701741,0.8227645529105821,0.7485497099419884,0.7739547909581916,0.840368073614723,0.8425685137027406,0.6473294658931786,0.6457291458291659,0.6873374674934987,0.7687537507501501,0.8213642728545709
2762,LVH,0.0005,True,0.5119023804760953,0.4255851170234047,0.3066613322664533,0.43248649729945987,0.5073014602920584,0.3320664132826565,0.34666933386677334,0.42488497699539907,0.5119023804760953,0.3766753350670134,0.4482896579315863,0.47169433886777357,0.4262852570514103,0.34506901380276056
2762,LVH,0.001,True,0.5247049409881976,0.4446889377875575,0.3292658531706341,0.45509101820364073,0.5247049409881976,0.3616723344668934,0.3656731346269254,0.4576915383076615,0.5189037807561512,0.38587717543508704,0.46269253850770153,0.493498699739948,0.4342868573714743,0.34946989397879574
2762,LVH,0.002,True,0.6257251450290058,0.5409081816363273,0.4488897779555911,0.5535107021404281,0.6257251450290058,0.493498699739948,0.5181036207241448,0.6173234646929386,0.6213242648529705,0.46109221844368875,0.5421084216843368,0.5779155831166233,0.5397079415883177,0.4424884976995399
2762,LVH,0.005,True,0.8657731546309262,0.7920584116823365,0.7261452290458091,0.8115623124624926,0.8345669133826765,0.7823564712942589,0.7819563912782557,0.8481696339267853,0.8657731546309262,0.6909381876375275,0.764752950590118,0.8017603520704141,0.8277655531106222,0.7035407081416283
3840,LVH,0.0005,True,0.47429485897179435,0.4400880176035207,0.33446689337867574,0.45049009801960394,0.45349069813962795,0.36387277455491096,0.3650730146029206,0.44848969793958793,0.47429485897179435,0.4708941788357672,0.4272854570914183,0.41808361672334465,0.4316863372674535,0.4528905781156231
3840,LVH,0.001,True,0.4870974194838968,0.4540908181636327,0.34686937387477496,0.4680936187237448,0.46829365873174633,0.3770754150830166,0.3790758151630326,0.47069413882776556,0.48189637927585516,0.4870974194838968,0.4420884176835367,0.4288857771554311,0.4426885377075415,0.46549309861972393
3840,LVH,0.002,True,0.5913182636527305,0.5394078815763153,0.4478895779155831,0.546509301860372,0.5453090618123625,0.48869773954790957,0.4956991398279656,0.5913182636527305,0.5843168633726745,0.5683136627325465,0.5313062612522504,0.5195039007801561,0.533506701340268,0.5501100220044008
3840,LVH,0.005,True,0.8309661932386477,0.7860572114422885,0.6939387877575515,0.7843568713742749,0.756751350270054,0.7255451090218044,0.7321464292858572,0.8119623924784957,0.8309661932386477,0.787757551510302,0.7929585917183437,0.7715543108621724,0.787757551510302,0.8021604320864173
15307,LVH,0.0005,True,0.5677135427085417,0.4678935787157431,0.4194838967793559,0.4890978195639128,0.5525105021004201,0.42208441688337667,0.44668933786757353,0.46749349869973994,0.5677135427085417,0.40988197639527907,0.3814762952590518,0.46829365873174633,0.4896979395879176,0.5271054210842169
15307,LVH,0.001,True,0.5825165033006602,0.48959791958391674,0.4606921384276855,0.5101020204040808,0.5709141828365674,0.4432886577315463,0.4766953390678136,0.4906981396279256,0.5825165033006602,0.4222844568913783,0.39907981596319264,0.48849769953990796,0.5123024604920984,0.5451090218043608
15307,LVH,0.002,True,0.6481296259251851,0.5959191838367673,0.5683136627325465,0.5885177035407081,0.6369273854770954,0.5751150230046009,0.6139227845569114,0.6173234646929386,0.6481296259251851,0.4936987397479496,0.47349469893978796,0.5677135427085417,0.6033206641328266,0.633126625325065
15307,LVH,0.005,True,0.8937787557511502,0.8464692938587717,0.8549709941988398,0.8145629125825165,0.8545709141828366,0.8491698339667934,0.8937787557511502,0.8335667133426685,0.8437687537507501,0.7019403880776155,0.6967393478695739,0.8023604720944189,0.866373274654931,0.8721744348869774
4738,LVH,0.0005,True,0.6377275455091018,0.5388077615523104,0.4396879375875175,0.5447089417883577,0.5863172634526905,0.46829365873174633,0.480496099219844,0.5123024604920984,0.6377275455091018,0.5619123824764953,0.533506701340268,0.5523104620924185,0.5263052610522104,0.5441088217643528
4738,LVH,0.001,True,0.6489297859571914,0.5503100620124024,0.45789157831566313,0.5577115423084616,0.6073214642928586,0.48269653930786155,0.5001000200040008,0.5297059411882377,0.6489297859571914,0.5739147829565913,0.5429085817163433,0.5597119423884777,0.5331066213242649,0.5579115823164633
4738,LVH,0.002,True,0.7063412682536507,0.6190238047609522,0.5555111022204441,0.6213242648529705,0.6823364672934586,0.5855171034206841,0.6167233446689337,0.6357271454290858,0.7063412682536507,0.632126425285057,0.5975195039007801,0.6055211042208442,0.5935187037407481,0.6293258651730346
4738,LVH,0.005,True,0.8741748349669934,0.7961592318463693,0.7863572714542909,0.7909581916383277,0.8741748349669934,0.8013602720544108,0.8437687537507501,0.8115623124624926,0.8547709541908382,0.7905581116223245,0.7473494698939788,0.7491498299659932,0.755751150230046,0.8069613922784556
8022,LVH,0.0005,True,0.5715143028605721,0.4180836167233447,0.40128025605121026,0.4356871374274855,0.48849769953990796,0.381876375275055,0.4222844568913783,0.42288457691538306,0.5423084616923385,0.5715143028605721,0.39267853570714145,0.38767753550710143,0.376875375075015,0.4138827765553111
8022,LVH,0.001,True,0.5845169033806762,0.43608721744348866,0.4298859771954391,0.4520904180836167,0.5023004600920185,0.40228045609121826,0.4498899779955991,0.4422884576915383,0.5573114622924585,0.5845169033806762,0.39847969593918786,0.39227845569113823,0.3832766553310662,0.4232846569313863
8022,LVH,0.002,True,0.666133226645329,0.5327065413082617,0.53250650130026,0.5329065813162632,0.5867173434686938,0.5259051810362072,0.5969193838767753,0.5625125025005001,0.6335267053410683,0.666133226645329,0.47909581916383276,0.46549309861972393,0.47649529905981197,0.5185037007401481
8022,LVH,0.005,True,0.8815763152630526,0.79375875175035,0.8287657531506302,0.760752150430086,0.8269653930786157,0.8037607521504301,0.8815763152630526,0.78375675135027,0.8467693538707741,0.8761752350470094,0.7307461492298459,0.6911382276455291,0.7373474694938987,0.7767553510702141
1154,LVH,0.0005,True,0.617123424684937,0.4617923584716943,0.3492698539707942,0.5239047809561912,0.5367073414682937,0.40108021604320865,0.3900780156031206,0.47649529905981197,0.617123424684937,0.4348869773954791,0.4290858171634327,0.4470894178835767,0.4976995399079816,0.5353070614122825
1154,LVH,0.001,True,0.6379275855171034,0.4786957391478296,0.367873574714943,0.5473094618923785,0.5549109821964393,0.4196839367873575,0.40768153630726145,0.5019003800760152,0.6379275855171034,0.4472894578915783,0.4452890578115623,0.45549109821964395,0.5067013402680536,0.5485097019403881
1154,LVH,0.002,True,0.712742548509702,0.5797159431886377,0.49149829965993197,0.6343268653730746,0.6493298659731946,0.5581116223244649,0.5589117823564713,0.6557311462292459,0.712742548509702,0.5147029405881176,0.5175035007001401,0.5409081816363273,0.6005201040208041,0.6499299859971994
1154,LVH,0.005,True,0.890378075615123,0.840368073614723,0.7903580716143228,0.8569713942788558,0.8607721544308862,0.8345669133826765,0.832366473294659,0.8725745149029805,0.885377075415083,0.7211442288457691,0.7389477895579116,0.7829565913182637,0.8461692338467693,0.890378075615123
18835,LVH,0.0005,True,0.4302860572114423,0.2983596719343869,0.13862772554510902,0.21624324864972994,0.2988597719543909,0.14482896579315863,0.15803160632126426,0.1874374874974995,0.4302860572114423,0.30686137227445487,0.2978595719143829,0.30006001200240046,0.3700740148029606,0.40168033606721343
18835,LVH,0.001,True,0.44968993798759754,0.3017603520704141,0.15643128625725145,0.22664532906581317,0.3176635327065413,0.15523104620924186,0.1832366473294659,0.20284056811362272,0.44968993798759754,0.3130626125225045,0.30126025205041007,0.3022604520904181,0.3776755351070214,0.41428285657131425
18835,LVH,0.002,True,0.5407081416283257,0.3819763952790558,0.250250050010002,0.3100620124024805,0.40868173634726945,0.27645529105821165,0.3004600920184037,0.33426685337067413,0.5407081416283257,0.39047809561912383,0.3734746949389878,0.39047809561912383,0.46569313862772554,0.5077015403080616
18835,LVH,0.005,True,0.7773554710942189,0.6053210642128426,0.5171034206841368,0.5619123824764953,0.6707341468293658,0.5543108621724345,0.6017203440688138,0.6163232646529306,0.7773554710942189,0.5775155031006202,0.5721144228845769,0.6089217843568714,0.6927385477095419,0.7569513902780556
14905,LVH,0.0005,False,0.19483896779355872,0.10522104420884176,0.024204840968193638,0.0632126425285057,0.04980996199239848,0.03060612122424485,0.028805761152230446,0.04060812162432487,0.19483896779355872,0.15123024604920984,0.14722944588917783,0.16003200640128026,0.14842968593718744,0.15043008601720345
14905,LVH,0.001,True,0.21184236847369473,0.10982196439287857,0.028005601120224044,0.0680136027205441,0.054210842168433686,0.033606721344268856,0.033006601320264055,0.04680936187237447,0.21184236847369473,0.15843168633726745,0.15163032606521304,0.16403280656131225,0.15303060612122424,0.15643128625725145
14905,LVH,0.002,True,0.3080616123224645,0.16913382676535307,0.05641128225645129,0.11642328465693139,0.09641928385677136,0.06961392278455691,0.06721344268853771,0.09241848369673934,0.3080616123224645,0.23424684936987397,0.22184436887377476,0.24664932986597318,0.23584716943388678,0.23024604920984196
14905,LVH,0.005,True,0.5667133426685337,0.3500700140028006,0.14062812562512503,0.26905381076215246,0.22504500900180036,0.17683536707341468,0.17083416683336666,0.22444488897779555,0.5667133426685337,0.46549309861972393,0.4310862172434487,0.4528905781156231,0.46609321864372877,0.4540908181636327
17745,LVH,0.0005,True,0.5907181436287258,0.42798559711942386,0.27165433086617324,0.40368073614722944,0.45229045809161833,0.29545909181836366,0.30206041208241646,0.3612722544508902,0.5069013802760552,0.3996799359871974,0.4796959391878376,0.5161032206441288,0.5591118223644729,0.5907181436287258
17745,LVH,0.001,True,0.6047209441888378,0.4507901580316063,0.3004600920184037,0.4240848169633927,0.47749549909982,0.3208641728345669,0.33846769353870776,0.39547909581916385,0.530506101220244,0.40548109621924383,0.4882976595319064,0.531506301260252,0.5789157831566313,0.6047209441888378
17745,LVH,0.002,True,0.6851370274054811,0.5669133826765353,0.42208441688337667,0.5291058211642329,0.5785157031406282,0.47169433886777357,0.47789557911582314,0.5603120624124825,0.6155231046209242,0.4968993798759752,0.5735147029405882,0.617123424684937,0.6593318663732747,0.6851370274054811
17745,LVH,0.005,True,0.8815763152630526,0.8099619923984797,0.7337467493498699,0.8013602720544108,0.8417683536707341,0.780756151230246,0.7913582716543308,0.8327665533106622,0.832366473294659,0.7075415083016603,0.7661532306461293,0.8185637127425485,0.8649729945989197,0.8815763152630526
15625,LVH,0.0005,True,0.5893178635727145,0.4501900380076015,0.32966593318663734,0.4842968593718744,0.48769753950790157,0.36287257451490296,0.3624724944988998,0.42308461692338467,0.48169633926785355,0.4402880576115223,0.4378875775155031,0.46009201840368075,0.5357071414282857,0.5893178635727145
15625,LVH,0.001,True,0.610122024404881,0.4592918583716743,0.35807161432286455,0.5047009401880376,0.5123024604920984,0.3874774954990998,0.39267853570714145,0.4526905381076215,0.4996999399879976,0.4498899779955991,0.4440888177635527,0.46589317863572716,0.5481096219243848,0.610122024404881
15625,LVH,0.002,True,0.6777355471094219,0.5619123824764953,0.4842968593718744,0.6053210642128426,0.6095219043808762,0.5333066613322665,0.5377075415083017,0.6125225045009002,0.5789157831566313,0.5161032206441288,0.5109021804360873,0.5449089817963593,0.6223244648929785,0.6777355471094219
15625,LVH,0.005,True,0.8887777555511103,0.8305661132226445,0.7911582316463293,0.8531706341268254,0.846369273854771,0.8291658331666333,0.8319663932786557,0.8599719943988797,0.795759151830366,0.6963392678535707,0.6961392278455691,0.754750950190038,0.8347669533906782,0.8887777555511103
11920,LVH,0.0005,True,0.535507101420284,0.3381676335267053,0.22824564912982598,0.3018603720744149,0.46669333866773355,0.23144628925785157,0.2740548109621924,0.28805761152230447,0.535507101420284,0.368873774754951,0.3302660532106421,0.34606921384276856,0.40508101620324066,0.48649729945989195
11920,LVH,0.001,True,0.5565113022604521,0.34866973394678935,0.2556511302260452,0.31446289257851573,0.4822964592918584,0.2576515303060612,0.29545909181836366,0.3060612122424485,0.5565113022604521,0.3806761352270454,0.34026805361072215,0.35707141428285655,0.41168233646729346,0.5019003800760152
11920,LVH,0.002,True,0.627125425085017,0.45149029805961194,0.3654730946189238,0.4176835367073415,0.579115823164633,0.38787757551510305,0.4460892178435687,0.45249049809961994,0.627125425085017,0.45829165833166635,0.4252850570114023,0.45049009801960394,0.5071014202840568,0.590118023604721
11920,LVH,0.005,True,0.8315663132626525,0.7102420484096819,0.667133426685337,0.6833366673334667,0.8207641528305661,0.6819363872774555,0.7677535507101421,0.7573514702940588,0.8315663132626525,0.663132626525305,0.6491298259651931,0.6761352270454091,0.7371474294858972,0.8103620724144829
12736,LVH,0.0005,True,0.4310862172434487,0.29245849169833965,0.15043008601720345,0.2580516103220644,0.28965793158631725,0.15943188637727546,0.15803160632126426,0.19903980796159232,0.4310862172434487,0.3074614922984597,0.29525905181036205,0.356871374274855,0.41908381676335266,0.4264852970594119
12736,LVH,0.001,True,0.44768953790758154,0.3059611922384477,0.16123224644928985,0.26625325065013,0.3140628125625125,0.16763352670534107,0.1788357671534307,0.22304460892178435,0.44768953790758154,0.3130626125225045,0.2988597719543909,0.3584716943388678,0.4234846969393879,0.4360872174434887
12736,LVH,0.002,True,0.5293058611722344,0.3726745349069814,0.2570514102820564,0.3500700140028006,0.40368073614722944,0.29085817163432687,0.3088617723544709,0.35427085417083415,0.5293058611722344,0.3786757351470294,0.36667333466693336,0.4408881776355271,0.5073014602920584,0.5151030206041208
12736,LVH,0.005,True,0.7535507101420285,0.6228245649129827,0.5227045409081816,0.5863172634526905,0.6665333066613323,0.5579115823164633,0.6025205041008201,0.654130826165233,0.7353470694138827,0.5697139427885577,0.5707141428285657,0.6431286257251451,0.7305461092218444,0.7535507101420285
18257,LVH,0.0005,True,0.3756751350270054,0.2950590118023605,0.10182036407281456,0.1784356871374275,0.2816563312662532,0.11102220444088817,0.1182236447289458,0.15803160632126426,0.35727145429085816,0.3148629725945189,0.3084616923384677,0.33846769353870776,0.3632726545309062,0.3756751350270054
18257,LVH,0.001,True,0.3796759351870374,0.31116223244648933,0.11142228445689138,0.1898379675935187,0.3034606921384277,0.1194238847769554,0.13242648529705942,0.1802360472094419,0.3710742148429686,0.3282656531306261,0.3188637727545509,0.34326865373074616,0.36587317463492697,0.3796759351870374
18257,LVH,0.002,True,0.46089217843568714,0.39897979595919186,0.1916383276655331,0.2674534906981396,0.3956791358271654,0.21284256851370273,0.24144828965793158,0.30586117223444687,0.46089217843568714,0.41648329665933187,0.40228045609121826,0.4194838967793559,0.4396879375875175,0.4594918983796759
18257,LVH,0.005,True,0.6999399879975995,0.6150230046009202,0.41088217643528707,0.5127025405081016,0.664132826565313,0.46709341868373677,0.529505901180236,0.6239247849569914,0.6999399879975995,0.6317263452690538,0.6117223444688937,0.6119223844768954,0.618123624724945,0.6537307461492299
19248,LVH,0.0005,True,0.6407281456291258,0.3855771154230846,0.249249849969994,0.3796759351870374,0.4234846969393879,0.27425485097019403,0.28485697139427885,0.33146629325865173,0.6407281456291258,0.39147829565913184,0.40388077615523105,0.4322864572914583,0.46869373874774956,0.3700740148029606
19248,LVH,0.001,True,0.6603320664132827,0.39797959591918386,0.27145429085817163,0.39447889577915585,0.45609121824364873,0.2920584116823365,0.3226645329065813,0.3624724944988998,0.6603320664132827,0.4014802960592118,0.4110822164432887,0.4340868173634727,0.47169433886777357,0.38387677535507103
19248,LVH,0.002,True,0.7269453890778156,0.4908981796359272,0.39267853570714145,0.4910982196439288,0.5543108621724345,0.43528705741148227,0.484496899379876,0.5183036607321464,0.7269453890778156,0.4746949389877976,0.4850970194038808,0.5121024204840968,0.5493098619723945,0.4906981396279256
19248,LVH,0.005,True,0.9001800360072014,0.7312462492498499,0.7109421884376875,0.7363472694538907,0.845369073814763,0.7285457091418284,0.8001600320064013,0.7981596319263853,0.9001800360072014,0.6837367473494699,0.6953390678135627,0.7099419883976795,0.7227445489097819,0.7339467893578716
1996,LVH,0.0005,True,0.5681136227245449,0.42138427685537105,0.3256651330266053,0.46929385877175434,0.4912982596519304,0.3530706141228246,0.368873774754951,0.4596919383876775,0.5681136227245449,0.4488897779555911,0.40468093618723744,0.42308461692338467,0.40508101620324066,0.4196839367873575
1996,LVH,0.001,True,0.5885177035407081,0.4270854170834167,0.34286857371474294,0.49429885977195437,0.5101020204040808,0.3700740148029606,0.3844768953790758,0.494498899779956,0.5885177035407081,0.45909181836367274,0.4176835367073415,0.4270854170834167,0.40948189637927584,0.4270854170834167
1996,LVH,0.002,True,0.6685337067413483,0.5165033006601321,0.4530906181236247,0.594118823764753,0.596119223844769,0.5147029405881176,0.5183036607321464,0.6565313062612522,0.6685337067413483,0.5423084616923385,0.4982996599319864,0.5029005801160232,0.4862972594518904,0.50750150030006
1996,LVH,0.005,True,0.8797759551910382,0.7683536707341468,0.7409481896379276,0.8725745149029805,0.8489697939587918,0.7997599519903981,0.7811562312462492,0.8797759551910382,0.8787757551510302,0.7555511102220445,0.7075415083016603,0.7069413882776555,0.7005401080216043,0.7173434686937388
6624,LVH,0.0005,True,0.5785157031406282,0.37657531506301256,0.29045809161832364,0.3844768953790758,0.4538907781556311,0.3008601720344069,0.3284656931386277,0.35547109421884376,0.5785157031406282,0.4232846569313863,0.3322664532906581,0.36867373474694937,0.4568913782756551,0.5389077815563112
6624,LVH,0.001,True,0.5979195839167833,0.39187837567513506,0.32026405281056214,0.40268053610722143,0.47149429885977195,0.32686537307461494,0.3586717343468694,0.38107621524304863,0.5979195839167833,0.43908781756351273,0.34406881376275256,0.3702740548109622,0.46269253850770153,0.5525105021004201
6624,LVH,0.002,True,0.6719343868773755,0.5183036607321464,0.4462892578515703,0.5001000200040008,0.5581116223244649,0.46309261852370476,0.5133026605321064,0.5233046609321864,0.6719343868773755,0.5293058611722344,0.4278855771154231,0.4472894578915783,0.5579115823164633,0.6507301460292059
6624,LVH,0.005,True,0.888377675535107,0.7757551510302061,0.7651530306061213,0.7563512702540508,0.7971594318863773,0.7681536307261452,0.8039607921584316,0.7793558711742349,0.8585717143428686,0.7721544308861772,0.7125425085017003,0.7101420284056812,0.8207641528305661,0.888377675535107
15982,LVH,0.0005,True,0.32986597319463895,0.2383476695339068,0.08841768353670734,0.10742148429685937,0.32986597319463895,0.08381676335267053,0.10862172434486897,0.11002200440088018,0.28125625125025006,0.27565513102620526,0.21704340868173636,0.2596519303860772,0.2758551710342068,0.28785757151430286
15982,LVH,0.001,True,0.34026805361072215,0.2471494298859772,0.10462092418483697,0.11562312462492498,0.34026805361072215,0.09361872374474894,0.127625525105021,0.12042408481696339,0.28285657131426284,0.27905581116223244,0.22644528905781156,0.26785357071414284,0.2902580516103221,0.2958591718343669
15982,LVH,0.002,True,0.4346869373874775,0.33136627325465096,0.1794358871774355,0.1888377675535107,0.4346869373874775,0.17003400680136027,0.2420484096819364,0.22604520904180836,0.3722744548909782,0.3722744548909782,0.3114622924584917,0.35127025405081014,0.3836767353470694,0.39367873574714946
15982,LVH,0.005,True,0.6975395079015804,0.5503100620124024,0.39907981596319264,0.39047809561912383,0.6975395079015804,0.39707941588317663,0.5263052610522104,0.5079015803160633,0.6267253450690138,0.6245249049809962,0.5247049409881976,0.5743148629725945,0.6419283856771354,0.6831366273254651
12840,LVH,0.0005,True,0.46469293858771754,0.3321664332866573,0.1274254850970194,0.18103620724144828,0.3212642528505701,0.1272254450890178,0.15263052610522104,0.1826365273054611,0.46469293858771754,0.34306861372274455,0.375875175035007,0.40088017603520704,0.3880776155231046,0.4234846969393879
12840,LVH,0.001,True,0.47809561912382476,0.34636927385477095,0.13982796559311864,0.1974394878975795,0.34146829365873177,0.13742748549709943,0.16283256651330266,0.20984196839367875,0.47809561912382476,0.35127025405081014,0.38107621524304863,0.40768153630726145,0.4034806961392278,0.43148629725945187
12840,LVH,0.002,True,0.5709141828365674,0.43758751750350067,0.22364472894578916,0.2956591318263653,0.43148629725945187,0.23724744948989798,0.2892578515703141,0.35647129425885177,0.5709141828365674,0.4436887377475495,0.46489297859571915,0.4930986197239448,0.5013002600520104,0.5363072614522905
12840,LVH,0.005,True,0.7835567113422685,0.6659331866373275,0.47509501900380074,0.5695139027805561,0.6885377075415083,0.5211042208441689,0.586117223444689,0.6699339867973595,0.7835567113422685,0.6503300660132026,0.6619323864772955,0.6993398679735947,0.7593518703740748,0.7737547509501901
697,LVH,0.0005,True,0.3550710142028406,0.30896179235847165,0.11902380476095219,0.1856371274254851,0.3550710142028406,0.1218243648729746,0.1360272054410882,0.17043408681736347,0.3022604520904181,0.3328665733146629,0.3156631326265253,0.32306461292258454,0.3338667733546709,0.34686937387477496
697,LVH,0.001,True,0.3704740948189638,0.3198639727945589,0.1284256851370274,0.20544108821764354,0.3704740948189638,0.13622724544908982,0.14602920584116824,0.1912382476495299,0.3138627725545109,0.3520704140828166,0.32586517303460694,0.33326665333066613,0.34086817363472693,0.35427085417083415
697,LVH,0.002,True,0.46869373874774956,0.4110822164432887,0.20724144828965793,0.2844568913782757,0.46869373874774956,0.2420484096819364,0.2700540108021604,0.32786557311462294,0.4118823764752951,0.4482896579315863,0.41028205641128224,0.4138827765553111,0.4308861772354471,0.4442888577715543
697,LVH,0.005,True,0.7225445089017803,0.6392278455691138,0.46109221844368875,0.5473094618923785,0.7225445089017803,0.5139027805561113,0.591118223644729,0.6715343068613723,0.6761352270454091,0.712742548509702,0.6481296259251851,0.626125225045009,0.6303260652130426,0.659131826365273
12845,LVH,0.0005,True,0.50750150030006,0.41988397679535905,0.3052610522104421,0.4442888577715543,0.50750150030006,0.34206841368273655,0.34206841368273655,0.4206841368273655,0.49529905981196237,0.41908381676335266,0.33566713342668536,0.34126825365073016,0.42968593718743747,0.4538907781556311
12845,LVH,0.001,True,0.5349069813962792,0.4334866973394679,0.3320664132826565,0.45889177835567113,0.5349069813962792,0.3606721344268854,0.3702740548109622,0.4500900180036007,0.5167033406681336,0.4306861372274455,0.34686937387477496,0.34746949389877974,0.4362872574514903,0.46749349869973994
12845,LVH,0.002,True,0.622124424884977,0.5190038007601521,0.44848969793958793,0.5513102620524105,0.622124424884977,0.4898979795959192,0.5237047409481896,0.6099219843968794,0.6093218643728746,0.5059011802360472,0.4206841368273655,0.4308861772354471,0.5143028605721144,0.5441088217643528
12845,LVH,0.005,True,0.8675735147029406,0.7908581716343268,0.7479495899179835,0.8147629525905181,0.8561712342468494,0.7893578715743149,0.8159631926385277,0.8675735147029406,0.8565713142628526,0.7071414282856572,0.6537307461492299,0.6567313462692539,0.7429485897179436,0.7923584716943388
3535,LVH,0.0005,True,0.4270854170834167,0.31266253250650133,0.07861572314462893,0.23384676935387078,0.19003800760152031,0.09461892378475695,0.08401680336067213,0.11722344468893779,0.4110822164432887,0.4270854170834167,0.39147829565913184,0.41048209641928385,0.39427885577115424,0.3966793358671734
3535,LVH,0.001,True,0.44588917783556714,0.3241648329665933,0.08681736347269454,0.24244848969793958,0.19763952790558112,0.10482096419283857,0.09341868373674735,0.1342268453690738,0.4326865373074615,0.44588917783556714,0.40588117623524705,0.42008401680336066,0.4072814562912582,0.40888177635527106
3535,LVH,0.002,True,0.5557111422284456,0.42148429685937183,0.15663132626525306,0.3322664532906581,0.28225645129025806,0.19623924784956992,0.1812362472494499,0.24284856971394278,0.5437087417483497,0.5557111422284456,0.513502700540108,0.5169033806761353,0.5107021404280856,0.5189037807561512
3535,LVH,0.005,True,0.8143628725745149,0.6509301860372074,0.354870974194839,0.5637127425485097,0.5289057811562312,0.4426885377075415,0.4264852970594119,0.5275055011002201,0.8143628725745149,0.8021604320864173,0.7469493898779755,0.7381476295259052,0.7569513902780556,0.7619523904780956
9805,LVH,0.0005,True,0.5461092218443688,0.42338467693538706,0.27185437087417486,0.4284856971394279,0.4306861372274455,0.3062612522504501,0.3042608521704341,0.40108021604320865,0.5461092218443688,0.5247049409881976,0.4360872174434887,0.4128825765153031,0.41828365673134627,0.44008801760352073
9805,LVH,0.001,True,0.5635127025405081,0.4396879375875175,0.29445889177835566,0.4528905781156231,0.45829165833166635,0.3302660532106421,0.32786557311462294,0.4392878575715143,0.5635127025405081,0.5437087417483497,0.44008801760352073,0.41708341668333665,0.4326865373074615,0.4502900580116023
9805,LVH,0.002,True,0.6475295059011802,0.5480096019203841,0.4138827765553111,0.5511102220444088,0.5599119823964793,0.479495899179836,0.4802960592118424,0.6043208641728346,0.6475295059011802,0.6441288257651531,0.5449089817963593,0.5193038607721544,0.5363072614522905,0.5567113422684536
9805,LVH,0.005,True,0.8727745549109822,0.8215643128625725,0.7429485897179436,0.8221644328865774,0.833366673334667,0.784756951390278,0.7969593918783757,0.8525705141028206,0.8555711142228446,0.8727745549109822,0.8167633526705341,0.7981596319263853,0.8209641928385677,0.8391678335667133
3621,LVH,0.0005,True,0.5017003400680136,0.3510702140428086,0.1930386077215443,0.27545509101820365,0.35167033406681336,0.1940388077615523,0.20724144828965793,0.23504700940188036,0.4416883376675335,0.35047009401880375,0.38007601520304063,0.4328865773154631,0.4898979795959192,0.5017003400680136
3621,LVH,0.001,True,0.5255051010202041,0.3686737347469494,0.21384276855371073,0.29265853170634126,0.3776755351070214,0.21364272854570915,0.23704740948189637,0.25745149029805964,0.4594918983796759,0.3596719343868774,0.40028005601120226,0.4490898179635927,0.500500100020004,0.5255051010202041
3621,LVH,0.002,True,0.6239247849569914,0.4642928585717143,0.3166633326665333,0.39147829565913184,0.483496699339868,0.3434686937387478,0.3804760952190438,0.40468093618723744,0.5531106221244249,0.4450890178035607,0.4880976195239048,0.5475095019003801,0.6039207841568314,0.6239247849569914
3621,LVH,0.005,True,0.8777755551110222,0.7324464892978596,0.619123824764953,0.6731346269253851,0.7583516703340668,0.6487297459491899,0.7045409081816363,0.71374274854971,0.8049609921984396,0.6583316663332667,0.7511502300460092,0.8281656331266253,0.8557711542308462,0.8777755551110222
6250,LVH,0.0005,True,0.4652930586117223,0.34266853370674133,0.21404280856171234,0.356871374274855,0.3284656931386277,0.23304660932186438,0.24084816963392677,0.2666533306661332,0.4312862572514503,0.378875775155031,0.23124624924984996,0.3976795359071814,0.4652930586117223,0.4388877775555111
6250,LVH,0.001,True,0.47529505901180236,0.35577115423084615,0.23464692938587717,0.3662732546509302,0.34526905381076217,0.24764952990598119,0.2700540108021604,0.28125625125025006,0.45229045809161833,0.3814762952590518,0.23384676935387078,0.40188037607521504,0.47529505901180236,0.4436887377475495
6250,LVH,0.002,True,0.5483096619323865,0.4500900180036007,0.34366873374674933,0.45629125825165034,0.44388877775555113,0.3790758151630326,0.40568113622724544,0.41428285657131425,0.5441088217643528,0.45889177835567113,0.3050610122024405,0.47929585917183437,0.5483096619323865,0.5187037407481496
6250,LVH,0.005,True,0.8101620324064813,0.6853370674134827,0.6157231446289257,0.6705341068213643,0.70874174834967,0.6513302660532106,0.7025405081016203,0.6873374674934987,0.8101620324064813,0.6267253450690138,0.5099019803960793,0.6833366673334667,0.7657531506301261,0.710742148429686
10811,LVH,0.0005,True,0.535507101420284,0.3341668333666733,0.1894378875775155,0.46369273854770954,0.2950590118023605,0.22444488897779555,0.20764152830566113,0.27865573114622927,0.535507101420284,0.35027005401080213,0.3180636127225445,0.353870774154831,0.4158831766353271,0.4452890578115623
10811,LVH,0.001,True,0.5423084616923385,0.3424684936987398,0.20724144828965793,0.483496699339868,0.3152630526105221,0.24664932986597318,0.23004600920184037,0.30686137227445487,0.5423084616923385,0.3632726545309062,0.3256651330266053,0.35927185437087417,0.42008401680336066,0.46089217843568714
10811,LVH,0.002,True,0.637127425485097,0.44998999799959993,0.3060612122424485,0.5695139027805561,0.40928185637127423,0.3844768953790758,0.34406881376275256,0.45229045809161833,0.637127425485097,0.44868973794758954,0.41728345669133826,0.4512902580516103,0.5273054610922184,0.5629125825165033
10811,LVH,0.005,True,0.8427685537107421,0.7060412082416483,0.5939187837567513,0.8385677135427085,0.665133026605321,0.7185437087417483,0.6339267853570714,0.7863572714542909,0.8355671134226845,0.6719343868773755,0.6495299059811962,0.6935387077415484,0.781756351270254,0.8427685537107421
18353,LVH,0.0005,True,0.5719143828765754,0.47249449889977996,0.2710542108421684,0.41128225645129024,0.4568913782756551,0.2922584516903381,0.3054610922184437,0.3804760952190438,0.5629125825165033,0.5719143828765754,0.5125025005001,0.513502700540108,0.4880976195239048,0.49229845969193836
18353,LVH,0.001,True,0.5909181836367273,0.4842968593718744,0.2872574514902981,0.4358871774354871,0.4700940188037607,0.3156631326265253,0.3198639727945589,0.4090818163632727,0.5795159031806362,0.5909181836367273,0.5299059811962392,0.5293058611722344,0.508501700340068,0.498499699939988
18353,LVH,0.002,True,0.6767353470694139,0.5842168433686737,0.392878575715143,0.5251050210042009,0.5627125425085017,0.4502900580116023,0.46449289857971593,0.5575115023004601,0.6583316663332667,0.6767353470694139,0.6243248649729946,0.6149229845969194,0.6057211442288458,0.6107221444288857
18353,LVH,0.005,True,0.8661732346469294,0.8210642128425685,0.6865373074614923,0.7891578315663133,0.8091618323664733,0.7505501100220044,0.7501500300060012,0.8091618323664733,0.8461692338467693,0.8661732346469294,0.8429685937187438,0.8329665933186637,0.843368673734747,0.8525705141028206
2179,LVH,0.0005,True,0.5763152630526105,0.4166833366673335,0.3086617323464693,0.42468493698739745,0.5403080616123225,0.33766753350670137,0.35827165433086616,0.4052810562112423,0.5763152630526105,0.4350870174034807,0.392878575715143,0.40868173634726945,0.4526905381076215,0.46269253850770153
2179,LVH,0.001,True,0.5953190638127626,0.4399879975995199,0.33746749349869976,0.4460892178435687,0.5585117023404681,0.36027205441088217,0.3834766953390678,0.4338867773554711,0.5953190638127626,0.44668933786757353,0.3966793358671734,0.41928385677135427,0.46089217843568714,0.4746949389877976
2179,LVH,0.002,True,0.6733346669333867,0.5461092218443688,0.4520904180836167,0.5585117023404681,0.6519303860772154,0.5033006601320265,0.5357071414282857,0.6017203440688138,0.6733346669333867,0.5195039007801561,0.4910982196439288,0.5137027405481096,0.5565113022604521,0.5707141428285657
2179,LVH,0.005,True,0.872374474894979,0.8086617323464693,0.7715543108621724,0.8347669533906782,0.8685737147429486,0.8097619523904781,0.8337667533506702,0.872374474894979,0.862372474494899,0.7053410682136427,0.7425485097019404,0.7809561912382477,0.8075615123024605,0.7971594318863773
3922,LVH,0.0005,True,0.3338667733546709,0.1894378875775155,0.05481096219243849,0.1314262852570514,0.1262252450490098,0.0652130426085217,0.0626125225045009,0.07581516303260652,0.3338667733546709,0.31726345269053813,0.2474494898979796,0.27345469093818764,0.3032606521304261,0.27705541108221643
3922,LVH,0.001,True,0.35327065413082614,0.20194038807761552,0.0624124824964993,0.1408281656331266,0.13482696539307862,0.07321464292858572,0.06841368273654731,0.08381676335267053,0.35327065413082614,0.33846769353870776,0.26305261052210444,0.28885777155431086,0.3170634126825365,0.3026605321064213
3922,LVH,0.002,True,0.4576915383076615,0.27995599119823966,0.11262252450490098,0.21284256851370273,0.20624124824964993,0.13922784556911383,0.1342268453690738,0.16863372674534907,0.4576915383076615,0.43048609721944386,0.34706941388277657,0.3852770554110822,0.42308461692338467,0.3884776955391078
3922,LVH,0.005,True,0.7261452290458091,0.5118023604720944,0.26225245049009804,0.4250850170034007,0.40408081616323266,0.3170634126825365,0.3254650930186037,0.39607921584316863,0.7261452290458091,0.6839367873574715,0.5985197039407881,0.632126425285057,0.6935387077415484,0.6529305861172234
8385,LVH,0.0005,False,0.19243848769753952,0.09851970394078816,0.023604720944188837,0.05961192238447689,0.054210842168433686,0.02600520104020804,0.026805361072214443,0.033806761352270454,0.19243848769753952,0.16043208641728346,0.16543308661732348,0.13742748549709943,0.1394278855771154,0.14762952590518102
8385,LVH,0.001,True,0.20504100820164034,0.10132026405281055,0.02480496099219844,0.0622124424884977,0.056811362272454494,0.028205641128225645,0.03160632126425285,0.041408281656331265,0.20504100820164034,0.16343268653730747,0.16783356671334268,0.14042808561712342,0.14222844568913784,0.15143028605721146
8385,LVH,0.002,True,0.2922584516903381,0.15873174634926987,0.04820964192838568,0.11002200440088018,0.09601920384076815,0.05901180236047209,0.0640128025605121,0.08901780356071214,0.2922584516903381,0.2398479695939188,0.23604720944188837,0.20904180836167233,0.20744148829765954,0.22184436887377476
8385,LVH,0.005,True,0.5477095419083817,0.31976395279055814,0.11302260452090418,0.23664732946589317,0.22444488897779555,0.15263052610522104,0.16403280656131225,0.2340468093618724,0.5477095419083817,0.4634926985397079,0.40968193638727746,0.40588117623524705,0.40288057611522304,0.4206841368273655
8456,LVH,0.0005,True,0.45649129825965196,0.3087617523504701,0.15443088617723544,0.2446489297859572,0.3076615323064613,0.16183236647329466,0.17163432686537308,0.20064012802560513,0.45649129825965196,0.3640728145629126,0.36087217443488695,0.3098619723944789,0.3434686937387478,0.40468093618723744
8456,LVH,0.001,True,0.47229445889177835,0.32076415283056614,0.16443288657731547,0.2596519303860772,0.3188637727545509,0.17303460692138428,0.1858371674334867,0.21704340868173636,0.47229445889177835,0.38007601520304063,0.3774754950990198,0.3226645329065813,0.35607121424284854,0.4216843368673735
8456,LVH,0.002,True,0.5731146229245849,0.4201840368073615,0.25745149029805964,0.3556711342268454,0.42208441688337667,0.28945789157831564,0.3024604920984197,0.352870574114823,0.5731146229245849,0.4568913782756551,0.45649129825965196,0.41828365673134627,0.46269253850770153,0.5377075415083017
8456,LVH,0.005,True,0.8287657531506302,0.6835367073414682,0.5229045809161832,0.6085217043408682,0.6837367473494699,0.5735147029405882,0.6115223044608922,0.6767353470694139,0.7977595519103821,0.6919383876775355,0.6833366673334667,0.6869373874774956,0.752750550110022,0.8287657531506302
7410,LVH,0.0005,True,0.4912982596519304,0.2768553710742149,0.16503300660132025,0.35267053410682137,0.27845569113822766,0.1916383276655331,0.1798359671934387,0.2456491298259652,0.4912982596519304,0.2378475695139028,0.27525505101020203,0.3118623724744949,0.3884776955391078,0.32486497299459893
7410,LVH,0.001,True,0.5081016203240648,0.28975795159031803,0.17623524704940988,0.36867373474694937,0.29525905181036205,0.20724144828965793,0.1956391278255651,0.26905381076215246,0.5081016203240648,0.2456491298259652,0.28425685137027407,0.3190638127625525,0.39887977595519103,0.3388677735547109
7410,LVH,0.002,True,0.6003200640128026,0.39997999599919987,0.28245649129825967,0.47329465893178635,0.39147829565913184,0.33766753350670137,0.3168633726745349,0.4290858171634327,0.6003200640128026,0.3064612922584517,0.35467093418683737,0.40848169633926784,0.49529905981196237,0.4372874574914983
7410,LVH,0.005,True,0.8225645129025805,0.6642328465693139,0.5673134626925385,0.74874974994999,0.6665333066613323,0.6619323864772955,0.625125025005001,0.7401480296059212,0.8225645129025805,0.478495699139828,0.5665133026605321,0.6499299859971994,0.7711542308461692,0.7245449089817964
10702,LVH,0.0005,True,0.5427085417083417,0.4297859571914383,0.29365873174634927,0.41608321664332865,0.48849769953990796,0.32606521304260855,0.3338667733546709,0.3986797359471894,0.5371074214842969,0.34086817363472693,0.4434886977395479,0.47149429885977195,0.5237047409481896,0.5427085417083417
10702,LVH,0.001,True,0.5565113022604521,0.44078815763152634,0.3072614522904581,0.4320864172834567,0.5051010202040408,0.34106821364272855,0.34966993398679735,0.42968593718743747,0.5467093418683737,0.35027005401080213,0.44948989797959593,0.481496299259852,0.5373074614922985,0.5565113022604521
10702,LVH,0.002,True,0.6511302260452091,0.5604120824164833,0.4194838967793559,0.534506901380276,0.5973194638927786,0.46949389877975595,0.4890978195639128,0.5843168633726745,0.6511302260452091,0.44588917783556714,0.5437087417483497,0.5771154230846169,0.6315263052610522,0.6501300260052011
10702,LVH,0.005,True,0.875375075015003,0.7857571514302861,0.6865373074614923,0.7851570314062812,0.8055611122224445,0.74374874974995,0.7449489897979595,0.8341668333666733,0.8691738347669534,0.6877375475095019,0.7661532306461293,0.7863572714542909,0.8415683136627325,0.875375075015003
14453,LVH,0.0005,True,0.5269053810762152,0.372374474894979,0.23904780956191238,0.3652730546109222,0.40488097619523905,0.2570514102820564,0.26705341068213645,0.3280656131226245,0.5269053810762152,0.3794758951790358,0.35247049409881975,0.396879375875175,0.4260852170434087,0.4958991798359672
14453,LVH,0.001,True,0.5453090618123625,0.3869773954790958,0.2624524904980996,0.38947789557911583,0.4274854970994199,0.28225645129025806,0.29165833166633326,0.355871174234847,0.5453090618123625,0.3844768953790758,0.36087217443488695,0.4052810562112423,0.4384876975395079,0.5127025405081016
14453,LVH,0.002,True,0.6295259051810362,0.48599719943988795,0.3796759351870374,0.49429885977195437,0.5157031406281256,0.4288857771554311,0.4380876175235047,0.5177035407081416,0.6295259051810362,0.4520904180836167,0.4346869373874775,0.4776955391078216,0.5353070614122825,0.6115223044608922
14453,LVH,0.005,True,0.8525705141028206,0.7657531506301261,0.6943388677735547,0.7801560312062412,0.7801560312062412,0.7481496299259852,0.7513502700540108,0.8033606721344269,0.8491698339667934,0.6295259051810362,0.6457291458291659,0.7259451890378076,0.8175635127025405,0.8525705141028206
4129,LVH,0.0005,True,0.376875375075015,0.2961592318463693,0.12022404480896179,0.28225645129025806,0.22224444888977796,0.14102820564112822,0.13642728545709143,0.1870374074814963,0.376875375075015,0.34226845369073816,0.3100620124024805,0.3302660532106421,0.33186637327465496,0.3424684936987398
4129,LVH,0.001,True,0.39467893578715746,0.3077615523104621,0.1290258051610322,0.2920584116823365,0.2340468093618724,0.15623124624924986,0.14662932586517302,0.20424084816963392,0.39467893578715746,0.3556711342268454,0.3234646929385877,0.34306861372274455,0.3424684936987398,0.35127025405081014
4129,LVH,0.002,True,0.4968993798759752,0.40498099619923983,0.21224244848969795,0.389877975595119,0.3252650530106021,0.26505301060212044,0.25545109021804363,0.33806761352270454,0.4968993798759752,0.4362872574514903,0.42008401680336066,0.4368873774754951,0.4388877775555111,0.4470894178835767
4129,LVH,0.005,True,0.7745549109821964,0.6657331466293259,0.46569313862772554,0.660132026405281,0.5819163832766553,0.5559111822364473,0.5313062612522504,0.6393278655731146,0.7745549109821964,0.6713342668533707,0.6809361872374475,0.714742948589718,0.7183436687337468,0.6979395879175835
19574,LVH,0.0005,True,0.47209441888377673,0.3210642128425685,0.2506501300260052,0.3056611322264453,0.47209441888377673,0.249249849969994,0.2910582116423285,0.3024604920984197,0.4320864172834567,0.3178635727145429,0.3242648529705941,0.35907181436287255,0.38587717543508704,0.4222844568913783
19574,LVH,0.001,True,0.4920984196839368,0.3356671334266853,0.27845569113822766,0.3184636927385477,0.4920984196839368,0.2646529305861172,0.3188637727545509,0.32026405281056214,0.44968993798759754,0.3338667733546709,0.33746749349869976,0.36667333466693336,0.39367873574714946,0.4362872574514903
19574,LVH,0.002,True,0.582116423284657,0.45349069813962795,0.3770754150830166,0.40708141628325667,0.582116423284657,0.3890778155631126,0.48089617923584715,0.46449289857971593,0.5437087417483497,0.41408281656331264,0.4138827765553111,0.4424884976995399,0.4728945789157832,0.5201040208041608
19574,LVH,0.005,True,0.8241648329665933,0.6951390278055611,0.6951390278055611,0.6577315463092619,0.8241648329665933,0.6841368273654731,0.7943588717743548,0.7563512702540508,0.7925585117023405,0.6461292258451691,0.610122024404881,0.6411282256451291,0.6951390278055611,0.764752950590118
15565,LVH,0.0005,True,0.5969193838767753,0.4402880576115223,0.27045409081816363,0.39247849569913984,0.4422884576915383,0.29045809161832364,0.3038607721544309,0.3472694538907782,0.5969193838767753,0.4492898579715943,0.4382876575315063,0.45929185837167436,0.47349469893978796,0.5427085417083417
15565,LVH,0.001,True,0.6115223044608922,0.4492898579715943,0.2912582516503301,0.4080816163232647,0.46509301860372076,0.3050610122024405,0.3280656131226245,0.37247449489897977,0.6115223044608922,0.45529105821164234,0.4432886577315463,0.46469293858771754,0.48769753950790157,0.5573114622924585
15565,LVH,0.002,True,0.6843368673734747,0.5222044408881776,0.40928185637127423,0.5013002600520104,0.5621124224844969,0.4474894978995799,0.46969393878775756,0.513502700540108,0.6843368673734747,0.5283056611322264,0.5161032206441288,0.5343068613722745,0.5675135027005401,0.6269253850770155
15565,LVH,0.005,True,0.8735747149429886,0.7618523704740948,0.7061412282456492,0.7375475095019004,0.8167633526705341,0.7277455491098219,0.790758151630326,0.7939587917583517,0.8735747149429886,0.7061412282456492,0.6939387877575515,0.7231446289257851,0.7861572314462892,0.8209641928385677
4297,LVH,0.0005,True,0.47109421884376873,0.2928585717143429,0.10842168433686737,0.13982796559311864,0.47109421884376873,0.11182236447289458,0.14742948589717944,0.15523104620924186,0.3282656531306261,0.27525505101020203,0.3104620924184837,0.3120624124824965,0.32686537307461494,0.33566713342668536
4297,LVH,0.001,True,0.48189637927585516,0.3016603320664133,0.11862372474494899,0.14682936587317463,0.48189637927585516,0.1194238847769554,0.15783156631326264,0.16463292658531706,0.34506901380276056,0.2862572514502901,0.3170634126825365,0.31826365273054613,0.33806761352270454,0.34606921384276856
4297,LVH,0.002,True,0.5795159031806362,0.3850770154030806,0.20144028805761152,0.22904580916183237,0.5795159031806362,0.20664132826565312,0.28005601120224044,0.2854570914182837,0.4430886177235447,0.3652730546109222,0.40488097619523905,0.41428285657131425,0.4350870174034807,0.4468893778755751
4297,LVH,0.005,True,0.8087617523504701,0.6224244848969793,0.4292858571714343,0.4412882576515303,0.8087617523504701,0.4300860172034407,0.588117623524705,0.583116623324665,0.7015403080616123,0.5895179035807161,0.6553310662132427,0.6615323064612922,0.6911382276455291,0.7101420284056812
12434,LVH,0.0005,True,0.4264852970594119,0.21934386877375472,0.09141828365673135,0.15983196639327865,0.2788557711542308,0.10502100420084017,0.10942188437687538,0.15543108621724344,0.1260252050410082,0.3576715343068614,0.3782756551310262,0.352870574114823,0.3874774954990998,0.4264852970594119
12434,LVH,0.001,True,0.4450890178035607,0.24044808961792358,0.10242048409681936,0.17623524704940988,0.29925985197039406,0.11462292458491698,0.1262252450490098,0.1816363272654531,0.14022804560912183,0.38307661532306464,0.3912782556511302,0.373874774954991,0.4090818163632727,0.4450890178035607
12434,LVH,0.002,True,0.5487097419483897,0.356871374274855,0.1876375275055011,0.2626525305061012,0.40028005601120226,0.22044408881776356,0.2524504900980196,0.3134626925385077,0.21244248849769953,0.47249449889977996,0.4970994198839768,0.47709541908381675,0.5083016603320664,0.5487097419483897
12434,LVH,0.005,True,0.8349669933986797,0.6477295459091819,0.4556911382276455,0.5501100220044008,0.6683336667333467,0.5027005401080216,0.5701140228045609,0.627125425085017,0.4586917383476695,0.7279455891178236,0.7553510702140428,0.762752550510102,0.786757351470294,0.8349669933986797
4406,LVH,0.0005,True,0.35727145429085816,0.27635527105421087,0.08281656331266253,0.25265053010602123,0.15023004600920184,0.09481896379275855,0.08601720344068814,0.1194238847769554,0.30686137227445487,0.32386477295459093,0.35727145429085816,0.32986597319463895,0.30006001200240046,0.3098619723944789
4406,LVH,0.001,True,0.3704740948189638,0.29625925185037005,0.09081816363272655,0.27545509101820365,0.16563312662532506,0.11462292458491698,0.09981996399279856,0.14002800560112022,0.3170634126825365,0.3368673734746949,0.3704740948189638,0.34406881376275256,0.31826365273054613,0.3280656131226245
4406,LVH,0.002,True,0.46029205841168236,0.39957991598319664,0.16283256651330266,0.3840768153630726,0.2440488097619524,0.21944388877775556,0.1894378875775155,0.2616523304660932,0.41648329665933187,0.4212842568513703,0.46029205841168236,0.4372874574914983,0.41508301660332064,0.4232846569313863
4406,LVH,0.005,True,0.6909381876375275,0.6471294258851771,0.37727545509101823,0.6831366273254651,0.47249449889977996,0.5143028605721144,0.4194838967793559,0.5699139827965594,0.6627325465093019,0.6415283056611323,0.6909381876375275,0.6833366673334667,0.666133226645329,0.6527305461092219
12628,LVH,0.0005,True,0.5413082616523305,0.3906781356271254,0.2960592118423685,0.3864772954590918,0.5013002600520104,0.31066213242648527,0.33086617323464695,0.3634726945389078,0.5413082616523305,0.3340668133626725,0.394878975795159,0.3950790158031606,0.4306861372274455,0.48089617923584715
12628,LVH,0.001,True,0.5573114622924585,0.39997999599919987,0.3138627725545109,0.39827965593118625,0.5169033806761353,0.3236647329465893,0.35807161432286455,0.38487697539507904,0.5573114622924585,0.3388677735547109,0.40208041608321665,0.40168033606721343,0.4348869773954791,0.4878975795159032
12628,LVH,0.002,True,0.6347269453890778,0.49469893978795754,0.41628325665133026,0.47309461892378474,0.6173234646929386,0.4380876175235047,0.509501900380076,0.5133026605321064,0.6347269453890778,0.4052810562112423,0.47929585917183437,0.48009601920384076,0.5093018603720744,0.5671134226845369
12628,LVH,0.005,True,0.8577715543108622,0.7218443688737748,0.7095419083816763,0.7125425085017003,0.8561712342468494,0.7153430686137228,0.8137627525505101,0.7653530706141228,0.8577715543108622,0.5819163832766553,0.6903380676135227,0.7079415883176635,0.7283456691338268,0.7749549909981996
16771,LVH,0.0005,True,0.5153030606121224,0.40088017603520704,0.3120624124824965,0.41328265653130625,0.45609121824364873,0.3236647329465893,0.3576715343068614,0.3692738547709542,0.5153030606121224,0.4264852970594119,0.3996799359871974,0.42468493698739745,0.3834766953390678,0.40208041608321665
16771,LVH,0.001,True,0.5311062212442489,0.4054810962192439,0.32786557311462294,0.42008401680336066,0.46769353870774155,0.33326665333066613,0.38587717543508704,0.38307661532306464,0.5311062212442489,0.4288857771554311,0.40508101620324066,0.4292858571714343,0.3842768553710742,0.40588117623524705
16771,LVH,0.002,True,0.6107221444288857,0.5002000400080016,0.4316863372674535,0.5007001400280056,0.5653130626125225,0.4502900580116023,0.5229045809161832,0.501500300060012,0.6107221444288857,0.5033006601320265,0.48009601920384076,0.4996999399879976,0.46589317863572716,0.48569713942788556
16771,LVH,0.005,True,0.8171634326865373,0.6890378075615122,0.6897379475895179,0.6913382676535307,0.8067613522704541,0.6883376675335067,0.8075615123024605,0.7303460692138428,0.8171634326865373,0.6721344268853771,0.6435287057411482,0.6583316663332667,0.6527305461092219,0.6831366273254651
5823,LVH,0.0005,True,0.36207241448289657,0.16263252650530105,0.060012002400480095,0.09061812362472495,0.10662132426485298,0.0618123624724945,0.0614122824564913,0.0616123224644929,0.2420484096819364,0.21864372874574914,0.24524904980996198,0.33806761352270454,0.35167033406681336,0.36207241448289657
5823,LVH,0.001,True,0.3742748549709942,0.17533506701340268,0.07181436287257452,0.10042008401680336,0.12122424484896979,0.07141428285657131,0.07821564312862572,0.07101420284056811,0.257251450290058,0.22944588917783557,0.2546509301860372,0.35367073414682937,0.3646729345869174,0.3742748549709942
5823,LVH,0.002,True,0.4878975795159032,0.25825165033006603,0.1250250050010002,0.15603120624124825,0.1892378475695139,0.13542708541708343,0.14842968593718744,0.1408281656331266,0.34546909381876373,0.3272654530906181,0.35447089417883576,0.4568913782756551,0.4776955391078216,0.4878975795159032
5823,LVH,0.005,True,0.7559511902380476,0.47169433886777357,0.28765753150630125,0.3462692538507702,0.3856771354270854,0.3246649329865973,0.3510702140428086,0.357871574314863,0.590118023604721,0.5577115423084616,0.6169233846769354,0.7331466293258652,0.7559511902380476,0.7515503100620124
12379,LVH,0.0005,True,0.5573114622924585,0.44938987797559515,0.34426885377075417,0.4530906181236247,0.5573114622924585,0.3704740948189638,0.38787757551510305,0.44568913782756553,0.50750150030006,0.40928185637127423,0.4558911782356471,0.5009001800360072,0.4946989397879576,0.352870574114823
12379,LVH,0.001,True,0.5819163832766553,0.47199439887977596,0.3622724544908982,0.4708941788357672,0.5819163832766553,0.3880776155231046,0.4194838967793559,0.48009601920384076,0.5219043808761752,0.42588517703540707,0.47309461892378474,0.5137027405481096,0.5013002600520104,0.36007201440288056
12379,LVH,0.002,True,0.660132026405281,0.5672134426885377,0.4888977795559112,0.5667133426685337,0.660132026405281,0.5321064212842569,0.5671134226845369,0.6177235447089418,0.6007201440288058,0.5361072214442889,0.5673134626925385,0.6065213042608522,0.5949189837967593,0.47069413882776556
12379,LVH,0.005,True,0.8749749949989998,0.836867373474695,0.7855571114222845,0.8263652730546109,0.8749749949989998,0.8083616723344669,0.8409681936387278,0.8523704740948189,0.8271654330866173,0.8425685137027406,0.8587717543508702,0.8449689937987598,0.8327665533106622,0.7291458291658331
17652,LVH,0.0005,True,0.3378675735147029,0.23114622924584916,0.08921784356871375,0.23144628925785157,0.1826365273054611,0.10602120424084817,0.10322064412882577,0.16083216643328666,0.27745549109821965,0.33566713342668536,0.29365873174634927,0.3138627725545109,0.23084616923384677,0.3378675735147029
17652,LVH,0.001,True,0.34806961392278457,0.25615123024604924,0.10062012402480495,0.2494498899779956,0.1940388077615523,0.11862372474494899,0.11162232446489298,0.18383676735347068,0.28485697139427885,0.34806961392278457,0.3156631326265253,0.3272654530906181,0.2628525705141028,0.34286857371474294
17652,LVH,0.002,True,0.4412882576515303,0.33846769353870776,0.1842368473694739,0.3492698539707942,0.27985597119423883,0.22764552910582117,0.21324264852970595,0.3136627325465093,0.3760752150430086,0.4412882576515303,0.4370874174834967,0.4366873374674935,0.32766553310662133,0.43248649729945987
17652,LVH,0.005,True,0.7591518303660733,0.6111222244448891,0.4244848969793959,0.6487297459491899,0.5297059411882377,0.534506901380276,0.48249649929986,0.6169233846769354,0.6053210642128426,0.6949389877975595,0.7591518303660733,0.7355471094218844,0.5735147029405882,0.6697339467893578
1358,LVH,0.0005,True,0.5797159431886377,0.41738347669533904,0.3556711342268454,0.4138827765553111,0.49329865973194637,0.358871774354871,0.38667733546709343,0.391878375675135,0.5797159431886377,0.46789357871574316,0.3784756951390278,0.42088417683536705,0.49229845969193836,0.5401080216043208
1358,LVH,0.001,True,0.594118823764753,0.4317863572714543,0.3730746149229846,0.43048609721944386,0.5067013402680536,0.3790758151630326,0.40388077615523105,0.41248249649929986,0.594118823764753,0.4776955391078216,0.39167833566713345,0.4330866173234647,0.5111022204440888,0.5541108221644329
1358,LVH,0.002,True,0.6623324664932987,0.5363072614522905,0.481496299259852,0.5157031406281256,0.5835167033406682,0.4966993398679736,0.5391078215643129,0.533506701340268,0.6623324664932987,0.5433086617323465,0.46309261852370476,0.5157031406281256,0.5971194238847769,0.6333266653330666
1358,LVH,0.005,True,0.8755751150230046,0.79125825165033,0.7631526305261053,0.7697539507901581,0.8011602320464093,0.791758351670334,0.8035607121424285,0.790758151630326,0.8427685537107421,0.7181436287257451,0.6841368273654731,0.7441488297659532,0.8523704740948189,0.8755751150230046
4398,LVH,0.0005,True,0.49329865973194637,0.37317463492698544,0.2600520104020804,0.39847969593918786,0.45509101820364073,0.29145829165833165,0.3004600920184037,0.35087017403480697,0.49329865973194637,0.39987997599519903,0.22104420884176834,0.41048209641928385,0.16243248649729947,0.39547909581916385
4398,LVH,0.001,True,0.5089017803560713,0.382376475295059,0.27665533106621326,0.40788157631526306,0.46929385877175434,0.3034606921384277,0.3158631726345269,0.3636727345469094,0.5089017803560713,0.41408281656331264,0.22844568913782756,0.4196839367873575,0.1764352870574115,0.40108021604320865
4398,LVH,0.002,True,0.5935187037407481,0.5033006601320265,0.38967793558711744,0.5109021804360873,0.5693138627725545,0.4408881776355271,0.46289257851570315,0.5137027405481096,0.5935187037407481,0.5029005801160232,0.3166633326665333,0.510502100420084,0.25165033006601323,0.5037007401480296
4398,LVH,0.005,True,0.8231646329265854,0.75625125025005,0.6863372674534907,0.7609521904380876,0.8231646329265854,0.7333466693338667,0.7673534706941388,0.7991598319663933,0.8221644328865774,0.7405481096219244,0.5755151030206042,0.7515503100620124,0.4738947789557912,0.7805561112222444
18147,LVH,0.0005,True,0.5645129025805161,0.45199039807961594,0.22564512902580516,0.35547109421884376,0.4482896579315863,0.2514502900580116,0.2568513702740548,0.3222644528905781,0.5209041808361672,0.4556911382276455,0.46009201840368075,0.4920984196839368,0.5191038207641528,0.5645129025805161
18147,LVH,0.001,True,0.5783156631326265,0.46459291858371676,0.24284856971394278,0.3790758151630326,0.47649529905981197,0.27245449089817964,0.28585717143428685,0.35607121424284854,0.5391078215643129,0.46289257851570315,0.4662932586517303,0.4960992198439688,0.5243048609721944,0.5783156631326265
18147,LVH,0.002,True,0.6567313462692539,0.542008401680336,0.3646729345869174,0.4840968193638728,0.5741148229645929,0.4216843368673735,0.4424884976995399,0.5141028205641128,0.6243248649729946,0.5411082216443288,0.5429085817163433,0.5659131826365273,0.6003200640128026,0.6567313462692539
18147,LVH,0.005,True,0.863372674534907,0.7676535307061412,0.6933386677335467,0.7515503100620124,0.8581716343268654,0.7381476295259052,0.78375675135027,0.8153630726145229,0.863372674534907,0.7325465093018604,0.7411482296459292,0.7419483896779356,0.7879575915183037,0.841368273654731
10551,LVH,0.0005,True,0.5553110622124425,0.3879775955191038,0.23364672934586916,0.3910782156431286,0.38487697539507904,0.264252850570114,0.2614522904580916,0.3104620924184837,0.5553110622124425,0.42968593718743747,0.3976795359071814,0.41328265653130625,0.3330666133226645,0.4284856971394279
10551,LVH,0.001,True,0.5717143428685737,0.40288057611522304,0.2524504900980196,0.40408081616323266,0.40168033606721343,0.28245649129825967,0.28365673134626923,0.3322664532906581,0.5717143428685737,0.4372874574914983,0.4052810562112423,0.41808361672334465,0.33906781356271254,0.4342868573714743
10551,LVH,0.002,True,0.657131426285257,0.4953990798159632,0.3784756951390278,0.50250050010002,0.5081016203240648,0.43248649729945987,0.43048609721944386,0.4918983796759352,0.657131426285257,0.5237047409481896,0.4796959391878376,0.4988997799559912,0.4460892178435687,0.538507701540308
10551,LVH,0.005,True,0.8739747949589918,0.7440488097619524,0.6915383076615323,0.7681536307261452,0.7883576715343069,0.7441488297659532,0.7439487897579516,0.786757351470294,0.8739747949589918,0.7183436687337468,0.668133626725345,0.6955391078215644,0.7241448289657931,0.7717543508701741
18030,LVH,0.0005,True,0.3644728945789158,0.26025205041008204,0.10922184436887378,0.21724344868973794,0.22824564912982598,0.11462292458491698,0.1210242048409682,0.15143028605721146,0.3644728945789158,0.2922584516903381,0.33146629325865173,0.3632726545309062,0.3550710142028406,0.34086817363472693
18030,LVH,0.001,True,0.3744748949789958,0.26805361072214445,0.123624724944989,0.22744548909781956,0.240248049609922,0.1268253650730146,0.13382676535307061,0.16363272654530905,0.3744748949789958,0.2958591718343669,0.3348669733946789,0.3690738147629526,0.359871974394879,0.3482696539307862
18030,LVH,0.002,True,0.4680936187237448,0.3612722544508902,0.21084216843368675,0.3084616923384677,0.3312662532506501,0.23564712942588517,0.24664932986597318,0.28685737147429485,0.4680936187237448,0.3912782556511302,0.42488497699539907,0.4614922984596919,0.46129225845169036,0.4538907781556311
18030,LVH,0.005,True,0.7181436287257451,0.5965193038607721,0.46189237847569514,0.5585117023404681,0.5883176635327065,0.5197039407881576,0.5411082216443288,0.594118823764753,0.6839367873574715,0.5989197839567914,0.6137227445489097,0.6781356271254251,0.7171434286857371,0.7181436287257451
138,LVH,0.0005,True,0.4928985797159432,0.1978395679135827,0.17243448689737947,0.1988397679535907,0.3280656131226245,0.16003200640128026,0.1920384076815363,0.19143828765753151,0.4928985797159432,0.39527905581116224,0.22684536907381475,0.19683936787357473,0.1764352870574115,0.20784156831366274
138,LVH,0.001,True,0.5017003400680136,0.21194238847769553,0.20104020804160833,0.21204240848169634,0.34506901380276056,0.1770354070814163,0.21664332866573316,0.21044208841768353,0.5017003400680136,0.40328065613122627,0.23704740948189637,0.20764152830566113,0.1840368073614723,0.21184236847369473
138,LVH,0.002,True,0.6113222644528906,0.3173634726945389,0.3166633326665333,0.3148629725945189,0.4606921384276855,0.3178635727145429,0.38107621524304863,0.356871374274855,0.6113222644528906,0.5121024204840968,0.3168633726745349,0.3018603720744149,0.27865573114622927,0.29365873174634927
138,LVH,0.005,True,0.7985597119423885,0.6275255051010202,0.6279255851170235,0.6047209441888378,0.7245449089817964,0.627125425085017,0.7239447889577916,0.6737347469493898,0.7985597119423885,0.736747349469894,0.5367073414682937,0.5413082616523305,0.5553110622124425,0.5431086217243448
14351,LVH,0.0005,True,0.4960992198439688,0.4069813962792559,0.19583916783356672,0.2978595719143829,0.40588117623524705,0.21904380876175236,0.22264452890578115,0.2664532906581316,0.4910982196439288,0.4080816163232647,0.45449089817963595,0.4372874574914983,0.4374874974994999,0.4960992198439688
14351,LVH,0.001,True,0.5047009401880376,0.4231846369273855,0.21484296859371874,0.3134626925385077,0.4298859771954391,0.23584716943388678,0.2456491298259652,0.29085817163432687,0.504500900180036,0.41648329665933187,0.46189237847569514,0.4472894578915783,0.44948989797959593,0.5047009401880376
14351,LVH,0.002,True,0.5895179035807161,0.5054010802160431,0.3234646929385877,0.41608321664332865,0.5219043808761752,0.36687337467493497,0.38287657531506303,0.4342868573714743,0.5873174634926985,0.48949789957991596,0.5379075815163032,0.5213042608521704,0.5337067413482697,0.5895179035807161
14351,LVH,0.005,True,0.7987597519503901,0.7070414082816563,0.6033206641328266,0.6819363872774555,0.7531506301260252,0.6619323864772955,0.6777355471094219,0.7233446689337868,0.7987597519503901,0.6735347069413883,0.7061412282456492,0.7079415883176635,0.7305461092218444,0.7741548309661932
21537,LVH,0.0005,True,0.5089017803560713,0.3674734946989398,0.27945589117823566,0.3424684936987398,0.5067013402680536,0.28465693138627723,0.32486497299459893,0.34106821364272855,0.40928185637127423,0.3586717343468694,0.3762752550510102,0.4378875775155031,0.48369673934786955,0.5089017803560713
21537,LVH,0.001,True,0.53250650130026,0.3785757151430286,0.2994598919783957,0.354870974194839,0.53250650130026,0.30026005201040207,0.357871574314863,0.35747149429885977,0.42388477695539106,0.3712742548509702,0.38587717543508704,0.4440888177635527,0.49329865973194637,0.5195039007801561
21537,LVH,0.002,True,0.6185237047409482,0.49809961992398477,0.4184836967393479,0.4470894178835767,0.6185237047409482,0.4240848169633927,0.495499099819964,0.5029005801160232,0.5007001400280056,0.44388877775555113,0.4652930586117223,0.5177035407081416,0.5685137027405481,0.5885177035407081
21537,LVH,0.005,True,0.874374874974995,0.7216443288657732,0.6941388277655531,0.6833366673334667,0.874374874974995,0.6909381876375275,0.8223644728945789,0.7709541908381676,0.7329465893178636,0.6509301860372074,0.6915383076615323,0.7103420684136827,0.7615523104620924,0.7931586317263453
11163,LVH,0.0005,True,0.45509101820364073,0.38917783556711344,0.30206041208241646,0.39827965593118625,0.45509101820364073,0.32586517303460694,0.3302660532106421,0.40088017603520704,0.41228245649129824,0.352870574114823,0.38007601520304063,0.378875775155031,0.41348269653930786,0.4336867373474695
11163,LVH,0.001,True,0.47789557911582314,0.40088017603520704,0.3114622924584917,0.41208241648329663,0.47789557911582314,0.3378675735147029,0.3416683336667333,0.4310862172434487,0.4308861772354471,0.36087217443488695,0.38687737547509504,0.38967793558711744,0.42308461692338467,0.4454890978195639
11163,LVH,0.002,True,0.5767153430686137,0.48059611922384476,0.4128825765153031,0.4840968193638728,0.5767153430686137,0.4528905781156231,0.47709541908381675,0.5731146229245849,0.514502900580116,0.4234846969393879,0.4510902180436087,0.46089217843568714,0.4998999799959992,0.5189037807561512
11163,LVH,0.005,True,0.8401680336067213,0.7157431486297259,0.6745349069813963,0.7135427085417083,0.8351670334066813,0.6955391078215644,0.7539507901580316,0.8401680336067213,0.796759351870374,0.6133226645329066,0.6429285857171434,0.6763352670534106,0.7179435887177436,0.7411482296459292
18429,LVH,0.0005,True,0.4680936187237448,0.38787757551510305,0.28225645129025806,0.4204840968193639,0.4348869773954791,0.3070614122824565,0.3154630926185237,0.3684736947389478,0.4100820164032807,0.38947789557911583,0.3744748949789958,0.3862772554510902,0.41128225645129024,0.4680936187237448
18429,LVH,0.001,True,0.4832966593318664,0.3988797759551911,0.3084616923384677,0.4418883776755351,0.45709141828365674,0.33166633326665335,0.34206841368273655,0.39607921584316863,0.4334866973394679,0.40028005601120226,0.3840768153630726,0.39747949589917986,0.4232846569313863,0.4832966593318664
18429,LVH,0.002,True,0.5681136227245449,0.5053010602120425,0.4316863372674535,0.529505901180236,0.5499099819963993,0.47129425885177034,0.4968993798759752,0.536507301460292,0.5137027405481096,0.4728945789157832,0.4584916983396679,0.48209641928385677,0.5195039007801561,0.5681136227245449
18429,LVH,0.005,True,0.8235647129425885,0.7728545709141829,0.7419483896779356,0.7719543908781756,0.7811562312462492,0.7737547509501901,0.7825565113022604,0.7821564312862572,0.747749549909982,0.6779355871174235,0.6723344668933787,0.7499499899979996,0.7799559911982397,0.8235647129425885
8878,LVH,0.0005,True,0.6257251450290058,0.4394878975795159,0.3120624124824965,0.4426885377075415,0.5279055811162232,0.34406881376275256,0.36027205441088217,0.45509101820364073,0.6257251450290058,0.4282856571314263,0.4388877775555111,0.4376875375075015,0.44008801760352073,0.4700940188037607
8878,LVH,0.001,True,0.6457291458291659,0.4485897179435887,0.3252650530106021,0.46089217843568714,0.5421084216843368,0.36207241448289657,0.375875175035007,0.4872974594918984,0.6457291458291659,0.4386877375475095,0.44948989797959593,0.4460892178435687,0.44768953790758154,0.484496899379876
8878,LVH,0.002,True,0.7185437087417483,0.5422084416883377,0.4402880576115223,0.5615123024604921,0.6249249849969994,0.5009001800360072,0.5149029805961193,0.6423284656931386,0.7185437087417483,0.5183036607321464,0.53250650130026,0.536507301460292,0.5479095819163833,0.5879175835167033
8878,LVH,0.005,True,0.8957791558311662,0.7949589917983597,0.7259451890378076,0.8321664332866573,0.8255651130226045,0.7939587917583517,0.7711542308461692,0.8661732346469294,0.8957791558311662,0.7525505101020205,0.7509501900380076,0.7959591918383677,0.7875575115023005,0.839367873574715
4022,LVH,0.0005,True,0.4614922984596919,0.35487097419483893,0.3004600920184037,0.4432886577315463,0.4378875775155031,0.3164632926585317,0.3134626925385077,0.36867373474694937,0.44388877775555113,0.34106821364272855,0.29145829165833165,0.33546709341868375,0.3702740548109622,0.4614922984596919
4022,LVH,0.001,True,0.47429485897179435,0.3692738547709542,0.32986597319463895,0.4596919383876775,0.45649129825965196,0.33926785357071415,0.33526705341068214,0.39247849569913984,0.46749349869973994,0.3596719343868774,0.30586117223444687,0.34366873374674933,0.378875775155031,0.47429485897179435
4022,LVH,0.002,True,0.5763152630526105,0.4908981796359272,0.4526905381076215,0.5599119823964793,0.5561112222444489,0.4916983396679336,0.4900980196039208,0.5633126625325064,0.5727145429085817,0.4498899779955991,0.3902780556111222,0.42868573714742947,0.47629525905181036,0.5763152630526105
4022,LVH,0.005,True,0.8459691938387678,0.8130626125225044,0.7831566313262652,0.8117623524704941,0.8289657931586317,0.8147629525905181,0.8143628725745149,0.8457691538307661,0.8459691938387678,0.7199439887977596,0.6503300660132026,0.6747349469893978,0.7237447489497899,0.8395679135827165
16689,LVH,0.0005,True,0.352870574114823,0.2454490898179636,0.08621724344868974,0.20424084816963392,0.16743348669733946,0.09081816363272655,0.09441888377675535,0.120624124824965,0.352870574114823,0.34526905381076217,0.28665733146629324,0.3088617723544709,0.2882576515303061,0.34946989397879574
16689,LVH,0.001,True,0.3672734546909382,0.25215043008601723,0.09401880376075215,0.21084216843368675,0.1896379275855171,0.09741948389677936,0.10902180436087218,0.13682736547309463,0.3672734546909382,0.3652730546109222,0.3062612522504501,0.3206641328265653,0.29345869173834765,0.3540708141628326
16689,LVH,0.002,True,0.46029205841168236,0.34306861372274455,0.17383476695339067,0.2956591318263653,0.2740548109621924,0.20244048809761953,0.21024204840968194,0.2504500900180036,0.46029205841168236,0.45829165833166635,0.40648129625925183,0.42028405681136227,0.39047809561912383,0.4536907381476295
16689,LVH,0.005,True,0.716743348669734,0.6128225645129026,0.4044808961792358,0.5173034606921384,0.5783156631326265,0.46729345869173833,0.4938987797559512,0.5533106621324265,0.7007401480296059,0.716743348669734,0.6915383076615323,0.6895379075815163,0.6473294658931786,0.6855371074214843
10907,LVH,0.0005,True,0.6375275055011003,0.4700940188037608,0.3282656531306261,0.4950990198039608,0.46989397879575917,0.359871974394879,0.359871974394879,0.46929385877175434,0.6375275055011003,0.4472894578915783,0.47029405881176234,0.4992998599719944,0.5349069813962792,0.5593118623724745
10907,LVH,0.001,True,0.6509301860372074,0.49459891978395676,0.33906781356271254,0.5169033806761353,0.4896979395879176,0.3736747349469894,0.3742748549709942,0.499499899979996,0.6509301860372074,0.46389277855571115,0.4872974594918984,0.5175035007001401,0.5505101020204041,0.5771154230846169
10907,LVH,0.002,True,0.7277455491098219,0.5850170034006801,0.4414882976595319,0.6057211442288458,0.5787157431486297,0.5099019803960793,0.5017003400680136,0.6447289457891578,0.7277455491098219,0.5557111422284456,0.5689137827565514,0.5913182636527305,0.6295259051810362,0.6703340668133627
10907,LVH,0.005,True,0.9051810362072414,0.8129625925185038,0.7195439087817563,0.8845769153830766,0.8153630726145229,0.7861572314462892,0.7643528705741148,0.8715743148629725,0.8767753550710142,0.7873574714942989,0.791758351670334,0.8105621124224845,0.8505701140228046,0.9051810362072414
12663,LVH,0.0005,True,0.3200640128025605,0.2471494298859772,0.17423484696939387,0.23124624924984996,0.19723944788957792,0.15883176635327065,0.16863372674534907,0.16523304660932187,0.26965393078615724,0.3050610122024405,0.3178635727145429,0.26305261052210444,0.2730546109221844,0.3200640128025605
12663,LVH,0.001,True,0.32386477295459093,0.25295059011802357,0.1894378875775155,0.23864772954590918,0.20844168833766755,0.17043408681736347,0.19143828765753151,0.18043608721744347,0.27565513102620526,0.3224644928985797,0.3228645729145829,0.267253450690138,0.27425485097019403,0.32386477295459093
12663,LVH,0.002,True,0.40328065613122627,0.3411682336467293,0.3108621724344869,0.32486497299459893,0.3098619723944789,0.3004600920184037,0.34506901380276056,0.2922584516903381,0.35347069413882776,0.40328065613122627,0.39427885577115424,0.33726745349069814,0.34646929385877173,0.3996799359871974
12663,LVH,0.005,True,0.737747549509902,0.6116223244648931,0.6599319863972795,0.5679135827165434,0.638127625525105,0.6249249849969994,0.737747549509902,0.589117823564713,0.5983196639327866,0.6753350670134027,0.596119223844769,0.5661132226445289,0.5949189837967593,0.659131826365273
15288,LVH,0.0005,True,0.4364872974594919,0.3705741148229646,0.1826365273054611,0.2626525305061012,0.4308861772354471,0.19523904780956192,0.22904580916183237,0.27065413082616524,0.4338867773554711,0.34886977395479096,0.39467893578715746,0.39227845569113823,0.40848169633926784,0.4364872974594919
15288,LVH,0.001,True,0.46229245849169837,0.38987797559511905,0.19903980796159232,0.2788557711542308,0.45229045809161833,0.21064212842568514,0.2484496899379876,0.29825965193038606,0.4536907381476295,0.3714742948589718,0.41428285657131425,0.40828165633126623,0.4292858571714343,0.46229245849169837
15288,LVH,0.002,True,0.5693138627725545,0.4917983596719344,0.3054610922184437,0.37727545509101823,0.5411082216443288,0.3330666133226645,0.3784756951390278,0.4368873774754951,0.5543108621724345,0.4776955391078216,0.5143028605721144,0.5059011802360472,0.5251050210042009,0.5693138627725545
15288,LVH,0.005,True,0.8599719943988797,0.7727545509101821,0.5877175435087018,0.6509301860372074,0.7765553110622124,0.6307261452290458,0.6901380276055211,0.7283456691338268,0.7981596319263853,0.7831566313262652,0.7869573914782957,0.7689537907581516,0.8351670334066813,0.8599719943988797
3218,LVH,0.0005,True,0.5227045409081816,0.4662932586517303,0.33246649329865974,0.41888377675535104,0.4614922984596919,0.34006801360272054,0.3680736147229446,0.3786757351470294,0.5193038607721544,0.4728945789157832,0.47109421884376873,0.47229445889177835,0.5201040208041608,0.5227045409081816
3218,LVH,0.001,True,0.5373074614922985,0.48139627925585116,0.357871574314863,0.4308861772354471,0.48769753950790157,0.3540708141628326,0.39947989597919586,0.39427885577115424,0.5373074614922985,0.48769753950790157,0.48069613922784554,0.48209641928385677,0.5263052610522104,0.53250650130026
3218,LVH,0.002,True,0.6117223444688937,0.5549109821964393,0.47209441888377673,0.5143028605721144,0.5915183036607321,0.4862972594518904,0.5419083816763353,0.5283056611322264,0.6117223444688937,0.5515103020604121,0.5583116623324665,0.5685137027405481,0.5983196639327866,0.6071214242848569
3218,LVH,0.005,True,0.8577715543108622,0.7742548509701941,0.760752150430086,0.7321464292858572,0.8577715543108622,0.7589517903580716,0.8355671134226845,0.7923584716943388,0.8143628725745149,0.734746949389878,0.7533506701340268,0.7747549509901981,0.7737547509501901,0.8107621524304861
13837,LVH,0.0005,True,0.44568913782756553,0.21714342868573713,0.033806761352270454,0.119623924784957,0.0592118423684737,0.04240848169633927,0.034206841368273656,0.04540908181636327,0.381876375275055,0.3146629325865173,0.3242648529705941,0.3852770554110822,0.3170634126825365,0.44568913782756553
13837,LVH,0.001,True,0.4528905781156231,0.22304460892178435,0.038207641528305664,0.1252250450090018,0.0634126825365073,0.046409281856371276,0.03780756151230246,0.05261052210442088,0.396879375875175,0.3222644528905781,0.3310662132426485,0.3900780156031206,0.3208641728345669,0.4528905781156231
13837,LVH,0.002,True,0.54250850170034,0.2914582916583317,0.07621524304860972,0.18863772754550912,0.10002000400080016,0.09481896379275855,0.07481496299259852,0.10722144428885777,0.48269653930786155,0.39427885577115424,0.4186837367473495,0.47989597919583915,0.42188437687537506,0.54250850170034
13837,LVH,0.005,True,0.741748349669934,0.4866973394678936,0.1736347269453891,0.3862772554510902,0.21224244848969795,0.23224644928985796,0.18043608721744347,0.26025205041008204,0.741748349669934,0.587117423484697,0.6409281856371274,0.6879375875175034,0.6851370274054811,0.7385477095419084
21285,LVH,0.0005,True,0.47689537907581514,0.3189637927585517,0.2654530906181236,0.33666733346669336,0.43908781756351273,0.27445489097819564,0.29425885177035405,0.3162632526505301,0.46709341868373677,0.2608521704340868,0.2594518903780756,0.3216643328665733,0.394878975795159,0.47689537907581514
21285,LVH,0.001,True,0.4840968193638728,0.3274654930986197,0.28845769153830764,0.34146829365873177,0.4510902180436087,0.27945589117823566,0.3154630926185237,0.3284656931386277,0.4746949389877976,0.27905581116223244,0.27165433086617324,0.3264652930586117,0.39747949589917986,0.4840968193638728
21285,LVH,0.002,True,0.5627125425085017,0.4373874774954991,0.3802760552110422,0.42868573714742947,0.5369073814762952,0.3910782156431286,0.45169033806761355,0.4460892178435687,0.5403080616123225,0.35347069413882776,0.354870974194839,0.39947989597919586,0.4728945789157832,0.5627125425085017
21285,LVH,0.005,True,0.7581516303260653,0.6655331066213244,0.6415283056611323,0.6383276655331066,0.7421484296859372,0.6491298259651931,0.7393478695739147,0.6819363872774555,0.7175435087017403,0.6001200240048009,0.5827165433086617,0.6087217443488697,0.6879375875175034,0.7581516303260653
13919,LVH,0.0005,True,0.6145229045809162,0.502000400080016,0.3584716943388678,0.5157031406281256,0.5247049409881976,0.3890778155631126,0.38967793558711744,0.4350870174034807,0.6145229045809162,0.4802960592118424,0.4882976595319064,0.5253050610122024,0.5251050210042009,0.5661132226445289
13919,LVH,0.001,True,0.6347269453890778,0.5103020604120825,0.379875975195039,0.5257051410282056,0.54250850170034,0.40768153630726145,0.40828165633126623,0.44968993798759754,0.6347269453890778,0.4908981796359272,0.4948989797959592,0.5293058611722344,0.531506301260252,0.5735147029405882
13919,LVH,0.002,True,0.7085417083416683,0.5948189637927586,0.4852970594118824,0.6055211042208442,0.6399279855971194,0.5339067813562712,0.546509301860372,0.5917183436687338,0.7085417083416683,0.5569113822764553,0.5631126225245049,0.5979195839167833,0.6001200240048009,0.640128025605121
13919,LVH,0.005,True,0.888377675535107,0.8056611322264453,0.7765553110622124,0.8157631526305261,0.8727745549109822,0.8065613122624525,0.8425685137027406,0.8537707541508301,0.888377675535107,0.7155431086217243,0.735747149429886,0.76375275055011,0.7835567113422685,0.8047609521904381
7198,LVH,0.0005,True,0.4264852970594119,0.2839567913582717,0.1284256851370274,0.27925585117023405,0.21284256851370273,0.14222844568913784,0.13162632526505302,0.16023204640928185,0.3874774954990998,0.28865773154630925,0.3674734946989398,0.40408081616323266,0.3860772154430886,0.4264852970594119
7198,LVH,0.001,True,0.4342868573714743,0.2945589117823565,0.14522904580916182,0.28745749149829963,0.22964592918583718,0.15363072614522905,0.15783156631326264,0.1746349269853971,0.40308061612322466,0.3016603320664133,0.3766753350670134,0.40888177635527106,0.3890778155631126,0.4342868573714743
7198,LVH,0.002,True,0.5171034206841368,0.3920784156831366,0.24004800960192038,0.38307661532306464,0.3282656531306261,0.2730546109221844,0.2720544108821764,0.3072614522904581,0.4996999399879976,0.40108021604320865,0.46189237847569514,0.5027005401080216,0.480496099219844,0.5171034206841368
7198,LVH,0.005,True,0.7503500700140028,0.6397279455891178,0.4996999399879976,0.6175235047009402,0.6089217843568714,0.5645129025805161,0.5757151430286057,0.610122024404881,0.7503500700140028,0.6619323864772955,0.6763352670534106,0.712742548509702,0.6915383076615323,0.7143428685737148
21772,LVH,0.0005,True,0.45789157831566313,0.3312662532506502,0.16843368673734746,0.34606921384276856,0.28425685137027407,0.19723944788957792,0.18623724744948988,0.22344468893778754,0.45789157831566313,0.34146829365873177,0.32106421284256853,0.3550710142028406,0.3632726545309062,0.42488497699539907
21772,LVH,0.001,True,0.47229445889177835,0.3368673734746949,0.17963592718543708,0.35527105421084215,0.3104620924184837,0.21044208841768353,0.20824164832966593,0.24044808961792358,0.47229445889177835,0.35047009401880375,0.3232646529305861,0.36107221444288856,0.3692738547709542,0.4306861372274455
21772,LVH,0.002,True,0.5571114222844569,0.41938387677535505,0.2892578515703141,0.4450890178035607,0.4072814562912582,0.34426885377075417,0.3434686937387478,0.39247849569913984,0.5571114222844569,0.43148629725945187,0.40208041608321665,0.45349069813962795,0.46789357871574316,0.5169033806761353
21772,LVH,0.005,True,0.7711542308461692,0.6915383076615323,0.5999199839967994,0.6859371874374875,0.6983396679335867,0.6475295059011802,0.6693338667733547,0.7005401080216043,0.7711542308461692,0.6275255051010202,0.6103220644128826,0.6971394278855771,0.7455491098219644,0.744748949789958
12087,LVH,0.0005,True,0.41988397679535905,0.3039607921584317,0.1860372074414883,0.27065413082616524,0.40028005601120226,0.1940388077615523,0.21604320864172835,0.2474494898979796,0.40788157631526306,0.28605721144228846,0.3218643728745749,0.3764752950590118,0.378875775155031,0.41988397679535905
12087,LVH,0.001,True,0.4250850170034007,0.3118623724744949,0.19663932786557312,0.28365673134626923,0.4100820164032807,0.20524104820964192,0.23144628925785157,0.264252850570114,0.4216843368673735,0.29545909181836366,0.3282656531306261,0.3802760552110422,0.3882776555311062,0.4250850170034007
12087,LVH,0.002,True,0.5179035807161432,0.41438287657531503,0.3098619723944789,0.3874774954990998,0.514502900580116,0.3386677335467093,0.3842768553710742,0.41028205641128224,0.5131026205241048,0.3710742148429686,0.4184836967393479,0.4738947789557912,0.47989597919583915,0.5179035807161432
12087,LVH,0.005,True,0.755751150230046,0.6981396279255851,0.6087217443488697,0.6645329065813163,0.7431486297259452,0.6455291058211642,0.7007401480296059,0.705741148229646,0.7451490298059612,0.6099219843968794,0.6521304260852171,0.6955391078215644,0.7329465893178636,0.755751150230046
12904,LVH,0.0005,True,0.32406481296259254,0.1867373474694939,0.17283456691338267,0.239247849569914,0.32406481296259254,0.16503300660132025,0.20524104820964192,0.20344068813762753,0.2518503700740148,0.1220244048809762,0.15043008601720345,0.15143028605721146,0.1746349269853971,0.1988397679535907
12904,LVH,0.001,True,0.33826765353070615,0.19663932786557312,0.1864372874574915,0.248249649929986,0.33826765353070615,0.17663532706541307,0.22604520904180836,0.21704340868173636,0.2550510102020404,0.128625725145029,0.15463092618523705,0.15583116623324664,0.1822364472894579,0.20684136827365474
12904,LVH,0.002,True,0.43528705741148227,0.2989597919583917,0.29525905181036205,0.33606721344268853,0.43528705741148227,0.3026605321064213,0.3694738947789558,0.34986997399479897,0.33046609321864373,0.1850370074014803,0.21364272854570915,0.22944588917783557,0.2590518103620724,0.29465893178635727
12904,LVH,0.005,True,0.7001400280056012,0.5711142228445689,0.5939187837567513,0.5777155431086217,0.6999399879975995,0.6025205041008201,0.7001400280056012,0.6553310662132427,0.5645129025805161,0.3880776155231046,0.4270854170834167,0.46549309861972393,0.5077015403080616,0.5411082216443288
17907,LVH,0.0005,True,0.3762752550510102,0.2488497699539908,0.14762952590518102,0.2446489297859572,0.3596719343868774,0.16223244648929785,0.17623524704940988,0.21284256851370273,0.3576715343068614,0.2530506101220244,0.23804760952190437,0.26905381076215246,0.29325865173034604,0.3762752550510102
17907,LVH,0.001,True,0.392878575715143,0.2608521704340868,0.15883176635327065,0.2550510102020404,0.3806761352270454,0.17283456691338267,0.1932386477295459,0.23184636927385477,0.3714742948589718,0.2666533306661332,0.2488497699539908,0.28005601120224044,0.3018603720744149,0.392878575715143
17907,LVH,0.002,True,0.48269653930786155,0.36027205441088217,0.2508501700340068,0.34546909381876373,0.47909581916383276,0.28105621124224844,0.3368673734746949,0.3690738147629526,0.46369273854770954,0.35147029405881175,0.3300660132026405,0.3734746949389878,0.39947989597919586,0.48269653930786155
17907,LVH,0.005,True,0.7449489897979595,0.6404280856171234,0.5329065813162632,0.6039207841568314,0.7449489897979595,0.5723144628925785,0.6503300660132026,0.6715343068613723,0.7243448689737948,0.5885177035407081,0.5655131026205241,0.6305261052210442,0.6815363072614523,0.7389477895579116
8308,LVH,0.0005,True,0.46649329865973194,0.376875375075015,0.30126025205041007,0.46649329865973194,0.4464892978595719,0.33066613322664534,0.3222644528905781,0.39607921584316863,0.38887777555511105,0.3670734146829366,0.34386877375475094,0.3034606921384277,0.38667733546709343,0.4366873374674935
8308,LVH,0.001,True,0.48009601920384076,0.38437687537507503,0.3226645329065813,0.48009601920384076,0.46029205841168236,0.34706941388277657,0.34126825365073016,0.4118823764752951,0.3956791358271654,0.3730746149229846,0.3540708141628326,0.3176635327065413,0.39827965593118625,0.4500900180036007
8308,LVH,0.002,True,0.5675135027005401,0.47789557911582314,0.4326865373074615,0.5627125425085017,0.5675135027005401,0.47749549909982,0.47729545909181836,0.5575115023004601,0.4900980196039208,0.4538907781556311,0.43528705741148227,0.40328065613122627,0.47829565913182637,0.5201040208041608
8308,LVH,0.005,True,0.8387677535507101,0.7509501900380076,0.712742548509702,0.8083616723344669,0.8083616723344669,0.7633526705341068,0.7665533106621324,0.8387677535507101,0.75875175035007,0.6783356671334266,0.6693338667733547,0.6453290658131626,0.704740948189638,0.7431486297259452
14295,LVH,0.0005,True,0.6169233846769354,0.3626725345069014,0.28665733146629324,0.3862772554510902,0.41808361672334465,0.3018603720744149,0.3132626525305061,0.33906781356271254,0.6169233846769354,0.30966193238647727,0.29265853170634126,0.40028005601120226,0.40008001600320064,0.44848969793958793
14295,LVH,0.001,True,0.6309261852370474,0.37677535507101423,0.31726345269053813,0.40008001600320064,0.4322864572914583,0.3222644528905781,0.33646729345869175,0.35347069413882776,0.6309261852370474,0.31446289257851573,0.29905981196239245,0.40968193638727746,0.4062812562512502,0.4584916983396679
14295,LVH,0.002,True,0.7135427085417083,0.4990998199639928,0.4392878575715143,0.5069013802760552,0.5399079815963193,0.45149029805961194,0.485497099419884,0.4962992598519704,0.7135427085417083,0.396879375875175,0.381876375275055,0.5019003800760152,0.5101020204040808,0.5509101820364073
14295,LVH,0.005,True,0.8895779155831166,0.7822564512902581,0.7381476295259052,0.7753550710142029,0.8063612722544509,0.7705541108221644,0.7969593918783757,0.7981596319263853,0.8895779155831166,0.639127825565113,0.623124624924985,0.7673534706941388,0.7891578315663133,0.8187637527505501
16063,LVH,0.0005,True,0.45049009801960394,0.28375675135027006,0.07721544308861772,0.15803160632126426,0.2440488097619524,0.09101820364072814,0.09981996399279856,0.15743148629725945,0.45049009801960394,0.3444688937787557,0.3234646929385877,0.3328665733146629,0.3642728545709142,0.3752750550110022
16063,LVH,0.001,True,0.45629125825165034,0.2976595319063813,0.08221644328865774,0.16883376675335068,0.2644528905781156,0.09781956391278256,0.10982196439287857,0.1828365673134627,0.45629125825165034,0.35467093418683737,0.33086617323464695,0.34366873374674933,0.3714742948589718,0.38587717543508704
16063,LVH,0.002,True,0.5707141428285657,0.38987797559511905,0.15563112622524505,0.2480496099219844,0.35807161432286455,0.1832366473294659,0.20664132826565312,0.3138627725545109,0.5707141428285657,0.4382876575315063,0.4216843368673735,0.43908781756351273,0.4662932586517303,0.48589717943588717
16063,LVH,0.005,True,0.8175635127025405,0.6522304460892179,0.3594718943788758,0.4950990198039608,0.6433286657331466,0.43048609721944386,0.47829565913182637,0.618123624724945,0.8175635127025405,0.661132226445289,0.6633326665333067,0.6799359871974395,0.6909381876375275,0.7345469093818764
1385,LVH,0.0005,True,0.627125425085017,0.4961992398479696,0.4480896179235847,0.530506101220244,0.627125425085017,0.45709141828365674,0.4882976595319064,0.5165033006601321,0.39327865573114623,0.5041008201640328,0.3218643728745749,0.5227045409081816,0.39947989597919586,0.5621124224844969
1385,LVH,0.001,True,0.6407281456291258,0.5158031606321265,0.47069413882776556,0.5429085817163433,0.6407281456291258,0.47509501900380074,0.515503100620124,0.5293058611722344,0.3966793358671734,0.5161032206441288,0.3282656531306261,0.5311062212442489,0.40768153630726145,0.5709141828365674
1385,LVH,0.002,True,0.7217443488697739,0.6079215843168634,0.5771154230846169,0.6267253450690138,0.7217443488697739,0.5965193038607721,0.6531306261252251,0.668133626725345,0.5079015803160633,0.5997199439887978,0.4174834966993399,0.616123224644929,0.5083016603320664,0.6441288257651531
1385,LVH,0.005,True,0.9059811962392479,0.8440688137627526,0.8451690338067613,0.8415683136627325,0.9059811962392479,0.8489697939587918,0.8991798359671934,0.8815763152630526,0.8517703540708141,0.8133626725345069,0.7363472694538907,0.8429685937187438,0.7953590718143628,0.8367673534706941
10746,LVH,0.0005,True,0.5011002200440088,0.3411682336467293,0.125625125025005,0.16623324664932987,0.5011002200440088,0.1304260852170434,0.16743348669733946,0.1876375275055011,0.351870374074815,0.34046809361872377,0.34186837367473494,0.3566713342668534,0.40848169633926784,0.4342868573714743
10746,LVH,0.001,True,0.5267053410682137,0.3606721344268854,0.13922784556911383,0.1874374874974995,0.5267053410682137,0.14562912582516505,0.1926385277055411,0.21284256851370273,0.3776755351070214,0.35747149429885977,0.36387277455491096,0.3822764552910582,0.4326865373074615,0.4594918983796759
10746,LVH,0.002,True,0.6215243048609722,0.46409281856371276,0.23184636927385477,0.26805361072214445,0.6215243048609722,0.24664932986597318,0.3348669733946789,0.34686937387477496,0.4888977795559112,0.4574914982996599,0.47069413882776556,0.49529905981196237,0.5477095419083817,0.5597119423884777
10746,LVH,0.005,True,0.839367873574715,0.735747149429886,0.4976995399079816,0.5373074614922985,0.836367273454691,0.5165033006601321,0.6609321864372875,0.6695339067813563,0.7879575915183037,0.7079415883176635,0.7635527105421084,0.7971594318863773,0.8265653130626125,0.839367873574715
19489,LVH,0.0005,True,0.5231046209241849,0.4459891978395679,0.3640728145629126,0.5093018603720744,0.5221044208841769,0.3950790158031606,0.39827965593118625,0.47209441888377673,0.5231046209241849,0.3716743348669734,0.3872774554910982,0.41988397679535905,0.4786957391478296,0.5225045009001801
19489,LVH,0.001,True,0.5451090218043608,0.4582916583316663,0.377875575115023,0.5247049409881976,0.5451090218043608,0.41148229645929185,0.41148229645929185,0.4978995799159832,0.5403080616123225,0.3774754950990198,0.39227845569113823,0.42768553710742147,0.4888977795559112,0.5351070214042809
19489,LVH,0.002,True,0.6287257451490298,0.5516103220644129,0.47989597919583915,0.6025205041008201,0.623124624924985,0.5263052610522104,0.5409081816363273,0.6287257451490298,0.6095219043808762,0.4392878575715143,0.46309261852370476,0.5003000600120024,0.5623124624924986,0.6123224644928986
19489,LVH,0.005,True,0.8557711542308462,0.7746549309861972,0.7309461892378476,0.8001600320064013,0.8399679935987198,0.7699539907981596,0.7755551110222044,0.8557711542308462,0.8101620324064813,0.6225245049009802,0.6515303060612122,0.7183436687337468,0.7737547509501901,0.8065613122624525
1508,LVH,0.0005,True,0.40308061612322466,0.20374074814962992,0.13882776555311063,0.20944188837767552,0.32766553310662133,0.14422884576915382,0.16003200640128026,0.19803960792158432,0.3976795359071814,0.40308061612322466,0.22804560912182437,0.15903180636127226,0.1954390878175635,0.27625525105021004
1508,LVH,0.001,True,0.41708341668333665,0.22274454890978196,0.15543108621724344,0.22544508901780355,0.3444688937787557,0.15803160632126426,0.1798359671934387,0.22004400880176037,0.41708341668333665,0.4158831766353271,0.2398479695939188,0.16863372674534907,0.20424084816963392,0.28905781156231247
1508,LVH,0.002,True,0.5137027405481096,0.3256651330266053,0.2500500100020004,0.3322664532906581,0.4376875375075015,0.28025605121024205,0.3174634926985397,0.3706741348269654,0.5137027405481096,0.5069013802760552,0.3190638127625525,0.2378475695139028,0.29265853170634126,0.38967793558711744
1508,LVH,0.005,True,0.7633526705341068,0.6117223444688937,0.5153030606121224,0.6039207841568314,0.6969393878775755,0.5639127825565113,0.6195239047809562,0.7021404280856172,0.7633526705341068,0.7277455491098219,0.5439087817563513,0.46569313862772554,0.5505101020204041,0.6699339867973595
15225,LVH,0.0005,True,0.4224844968993799,0.27675535107021404,0.22064412882576515,0.2768553710742148,0.38587717543508704,0.21664332866573316,0.2398479695939188,0.25545109021804363,0.4224844968993799,0.2958591718343669,0.257251450290058,0.27665533106621326,0.3078615723144629,0.3624724944988998
15225,LVH,0.001,True,0.4434886977395479,0.28415683136627323,0.248249649929986,0.2892578515703141,0.40848169633926784,0.23364672934586916,0.27645529105821165,0.27725545109021804,0.4434886977395479,0.30006001200240046,0.25925185037007403,0.27905581116223244,0.3108621724344869,0.3694738947789558
15225,LVH,0.002,True,0.5259051810362072,0.3917783556711342,0.36027205441088217,0.38667733546709343,0.5087017403480696,0.3690738147629526,0.4432886577315463,0.4222844568913783,0.5259051810362072,0.375875175035007,0.34566913382676534,0.369873974794959,0.396879375875175,0.47269453890778157
15225,LVH,0.005,True,0.8009601920384077,0.6900380076015202,0.6983396679335867,0.6519303860772154,0.8009601920384077,0.6817363472694539,0.7841568313662732,0.7165433086617323,0.7821564312862572,0.5817163432686537,0.5783156631326265,0.615123024604921,0.6471294258851771,0.7415483096619324
6635,LVH,0.0005,True,0.4910982196439288,0.33066613322664534,0.1274254850970194,0.2634526905381076,0.32306461292258454,0.15283056611322265,0.15563112622524505,0.20544108821764354,0.4910982196439288,0.34486897379475895,0.33826765353070615,0.37727545509101823,0.42868573714742947,0.47049409881976395
6635,LVH,0.001,True,0.5121024204840968,0.3459691938387678,0.14122824564912984,0.27805561112222443,0.3492698539707942,0.16603320664132826,0.1794358871774355,0.22824564912982598,0.5121024204840968,0.36027205441088217,0.34266853370674133,0.38007601520304063,0.4338867773554711,0.48009601920384076
6635,LVH,0.002,True,0.5959191838367673,0.4354870974194839,0.2440488097619524,0.3742748549709942,0.4414882976595319,0.28525705141028207,0.3070614122824565,0.3654730946189238,0.5959191838367673,0.44488897779555914,0.42948589717943586,0.46009201840368075,0.5139027805561113,0.5673134626925385
6635,LVH,0.005,True,0.8239647929585917,0.6762352470494098,0.5147029405881176,0.6335267053410683,0.712742548509702,0.5827165433086617,0.6025205041008201,0.6807361472294459,0.8239647929585917,0.6919383876775355,0.6557311462292459,0.6717343468693738,0.7201440288057611,0.7757551510302061
3175,LVH,0.0005,True,0.6293258651730346,0.4708941788357671,0.4322864572914583,0.4840968193638728,0.6293258651730346,0.4322864572914583,0.46869373874774956,0.4890978195639128,0.5581116223244649,0.4034806961392278,0.41028205641128224,0.47309461892378474,0.5057011402280456,0.4574914982996599
3175,LVH,0.001,True,0.6485297059411882,0.4906981396279256,0.4502900580116023,0.4962992598519704,0.6485297059411882,0.44568913782756553,0.4988997799559912,0.50750150030006,0.5721144228845769,0.41128225645129024,0.42088417683536705,0.4850970194038808,0.5181036207241448,0.46189237847569514
3175,LVH,0.002,True,0.7183436687337468,0.5721144228845769,0.5535107021404281,0.5737147429485897,0.7183436687337468,0.5561112222444489,0.633126625325065,0.6375275055011003,0.6543308661732347,0.4936987397479496,0.5113022604520904,0.5705141028205641,0.593118623724745,0.5571114222844569
3175,LVH,0.005,True,0.8749749949989998,0.8276655331066214,0.8233646729345869,0.7955591118223645,0.8749749949989998,0.8127625525105021,0.8721744348869774,0.8405681136227245,0.8535707141428286,0.7009401880376075,0.74874974994999,0.7939587917583517,0.8319663932786557,0.8375675135027005
10602,LVH,0.0005,True,0.38287657531506303,0.28125625125025006,0.10262052410482096,0.16603320664132826,0.35087017403480697,0.11422284456891378,0.12382476495299059,0.15303060612122424,0.33726745349069814,0.27745549109821965,0.28505701140228046,0.28605721144228846,0.38287657531506303,0.3760752150430086
10602,LVH,0.001,True,0.39947989597919586,0.2925585117023405,0.11522304460892178,0.18003600720144028,0.3702740548109622,0.124624924984997,0.14202840568113623,0.17523504700940187,0.35547109421884376,0.29185837167433487,0.29325865173034604,0.3080616123224645,0.395879175835167,0.39947989597919586
10602,LVH,0.002,True,0.5143028605721144,0.3855771154230846,0.19143828765753151,0.25745149029805964,0.4738947789557912,0.22004400880176037,0.265253050610122,0.2984596919383877,0.44568913782756553,0.380876175235047,0.3902780556111222,0.42308461692338467,0.5033006601320265,0.5143028605721144
10602,LVH,0.005,True,0.7945589117823565,0.6228245649129827,0.4274854970994199,0.4872974594918984,0.7379475895179036,0.4596919383876775,0.5693138627725545,0.6023204640928186,0.6889377875575114,0.6225245049009802,0.623124624924985,0.7315463092618524,0.7667533506701341,0.7945589117823565
2197,LVH,0.0005,True,0.5081016203240648,0.4007801560312062,0.2656531306261252,0.3740748149629926,0.4410882176435287,0.28205641128225645,0.28465693138627723,0.33326665333066613,0.5081016203240648,0.41128225645129024,0.40408081616323266,0.40188037607521504,0.3996799359871974,0.40988197639527907
2197,LVH,0.001,True,0.5167033406681336,0.4032806561312262,0.29045809161832364,0.3884776955391078,0.46689337867573516,0.30486097219443886,0.3092618523704741,0.3586717343468694,0.5167033406681336,0.4176835367073415,0.40668133626725345,0.40368073614722944,0.40288057611522304,0.4214842968593719
2197,LVH,0.002,True,0.6095219043808762,0.48849769953990796,0.4072814562912582,0.4872974594918984,0.5783156631326265,0.4410882176435287,0.47029405881176234,0.50750150030006,0.6095219043808762,0.4916983396679336,0.47909581916383276,0.479495899179836,0.4896979395879176,0.5167033406681336
2197,LVH,0.005,True,0.8507701540308061,0.7338467693538708,0.6969393878775755,0.739747949589918,0.8507701540308061,0.7323464692938588,0.7903580716143228,0.8085617123424685,0.8317663532706542,0.6771354270854171,0.6637327465493099,0.6593318663732747,0.6865373074614923,0.7353470694138827
19493,LVH,0.0005,True,0.5283056611322264,0.4027805561112222,0.23284656931386277,0.3434686937387478,0.4348869773954791,0.2536507301460292,0.2646529305861172,0.3098619723944789,0.5283056611322264,0.3706741348269654,0.4356871374274855,0.4512902580516103,0.48189637927585516,0.513502700540108
19493,LVH,0.001,True,0.5469093818763753,0.411382276455291,0.2486497299459892,0.36307261452290457,0.4594918983796759,0.2694538907781556,0.2892578515703141,0.3368673734746949,0.5469093818763753,0.3814762952590518,0.4412882576515303,0.4566913382676535,0.4842968593718744,0.5211042208441689
19493,LVH,0.002,True,0.6237247449489898,0.4906981396279256,0.36007201440288056,0.4518903780756151,0.5513102620524105,0.41068213642728546,0.4292858571714343,0.4652930586117223,0.6237247449489898,0.46729345869173833,0.5141028205641128,0.5351070214042809,0.5667133426685337,0.6017203440688138
19493,LVH,0.005,True,0.8477695539107821,0.7446489297859572,0.6613322664532907,0.6865373074614923,0.8011602320464093,0.6937387477495499,0.7501500300060012,0.7515503100620124,0.8477695539107821,0.6867373474694939,0.7085417083416683,0.7391478295659132,0.7593518703740748,0.791758351670334
21076,LVH,0.0005,True,0.5809161832366473,0.4771954390878176,0.4138827765553111,0.5087017403480696,0.5697139427885577,0.4358871774354871,0.4540908181636327,0.4868973794758952,0.5765153030606122,0.45069013802760555,0.4378875775155031,0.46749349869973994,0.5733146629325865,0.5809161832366473
21076,LVH,0.001,True,0.6027205441088218,0.499499899979996,0.4348869773954791,0.5255051010202041,0.5899179835967193,0.45509101820364073,0.4872974594918984,0.5117023404680936,0.5899179835967193,0.4652930586117223,0.45149029805961194,0.4830966193238648,0.588117623524705,0.6027205441088218
21076,LVH,0.002,True,0.6763352670534106,0.6067213442688537,0.5359071814362872,0.6005201040208041,0.6639327865573115,0.5759151830366073,0.6129225845169034,0.6239247849569914,0.6467293458691739,0.5253050610122024,0.5205041008201641,0.5575115023004601,0.6535307061412282,0.6763352670534106
21076,LVH,0.005,True,0.8985797159431886,0.8271654330866174,0.7979595919183837,0.7991598319663933,0.8731746349269854,0.8193638727745549,0.8541708341668334,0.8349669933986797,0.8457691538307661,0.7123424684936988,0.7185437087417483,0.782756551310262,0.8411682336467293,0.8985797159431886
9747,LVH,0.0005,True,0.41048209641928385,0.249749949989998,0.19723944788957792,0.24524904980996198,0.3672734546909382,0.19003800760152031,0.22684536907381475,0.23624724944988998,0.41048209641928385,0.24324864972994598,0.2816563312662532,0.254250850170034,0.2684536907381476,0.3256651330266053
9747,LVH,0.001,True,0.4270854170834167,0.2555511102220444,0.21024204840968194,0.2506501300260052,0.390878175635127,0.1998399679935987,0.2536507301460292,0.2548509701940388,0.4270854170834167,0.2558511702340468,0.28385677135427084,0.255251050210042,0.2700540108021604,0.3290658131626325
9747,LVH,0.002,True,0.5087017403480696,0.34206841368273655,0.3216643328665733,0.34506901380276056,0.49149829965993197,0.3190638127625525,0.40288057611522304,0.3834766953390678,0.5087017403480696,0.3236647329465893,0.3388677735547109,0.3224644928985797,0.33906781356271254,0.42028405681136227
9747,LVH,0.005,True,0.762752550510102,0.6104220844168834,0.6165233046609322,0.5903180636127225,0.762752550510102,0.6043208641728346,0.7475495099019804,0.6875375075015003,0.7531506301260252,0.5219043808761752,0.4930986197239448,0.5031006201240248,0.5833166633326665,0.6783356671334266
11906,LVH,0.0005,True,0.5481096219243848,0.37607521504300856,0.2586517303460692,0.32586517303460694,0.5173034606921384,0.26225245049009804,0.3168633726745349,0.33046609321864373,0.5481096219243848,0.38207641528305664,0.3726745349069814,0.3794758951790358,0.40008001600320064,0.44588917783556714
11906,LVH,0.001,True,0.5639127825565113,0.3785757151430286,0.27365473094618925,0.3406681336267253,0.5389077815563112,0.27425485097019403,0.34306861372274455,0.34526905381076217,0.5639127825565113,0.39147829565913184,0.3760752150430086,0.38107621524304863,0.40328065613122627,0.45349069813962795
11906,LVH,0.002,True,0.6483296659331866,0.47499499899979997,0.3834766953390678,0.4388877775555111,0.6259251850370074,0.40548109621924383,0.4948989797959592,0.4982996599319864,0.6483296659331866,0.45789157831566313,0.4418883776755351,0.4576915383076615,0.4920984196839368,0.5353070614122825
11906,LVH,0.005,True,0.8575715143028606,0.7136427285457092,0.6883376675335067,0.7099419883976795,0.8575715143028606,0.6993398679735947,0.7933586717343468,0.782756551310262,0.8495699139827966,0.6463292658531706,0.6349269853970794,0.657131426285257,0.7173434686937388,0.747749549909982
9535,LVH,0.0005,True,0.5689137827565514,0.46599319863972793,0.36487297459491896,0.4584916983396679,0.5689137827565514,0.3822764552910582,0.41648329665933187,0.4586917383476695,0.5023004600920185,0.5607121424284857,0.5521104220844169,0.4632926585317063,0.46869373874774956,0.5151030206041208
9535,LVH,0.001,True,0.5927185437087418,0.4852970594118824,0.38867773554710944,0.47709541908381675,0.5927185437087418,0.4034806961392278,0.4468893778755751,0.48569713942788556,0.5179035807161432,0.5847169433886777,0.5729145829165834,0.48489697939587917,0.4842968593718744,0.5299059811962392
9535,LVH,0.002,True,0.6733346669333867,0.5924184836967393,0.4962992598519704,0.5595119023804761,0.6733346669333867,0.5287057411482297,0.5919183836767353,0.6195239047809562,0.5929185837167433,0.6555311062212442,0.6503300660132026,0.5739147829565913,0.5663132626525305,0.6083216643328666
9535,LVH,0.005,True,0.881376275255051,0.8382676535307061,0.7895579115823165,0.7939587917583517,0.881376275255051,0.7951590318063613,0.8513702740548109,0.8557711542308462,0.8081616323264653,0.8601720344068814,0.8635727145429086,0.8391678335667133,0.8135627125425084,0.837367473494699
2706,LVH,0.0005,True,0.5149029805961193,0.3692738547709542,0.267253450690138,0.3490698139627926,0.5149029805961193,0.27745549109821965,0.3136627325465093,0.33826765353070615,0.40308061612322466,0.33906781356271254,0.38947789557911583,0.4272854570914183,0.4432886577315463,0.5001000200040008
2706,LVH,0.001,True,0.5183036607321464,0.3742748549709942,0.28525705141028207,0.35267053410682137,0.5183036607321464,0.28705741148229647,0.3212642528505701,0.34266853370674133,0.40868173634726945,0.34526905381076217,0.395879175835167,0.4342868573714743,0.45709141828365674,0.5125025005001
2706,LVH,0.002,True,0.6189237847569514,0.48339667933586716,0.40268053610722143,0.46289257851570315,0.6189237847569514,0.41548309661932387,0.46829365873174633,0.49049809961992397,0.5031006201240248,0.4308861772354471,0.47629525905181036,0.5181036207241448,0.5487097419483897,0.5967193438687738
2706,LVH,0.005,True,0.8277655531106222,0.7264452890578116,0.6739347869573915,0.7025405081016203,0.8277655531106222,0.6919383876775355,0.7651530306061213,0.7575515103020604,0.7265453090618124,0.6283256651330266,0.6605321064212842,0.7263452690538108,0.7757551510302061,0.8093618723744749
11518,LVH,0.0005,True,0.5391078215643129,0.43458691738347666,0.3140628125625125,0.485497099419884,0.390878175635127,0.34526905381076217,0.3330666133226645,0.3776755351070214,0.510502100420084,0.4278855771154231,0.4412882576515303,0.4868973794758952,0.5391078215643129,0.45169033806761355
11518,LVH,0.001,True,0.5477095419083817,0.4399879975995199,0.33906781356271254,0.4958991798359672,0.4062812562512502,0.36287257451490296,0.35907181436287255,0.3950790158031606,0.5271054210842169,0.4318863772754551,0.4480896179235847,0.4910982196439288,0.5477095419083817,0.46449289857971593
11518,LVH,0.002,True,0.618123624724945,0.5220044008801761,0.4510902180436087,0.5639127825565113,0.5039007801560312,0.49149829965993197,0.49149829965993197,0.5227045409081816,0.6085217043408682,0.505501100220044,0.5213042608521704,0.5557111422284456,0.618123624724945,0.5451090218043608
11518,LVH,0.005,True,0.8167633526705341,0.7625525105021005,0.7253450690138028,0.7669533906781356,0.7559511902380476,0.7641528305661133,0.7781556311262252,0.7609521904380876,0.8113622724544909,0.6841368273654731,0.7163432686537308,0.7429485897179436,0.8167633526705341,0.8103620724144829
15048,LVH,0.0005,True,0.5849169833966793,0.4880976195239048,0.3844768953790758,0.47549509901980397,0.5697139427885577,0.4014802960592118,0.4284856971394279,0.4872974594918984,0.5849169833966793,0.4998999799959992,0.4920984196839368,0.49749949989998,0.4862972594518904,0.4888977795559112
15048,LVH,0.001,True,0.5955191038207641,0.5081016203240648,0.4034806961392278,0.49529905981196237,0.5897179435887178,0.4240848169633927,0.4508901780356071,0.5151030206041208,0.5955191038207641,0.5083016603320664,0.5079015803160633,0.5143028605721144,0.5051010202040408,0.5091018203640728
15048,LVH,0.002,True,0.6809361872374475,0.5953190638127626,0.5189037807561512,0.5825165033006602,0.6741348269653931,0.5489097819563913,0.5913182636527305,0.6507301460292059,0.6809361872374475,0.5887177435487098,0.5929185837167433,0.6067213442688538,0.5977195439087818,0.6015203040608121
15048,LVH,0.005,True,0.8885777155431086,0.8620724144828966,0.8097619523904781,0.8387677535507101,0.8707741548309662,0.831366273254651,0.8561712342468494,0.875375075015003,0.8885777155431086,0.8017603520704141,0.8161632326465293,0.876375275055011,0.8679735947189438,0.8709741948389678
18726,LVH,0.0005,True,0.5255051010202041,0.45399079815963195,0.24104820964192838,0.3664732946589318,0.4472894578915783,0.2664532906581316,0.2654530906181236,0.33426685337067413,0.4888977795559112,0.504500900180036,0.4606921384276855,0.4786957391478296,0.48849769953990796,0.5255051010202041
18726,LVH,0.001,True,0.5393078615723145,0.4781956391278256,0.255251050210042,0.3872774554910982,0.4736947389477896,0.28245649129825967,0.29085817163432687,0.3634726945389078,0.5107021404280856,0.5277055411082217,0.48269653930786155,0.496499299859972,0.5023004600920185,0.5393078615723145
18726,LVH,0.002,True,0.618123624724945,0.5705141028205641,0.3732746549309862,0.483496699339868,0.5685137027405481,0.4196839367873575,0.4434886977395479,0.5251050210042009,0.5939187837567513,0.612122424484897,0.5725145029005801,0.5735147029405882,0.5775155031006202,0.618123624724945
18726,LVH,0.005,True,0.8505701140228046,0.8065613122624524,0.6731346269253851,0.745749149829966,0.8375675135027005,0.7191438287657531,0.7589517903580716,0.832366473294659,0.8227645529105821,0.8505701140228046,0.8175635127025405,0.7955591118223645,0.7869573914782957,0.8327665533106622
11707,LVH,0.0005,True,0.5493098619723945,0.4769953990798159,0.3794758951790358,0.4972994598919784,0.5491098219643928,0.4034806961392278,0.41168233646729346,0.4470894178835767,0.5493098619723945,0.4398879775955191,0.4566913382676535,0.5179035807161432,0.5167033406681336,0.50750150030006
11707,LVH,0.001,True,0.5721144228845769,0.48929785957191435,0.39927985597119425,0.5083016603320664,0.5721144228845769,0.41608321664332865,0.4432886577315463,0.47029405881176234,0.5657131426285257,0.4462892578515703,0.46549309861972393,0.5265053010602121,0.5309061812362472,0.5253050610122024
11707,LVH,0.002,True,0.6573314662932587,0.5890178035607121,0.5063012602520504,0.5783156631326265,0.6573314662932587,0.5423084616923385,0.5769153830766153,0.5997199439887978,0.6393278655731146,0.5153030606121224,0.5485097019403881,0.6081216243248649,0.6079215843168634,0.6085217043408682
11707,LVH,0.005,True,0.8829765953190638,0.8262652530506102,0.7863572714542909,0.7795559111822364,0.8829765953190638,0.7861572314462892,0.8651730346069214,0.841368273654731,0.831366273254651,0.6999399879975995,0.759751950390078,0.8211642328465694,0.8355671134226845,0.8541708341668334
17046,LVH,0.0005,True,0.4982996599319864,0.4624924984997,0.33626725345069014,0.48169633926785355,0.48749749949989996,0.3746749349869974,0.3694738947789558,0.45649129825965196,0.46849369873974794,0.4356871374274855,0.4512902580516103,0.48469693938787756,0.4896979395879176,0.4982996599319864
17046,LVH,0.001,True,0.5177035407081416,0.4882976595319064,0.35627125425085016,0.5027005401080216,0.5177035407081416,0.4014802960592118,0.39987997599519903,0.48249649929986,0.4940988197639528,0.46189237847569514,0.46769353870774155,0.4962992598519704,0.5019003800760152,0.5107021404280856
17046,LVH,0.002,True,0.6319263852770554,0.576015203040608,0.46789357871574316,0.5835167033406682,0.6157231446289257,0.528505701140228,0.543508701740348,0.6319263852770554,0.5853170634126825,0.5633126625325064,0.5479095819163833,0.5771154230846169,0.5749149829965993,0.5927185437087418
17046,LVH,0.005,True,0.8725745149029805,0.826765353070614,0.7829565913182637,0.8467693538707741,0.8615723144628926,0.8233646729345869,0.8301660332066413,0.8725745149029805,0.8465693138627726,0.8587717543508702,0.8155631126225245,0.7835567113422685,0.7683536707341468,0.8171634326865373
19635,LVH,0.0005,True,0.6179235847169434,0.4917983596719344,0.3056611322264453,0.45889177835567113,0.504500900180036,0.33946789357871576,0.35227045409081814,0.4348869773954791,0.6179235847169434,0.4992998599719944,0.4842968593718744,0.5041008201640328,0.5225045009001801,0.5323064612922584
19635,LVH,0.001,True,0.6427285457091418,0.5024004800960192,0.32606521304260855,0.4850970194038808,0.5293058611722344,0.3586717343468694,0.3730746149229846,0.4614922984596919,0.6427285457091418,0.5129025805161033,0.4962992598519704,0.508501700340068,0.5267053410682137,0.5439087817563513
19635,LVH,0.002,True,0.7119423884776955,0.583116623324665,0.4462892578515703,0.5809161832366473,0.6147229445889177,0.5033006601320265,0.5303060612122424,0.6165233046609322,0.7119423884776955,0.5853170634126825,0.5693138627725545,0.5795159031806362,0.6035207041408281,0.6219243848769754
19635,LVH,0.005,True,0.8899779955991198,0.8011602320464093,0.747749549909982,0.8371674334866973,0.8607721544308862,0.7853570714142829,0.8121624324864973,0.8829765953190638,0.8899779955991198,0.7901580316063213,0.7741548309661932,0.7689537907581516,0.7821564312862572,0.8161632326465293
9568,LVH,0.0005,True,0.46949389877975595,0.3691738347669534,0.20624124824964993,0.3302660532106421,0.3662732546509302,0.22044408881776356,0.22624524904980997,0.2700540108021604,0.46029205841168236,0.3720744148829766,0.393878775755151,0.40928185637127423,0.45149029805961194,0.46949389877975595
9568,LVH,0.001,True,0.48389677935587116,0.38787757551510305,0.22284456891378276,0.3396679335867173,0.3900780156031206,0.23024604920984196,0.250250050010002,0.29245849169833965,0.48389677935587116,0.3856771354270854,0.40288057611522304,0.4148829765953191,0.4574914982996599,0.47829565913182637
9568,LVH,0.002,True,0.5785157031406282,0.47079415883176634,0.3272654530906181,0.44008801760352073,0.48749749949989996,0.35127025405081014,0.391878375675135,0.4346869373874775,0.5785157031406282,0.47049409881976395,0.47109421884376873,0.495499099819964,0.533506701340268,0.5599119823964793
9568,LVH,0.005,True,0.831366273254651,0.7060412082416483,0.6053210642128426,0.669133826765353,0.750750150030006,0.634126825365073,0.7033406681336267,0.7295459091818364,0.831366273254651,0.7033406681336267,0.6749349869973995,0.70874174834967,0.7227445489097819,0.7713542708541709
20607,LVH,0.0005,True,0.5137027405481096,0.32886577315463095,0.1792358471694339,0.3120624124824965,0.34846969393878774,0.20004000800160032,0.20284056811362272,0.249249849969994,0.5137027405481096,0.4586917383476695,0.32786557311462294,0.32986597319463895,0.3746749349869974,0.41168233646729346
20607,LVH,0.001,True,0.5337067413482697,0.3439687937587518,0.1984396879375875,0.33166633326665335,0.3692738547709542,0.21604320864172835,0.22024404880976195,0.26985397079415885,0.5337067413482697,0.47649529905981197,0.34666933386677334,0.34126825365073016,0.3814762952590518,0.4174834966993399
20607,LVH,0.002,True,0.6225245049009802,0.4366873374674935,0.30966193238647727,0.4320864172834567,0.47629525905181036,0.355871174234847,0.3614722944588918,0.42768553710742147,0.6225245049009802,0.5531106221244249,0.4412882576515303,0.4292858571714343,0.4614922984596919,0.4976995399079816
20607,LVH,0.005,True,0.8549709941988398,0.6975395079015803,0.6103220644128826,0.705741148229646,0.7539507901580316,0.6733346669333867,0.6893378675735147,0.7415483096619324,0.8549709941988398,0.7639527905581116,0.6783356671334266,0.658131626325265,0.6755351070214043,0.7059411882376475
9005,LVH,0.0005,True,0.394878975795159,0.23814762952590518,0.20464092818563712,0.22484496899379877,0.394878975795159,0.1842368473694739,0.22004400880176037,0.21764352870574113,0.3078615723144629,0.1868373674734947,0.253250650130026,0.2604520904180836,0.2514502900580116,0.3594718943788758
9005,LVH,0.001,True,0.4158831766353271,0.25215043008601723,0.21344268853770754,0.23224644928985796,0.4158831766353271,0.1926385277055411,0.2494498899779956,0.23244648929785958,0.3212642528505701,0.19383876775355072,0.25645129025805163,0.2606521304260852,0.2548509701940388,0.3644728945789158
9005,LVH,0.002,True,0.5213042608521704,0.3236647329465893,0.3228645729145829,0.32206441288257653,0.5213042608521704,0.30486097219443886,0.4158831766353271,0.3606721344268854,0.40168033606721343,0.2448489697939588,0.3120624124824965,0.3170634126825365,0.3244648929785957,0.4502900580116023
9005,LVH,0.005,True,0.8001600320064013,0.6285257051410282,0.6379275855171034,0.5949189837967593,0.8001600320064013,0.619123824764953,0.7921584316863373,0.6953390678135627,0.6395279055811163,0.4146829365873175,0.46489297859571915,0.4946989397879576,0.5499099819963993,0.6891378275655131
9801,LVH,0.0005,True,0.5613122624524906,0.3155631126225245,0.15823164632926584,0.2646529305861172,0.33246649329865974,0.17223444688937786,0.1858371674334867,0.2426485297059412,0.5613122624524906,0.40688137627525506,0.38967793558711744,0.369873974794959,0.2986597319463893,0.4226845369073815
9801,LVH,0.001,True,0.5745149029805962,0.3330666133226645,0.17043408681736347,0.28285657131426284,0.35227045409081814,0.18623724744948988,0.20404080816163234,0.2664532906581316,0.5745149029805962,0.4216843368673735,0.40928185637127423,0.38307661532306464,0.3138627725545109,0.4388877775555111
9801,LVH,0.002,True,0.669133826765353,0.4465893178635727,0.27525505101020203,0.38947789557911583,0.45989197839567914,0.3180636127225445,0.34366873374674933,0.4332866573314663,0.669133826765353,0.5041008201640328,0.4976995399079816,0.47889577915583115,0.41708341668333665,0.5399079815963193
9801,LVH,0.005,True,0.866373274654931,0.7204440888177635,0.5687137427485497,0.6795359071814363,0.739747949589918,0.6225245049009802,0.6627325465093019,0.7389477895579116,0.866373274654931,0.7065413082616523,0.7677535507101421,0.7343468693738747,0.6717343468693738,0.7943588717743548
18066,LVH,0.0005,True,0.36107221444288856,0.2463492698539708,0.09421884376875375,0.14102820564112822,0.33146629325865173,0.10162032406481296,0.11762352470494099,0.1408281656331266,0.36107221444288856,0.25125025005001,0.24664932986597318,0.2460492098419684,0.27125425085017,0.3102620524104821
18066,LVH,0.001,True,0.3826765353070614,0.255251050210042,0.10302060412082416,0.15183036607321465,0.34866973394678935,0.11262252450490098,0.13202640528105622,0.16183236647329466,0.3826765353070614,0.257251450290058,0.253250650130026,0.2578515703140628,0.2826565313062612,0.3246649329865973
18066,LVH,0.002,True,0.4786957391478296,0.34316863372674533,0.18143628725745148,0.22784556911382275,0.45229045809161833,0.1954390878175635,0.24904980996199239,0.272254450890178,0.4786957391478296,0.33626725345069014,0.3500700140028006,0.3584716943388678,0.38207641528305664,0.4278855771154231
18066,LVH,0.005,True,0.7583516703340668,0.5937187437487498,0.4024804960992198,0.46829365873174633,0.7149429885977195,0.4310862172434487,0.5449089817963593,0.5927185437087418,0.7583516703340668,0.536507301460292,0.5947189437887578,0.6263252650530106,0.6549309861972394,0.7019403880776155
18679,LVH,0.0005,True,0.5103020604120824,0.3685737147429486,0.22744548909781956,0.3108621724344869,0.46469293858771754,0.2440488097619524,0.2644528905781156,0.3128625725145029,0.5103020604120824,0.376875375075015,0.36027205441088217,0.40688137627525506,0.4382876575315063,0.47049409881976395
18679,LVH,0.001,True,0.5257051410282056,0.3756751350270054,0.240248049609922,0.3274654930986197,0.48569713942788556,0.2588517703540708,0.28705741148229647,0.34186837367473494,0.5257051410282056,0.3862772554510902,0.3650730146029206,0.41128225645129024,0.4442888577715543,0.480496099219844
18679,LVH,0.002,True,0.5965193038607721,0.4698939787957591,0.3520704140828166,0.42208441688337667,0.5757151430286057,0.38967793558711744,0.4320864172834567,0.47909581916383276,0.5965193038607721,0.4606921384276855,0.4342868573714743,0.479495899179836,0.5215043008601721,0.5623124624924986
18679,LVH,0.005,True,0.7987597519503901,0.6980396079215843,0.6439287857571514,0.6769353870774155,0.7987597519503901,0.6773354670934186,0.7273454690938188,0.7355471094218844,0.782756551310262,0.6431286257251451,0.6407281456291258,0.6771354270854171,0.71874374874975,0.7643528705741148
8806,LVH,0.0005,True,0.29265853170634126,0.1890378075615123,0.033606721344268856,0.15623124624924986,0.04220844168833767,0.03960792158431686,0.03520704140828165,0.045209041808361675,0.29265853170634126,0.23224644928985796,0.22184436887377476,0.23064612922584518,0.26105221044208843,0.29185837167433487
8806,LVH,0.001,True,0.3108621724344869,0.1996399279855971,0.03800760152030406,0.16843368673734746,0.04920984196839368,0.047209441888377675,0.041408281656331265,0.05781156231246249,0.3108621724344869,0.2446489297859572,0.23084616923384677,0.23324664932986597,0.272254450890178,0.3038607721544309
8806,LVH,0.002,True,0.4044808961792358,0.2816563312662532,0.07581516303260652,0.2504500900180036,0.09101820364072814,0.10682136427285457,0.08061612322464493,0.11602320464092819,0.4044808961792358,0.33606721344268853,0.3128625725145029,0.32586517303460694,0.3674734946989398,0.40028005601120226
8806,LVH,0.005,True,0.6669333866773355,0.5277055411082217,0.1920384076815363,0.4958991798359672,0.22504500900180036,0.28605721144228846,0.20424084816963392,0.3188637727545509,0.6669333866773355,0.5719143828765754,0.5601120224044809,0.5595119023804761,0.6327265453090618,0.6653330666133227
3205,LVH,0.0005,True,0.5819163832766553,0.3935787157431486,0.35347069413882776,0.47209441888377673,0.5819163832766553,0.3852770554110822,0.40408081616323266,0.4574914982996599,0.36307261452290457,0.35927185437087417,0.3292658531706341,0.34986997399479897,0.40188037607521504,0.4492898579715943
3205,LVH,0.001,True,0.6027205441088218,0.4072814562912582,0.3720744148829766,0.49249849969994,0.6027205441088218,0.40788157631526306,0.4242848569713943,0.483496699339868,0.3702740548109622,0.36867373474694937,0.33846769353870776,0.35367073414682937,0.40668133626725345,0.46409281856371276
3205,LVH,0.002,True,0.6759351870374075,0.511502300460092,0.48849769953990796,0.5849169833966793,0.6759351870374075,0.534506901380276,0.5617123424684937,0.6155231046209242,0.47549509901980397,0.45049009801960394,0.41348269653930786,0.4214842968593719,0.48469693938787756,0.5595119023804761
3205,LVH,0.005,True,0.8551710342068414,0.7753550710142029,0.757751550310062,0.8223644728945789,0.8477695539107821,0.7929585917183437,0.8185637127425485,0.8551710342068414,0.7515503100620124,0.6575315063012602,0.6439287857571514,0.6411282256451291,0.7145429085817163,0.8205641128225645
11338,LVH,0.0005,True,0.5635127025405081,0.4553910782156431,0.3690738147629526,0.4930986197239448,0.5599119823964793,0.40368073614722944,0.41268253650730147,0.4540908181636327,0.504500900180036,0.42388477695539106,0.4398879775955191,0.4566913382676535,0.5061012202440488,0.5635127025405081
11338,LVH,0.001,True,0.5803160632126425,0.46819363872774555,0.39447889577915585,0.5047009401880376,0.5803160632126425,0.42288457691538306,0.4380876175235047,0.47029405881176234,0.5209041808361672,0.4384876975395079,0.4500900180036007,0.46609321864372877,0.5171034206841368,0.5771154230846169
11338,LVH,0.002,True,0.6675335067013403,0.5749149829965994,0.5013002600520104,0.5843168633726745,0.6675335067013403,0.5517103420684136,0.5655131026205241,0.6135227045409082,0.6033206641328266,0.5031006201240248,0.5153030606121224,0.54250850170034,0.5929185837167433,0.6485297059411882
11338,LVH,0.005,True,0.8785757151430286,0.8070614122824564,0.7825565113022604,0.8067613522704541,0.8785757151430286,0.8073614722944589,0.8513702740548109,0.8599719943988797,0.829365873174635,0.6825365073014603,0.6851370274054811,0.7511502300460092,0.7971594318863773,0.8525705141028206
14801,LVH,0.0005,True,0.4832966593318664,0.33906781356271254,0.2566513302660532,0.39367873574714946,0.4062812562512502,0.27725545109021804,0.2806561312262453,0.3626725345069014,0.4832966593318664,0.33766753350670137,0.3158631726345269,0.3330666133226645,0.34046809361872377,0.41448289657931586
14801,LVH,0.001,True,0.5033006601320265,0.3434686937387478,0.27705541108221643,0.41368273654730947,0.43248649729945987,0.29905981196239245,0.3042608521704341,0.39227845569113823,0.5033006601320265,0.34146829365873177,0.3196639327865573,0.3358671734346869,0.34546909381876373,0.4282856571314263
14801,LVH,0.002,True,0.5923184636927386,0.4388877775555111,0.3842768553710742,0.5051010202040408,0.5237047409481896,0.4374874974994999,0.4402880576115223,0.5531106221244249,0.5923184636927386,0.40608121624324867,0.3816763352670534,0.40008001600320064,0.42468493698739745,0.5261052210442089
14801,LVH,0.005,True,0.8401680336067213,0.7365473094618924,0.6881376275255051,0.7859571914382877,0.78375675135027,0.7393478695739147,0.7337467493498699,0.8401680336067213,0.8223644728945789,0.5963192638527706,0.5643128625725145,0.5653130626125225,0.6505301060212042,0.7929585917183437
8049,LVH,0.0005,True,0.3706741348269654,0.2656531306261252,0.20324064812962592,0.252250450090018,0.3340668133626725,0.19383876775355072,0.22044408881776356,0.23184636927385477,0.3706741348269654,0.27905581116223244,0.21604320864172835,0.28045609121824366,0.33746749349869976,0.3198639727945589
8049,LVH,0.001,True,0.38687737547509504,0.27435487097419486,0.22424484896979396,0.26605321064212845,0.34946989397879574,0.21084216843368675,0.2444488897779556,0.248249649929986,0.38687737547509504,0.2940588117623525,0.22524504900980197,0.2826565313062612,0.34006801360272054,0.3284656931386277
8049,LVH,0.002,True,0.48069613922784554,0.3732746549309862,0.3340668133626725,0.3550710142028406,0.44008801760352073,0.32966593318663734,0.37727545509101823,0.3692738547709542,0.48069613922784554,0.3860772154430886,0.3094618923784757,0.3682736547309462,0.4284856971394279,0.41308261652330464
8049,LVH,0.005,True,0.7025405081016203,0.635127025405081,0.612122424484897,0.5989197839567914,0.6855371074214843,0.6091218243648729,0.6865373074614923,0.6439287857571514,0.7025405081016203,0.6289257851570315,0.5463092618523705,0.5839167833566713,0.6467293458691739,0.6413282656531306
13661,LVH,0.0005,True,0.39847969593918786,0.18473694738947788,0.14522904580916182,0.17443488697739548,0.24044808961792358,0.1274254850970194,0.16543308661732348,0.14862972594518903,0.39847969593918786,0.2548509701940388,0.1816363272654531,0.1878375675135027,0.21044208841768353,0.2636527305461092
13661,LVH,0.001,True,0.41608321664332865,0.1909381876375275,0.16903380676135227,0.1816363272654531,0.2550510102020404,0.13582716543308662,0.19003800760152031,0.15543108621724344,0.41608321664332865,0.2654530906181236,0.1882376475295059,0.1918383676735347,0.21684336867373474,0.27765553110622126
13661,LVH,0.002,True,0.5171034206841368,0.283256651330266,0.2674534906981396,0.264252850570114,0.34866973394678935,0.2506501300260052,0.33066613322664534,0.26585317063412683,0.5171034206841368,0.33246649329865974,0.2604520904180836,0.25625125025005,0.29905981196239245,0.3792758551710342
13661,LVH,0.005,True,0.7671534306861372,0.5520104020804161,0.5535107021404281,0.499499899979996,0.6205241048209642,0.5363072614522905,0.6607321464292859,0.5519103820764153,0.7671534306861372,0.5359071814362872,0.46289257851570315,0.47549509901980397,0.5521104220844169,0.6625325065013002
6102,LVH,0.0005,True,0.534506901380276,0.4201840368073615,0.34646929385877173,0.44568913782756553,0.534506901380276,0.371874374874975,0.39147829565913184,0.47049409881976395,0.5125025005001,0.39467893578715746,0.3902780556111222,0.393878775755151,0.47629525905181036,0.4958991798359672
6102,LVH,0.001,True,0.5577115423084616,0.43828765753150634,0.36387277455491096,0.46589317863572716,0.5577115423084616,0.39347869573914784,0.40988197639527907,0.5027005401080216,0.53250650130026,0.39707941588317663,0.395879175835167,0.41068213642728546,0.49229845969193836,0.515503100620124
6102,LVH,0.002,True,0.6403280656131226,0.5623124624924984,0.4786957391478296,0.5617123424684937,0.6339267853570714,0.5177035407081416,0.5629125825165033,0.6403280656131226,0.6187237447489498,0.47169433886777357,0.47249449889977996,0.48849769953990796,0.5869173834766953,0.6095219043808762
6102,LVH,0.005,True,0.8559711942388478,0.8190638127625525,0.7655531106221244,0.8153630726145229,0.8519703940788158,0.7995599119823965,0.8227645529105821,0.8435687137427486,0.838367673534707,0.6543308661732347,0.6897379475895179,0.7385477095419084,0.8449689937987598,0.8559711942388478
8315,LVH,0.0005,True,0.583116623324665,0.4932986597319464,0.3100620124024805,0.5691138227645529,0.42968593718743747,0.36687337467493497,0.33086617323464695,0.4118823764752951,0.5245049009801961,0.5081016203240648,0.47909581916383276,0.50750150030006,0.5363072614522905,0.583116623324665
8315,LVH,0.001,True,0.5887177435487098,0.4977995599119824,0.32026405281056214,0.5825165033006602,0.45629125825165034,0.3784756951390278,0.3434686937387478,0.4440888177635527,0.539507901580316,0.5129025805161033,0.4832966593318664,0.5123024604920984,0.5401080216043208,0.5887177435487098
8315,LVH,0.002,True,0.6477295459091819,0.571514302860572,0.42388477695539106,0.6477295459091819,0.5423084616923385,0.5061012202440488,0.46389277855571115,0.5797159431886377,0.6005201040208041,0.5663132626525305,0.5387077415483097,0.5767153430686137,0.610122024404881,0.6477295459091819
8315,LVH,0.005,True,0.8411682336467293,0.7543508701740349,0.6783356671334266,0.8165633126625325,0.7829565913182637,0.7551510302060412,0.7245449089817964,0.8411682336467293,0.7729545909181836,0.6893378675735147,0.6717343468693738,0.7277455491098219,0.7535507101420285,0.7793558711742349
19373,LVH,0.0005,True,0.535507101420284,0.3857771554310862,0.2910582116423285,0.34666933386677334,0.4842968593718744,0.28665733146629324,0.33166633326665335,0.3596719343868774,0.535507101420284,0.42488497699539907,0.36007201440288056,0.4356871374274855,0.41148229645929185,0.4488897779555911
19373,LVH,0.001,True,0.5471094218843768,0.3991798359671934,0.3080616123224645,0.3596719343868774,0.5047009401880376,0.3016603320664133,0.3660732146429286,0.3812762552510502,0.5471094218843768,0.44008801760352073,0.370874174834967,0.43908781756351273,0.41708341668333665,0.46089217843568714
19373,LVH,0.002,True,0.6215243048609722,0.5124024804960993,0.42368473694738945,0.46109221844368875,0.5917183436687338,0.4306861372274455,0.5225045009001801,0.5279055811162232,0.6215243048609722,0.5309061812362472,0.44568913782756553,0.5023004600920185,0.48849769953990796,0.5375075015003
19373,LVH,0.005,True,0.8503700740148029,0.7609521904380876,0.7495499099819964,0.7571514302860572,0.828365673134627,0.7511502300460092,0.8339667933586717,0.8073614722944589,0.8503700740148029,0.7691538307661532,0.6725345069013803,0.6673334666933387,0.6735347069413883,0.764752950590118
18768,LVH,0.0005,True,0.5673134626925385,0.38687737547509504,0.1852370474094819,0.3082616523304661,0.380876175235047,0.20344068813762753,0.21504300860172035,0.26105221044208843,0.5673134626925385,0.42388477695539106,0.392878575715143,0.4118823764752951,0.42968593718743747,0.478495699139828
18768,LVH,0.001,True,0.5807161432286457,0.40358071614322866,0.19243848769753952,0.31826365273054613,0.40888177635527106,0.21464292858571715,0.22944588917783557,0.2864572914582917,0.5807161432286457,0.4322864572914583,0.39827965593118625,0.41548309661932387,0.4332866573314663,0.48489697939587917
18768,LVH,0.002,True,0.6563312662532507,0.48349669933986794,0.2966593318663733,0.4100820164032807,0.5113022604520904,0.33526705341068214,0.36587317463492697,0.4346869373874775,0.6563312662532507,0.5029005801160232,0.4746949389877976,0.49229845969193836,0.5137027405481096,0.5553110622124425
18768,LVH,0.005,True,0.8415683136627325,0.6953390678135627,0.5597119423884777,0.6459291858371674,0.76375275055011,0.5989197839567914,0.6763352670534106,0.7441488297659532,0.8415683136627325,0.6963392678535707,0.6837367473494699,0.6943388677735547,0.7229445889177836,0.7677535507101421
17554,LVH,0.0005,True,0.2510502100420084,0.18603720744148827,0.057411482296459294,0.11542308461692338,0.16403280656131225,0.0628125625125025,0.0642128425685137,0.07301460292058412,0.20804160832166432,0.24004800960192038,0.22004400880176037,0.22824564912982598,0.2510502100420084,0.2496499299859972
17554,LVH,0.001,True,0.255251050210042,0.19743948789757954,0.0650130026005201,0.12122424484896979,0.1750350070014003,0.0704140828165633,0.07301460292058412,0.08221644328865774,0.21984396879375875,0.254250850170034,0.22384476895379077,0.23124624924984996,0.2548509701940388,0.255251050210042
17554,LVH,0.002,True,0.34746949389877974,0.27825565113022604,0.12042408481696339,0.18003600720144028,0.2566513302660532,0.14442888577715543,0.15203040608121624,0.16543308661732348,0.2998599719943989,0.34746949389877974,0.3080616123224645,0.31446289257851573,0.33706741348269653,0.34546909381876373
17554,LVH,0.005,True,0.5793158631726345,0.5058011602320464,0.28325665133026606,0.3622724544908982,0.4972994598919784,0.33846769353870776,0.3712742548509702,0.39427885577115424,0.5403080616123225,0.5793158631726345,0.5259051810362072,0.5143028605721144,0.5451090218043608,0.5711142228445689
96,LVH,0.0005,True,0.46669333866773355,0.32836567313462695,0.21244248849769953,0.2996599319863973,0.3386677335467093,0.21784356871374275,0.23204640928185638,0.2480496099219844,0.45169033806761355,0.34326865373074616,0.3180636127225445,0.41448289657931586,0.4348869773954791,0.46669333866773355
96,LVH,0.001,True,0.47429485897179435,0.33696739347869575,0.23904780956191238,0.3132626525305061,0.35087017403480697,0.23464692938587717,0.248249649929986,0.2654530906181236,0.46649329865973194,0.35167033406681336,0.32306461292258454,0.4174834966993399,0.4416883376675335,0.47429485897179435
96,LVH,0.002,True,0.5573114622924585,0.4249849969993999,0.3462692538507702,0.40568113622724544,0.4468893778755751,0.35827165433086616,0.39367873574714946,0.3950790158031606,0.5573114622924585,0.4350870174034807,0.4148829765953191,0.49429885977195437,0.5233046609321864,0.5565113022604521
96,LVH,0.005,True,0.7909581916383277,0.6784356871374275,0.6427285457091418,0.655131026205241,0.7101420284056812,0.654130826165233,0.70374074814963,0.6707341468293658,0.7909581916383277,0.6429285857171434,0.6423284656931386,0.6861372274454891,0.735747149429886,0.7839567913582717
1032,LVH,0.0005,True,0.5081016203240648,0.44078815763152634,0.29925985197039406,0.4422884576915383,0.46409281856371276,0.33446689337867574,0.33746749349869976,0.4290858171634327,0.5081016203240648,0.4408881776355271,0.4614922984596919,0.4624924984996999,0.4406881376275255,0.41428285657131425
1032,LVH,0.001,True,0.5289057811562312,0.4520904180836167,0.3134626925385077,0.46889377875575117,0.4812962592518504,0.353870774154831,0.355871174234847,0.4538907781556311,0.5289057811562312,0.4498899779955991,0.4708941788357672,0.4680936187237448,0.4502900580116023,0.4262852570514103
1032,LVH,0.002,True,0.6283256651330266,0.5577115423084618,0.4336867373474695,0.5641128225645129,0.5787157431486297,0.494498899779956,0.48249649929986,0.6093218643728746,0.6283256651330266,0.5453090618123625,0.5661132226445289,0.5643128625725145,0.5513102620524105,0.5273054610922184
1032,LVH,0.005,True,0.8543708741748349,0.8006601320264053,0.7209441888377676,0.8411682336467293,0.8027605521104221,0.7951590318063613,0.7655531106221244,0.8361672334466893,0.8543708741748349,0.7813562712542509,0.7841568313662732,0.8251650330066013,0.8017603520704141,0.7995599119823965
10129,LVH,0.0005,True,0.6523304660932187,0.5532106421284257,0.5261052210442089,0.6427285457091418,0.6523304660932187,0.5541108221644329,0.5523104620924185,0.6051210242048409,0.6047209441888378,0.47649529905981197,0.50250050010002,0.5617123424684937,0.5363072614522905,0.5489097819563913
10129,LVH,0.001,True,0.6709341868373675,0.5700140028005601,0.5521104220844169,0.6559311862372474,0.6709341868373675,0.5729145829165834,0.5743148629725945,0.626125225045009,0.6179235847169434,0.48269653930786155,0.5107021404280856,0.5671134226845369,0.5457091418283657,0.5557111422284456
10129,LVH,0.002,True,0.735747149429886,0.6589317863572715,0.6407281456291258,0.7131426285257051,0.735747149429886,0.6765353070614123,0.6853370674134827,0.7341468293658732,0.6853370674134827,0.5527105421084216,0.5917183436687338,0.6413282656531306,0.6255251050210042,0.6383276655331066
10129,LVH,0.005,True,0.8951790358071614,0.8559711942388477,0.8563712742548509,0.8805761152230446,0.8951790358071614,0.8715743148629725,0.8897779555911183,0.8937787557511502,0.8555711142228446,0.7363472694538907,0.7811562312462492,0.8151630326065213,0.8221644328865774,0.830366073214643
4918,LVH,0.0005,True,0.5053010602120425,0.35177035407081414,0.20244048809761953,0.2664532906581316,0.30686137227445487,0.1880376075215043,0.21924384876975395,0.2364472894578916,0.4900980196039208,0.4232846569313863,0.3966793358671734,0.47549509901980397,0.40008001600320064,0.5053010602120425
4918,LVH,0.001,True,0.5185037007401481,0.3617723544708942,0.22924584916983395,0.27445489097819564,0.3190638127625525,0.20444088817763553,0.24284856971394278,0.2514502900580116,0.5081016203240648,0.4374874974994999,0.4044808961792358,0.48469693938787756,0.40668133626725345,0.5185037007401481
4918,LVH,0.002,True,0.6015203040608121,0.4469893978795759,0.3378675735147029,0.38207641528305664,0.4156831366273255,0.34386877375475094,0.3900780156031206,0.3860772154430886,0.5889177835567113,0.5083016603320664,0.47829565913182637,0.5693138627725545,0.495499099819964,0.6015203040608121
4918,LVH,0.005,True,0.8243648729745949,0.6986397279455892,0.6481296259251851,0.6449289857971594,0.6937387477495499,0.6489297859571914,0.7145429085817163,0.6685337067413483,0.8243648729745949,0.7035407081416283,0.6865373074614923,0.7835567113422685,0.7161432286457291,0.8113622724544909
4716,LVH,0.0005,True,0.6019203840768154,0.4402880576115223,0.35707141428285655,0.4422884576915383,0.6019203840768154,0.375875175035007,0.4052810562112423,0.47249449889977996,0.5885177035407081,0.4382876575315063,0.41508301660332064,0.40848169633926784,0.4566913382676535,0.4950990198039608
4716,LVH,0.001,True,0.624124824964993,0.4515903180636127,0.3750750150030006,0.4614922984596919,0.624124824964993,0.39067813562712544,0.4262852570514103,0.494498899779956,0.6017203440688138,0.4416883376675335,0.41648329665933187,0.41048209641928385,0.4652930586117223,0.5077015403080616
4716,LVH,0.002,True,0.7027405481096219,0.5546109221844369,0.48169633926785355,0.5549109821964393,0.7027405481096219,0.5107021404280856,0.5695139027805561,0.6409281856371274,0.6821364272854571,0.5049009801960392,0.4870974194838968,0.4892978595719144,0.5543108621724345,0.5927185437087418
4716,LVH,0.005,True,0.8999799959991999,0.8096619323864773,0.7673534706941388,0.8183636727345469,0.8999799959991999,0.8009601920384077,0.8465693138627726,0.882376475295059,0.8745749149829966,0.6727345469093818,0.6851370274054811,0.7145429085817163,0.7721544308861772,0.8253650730146029
6146,LVH,0.0005,True,0.5557111422284456,0.41228245649129824,0.2580516103220644,0.3764752950590118,0.46569313862772554,0.28305661132226445,0.2900580116023205,0.3654730946189238,0.5557111422284456,0.41788357671534304,0.4434886977395479,0.44848969793958793,0.40668133626725345,0.45809161832366474
6146,LVH,0.001,True,0.5673134626925385,0.42418483696739345,0.26805361072214445,0.3890778155631126,0.483496699339868,0.29725945189037806,0.30206041208241646,0.39147829565913184,0.5673134626925385,0.43048609721944386,0.4536907381476295,0.4624924984996999,0.41788357671534304,0.47149429885977195
6146,LVH,0.002,True,0.6565313062612522,0.5361072214442888,0.3760752150430086,0.48209641928385677,0.5783156631326265,0.4234846969393879,0.4410882176435287,0.5471094218843768,0.6565313062612522,0.5121024204840968,0.5495099019803961,0.5573114622924585,0.5251050210042009,0.5701140228045609
6146,LVH,0.005,True,0.8535707141428286,0.7944588917783557,0.6461292258451691,0.7305461092218444,0.8029605921184236,0.6877375475095019,0.7249449889977996,0.8311662332466493,0.8535707141428286,0.7093418683736747,0.7975595119023805,0.8175635127025405,0.7913582716543308,0.8291658331666333
10672,LVH,0.0005,True,0.5343068613722745,0.4389877975595119,0.254250850170034,0.3270654130826165,0.49429885977195437,0.26685337067413484,0.2844568913782757,0.3216643328665733,0.5343068613722745,0.45149029805961194,0.4342868573714743,0.4436887377475495,0.4802960592118424,0.48869773954790957
10672,LVH,0.001,True,0.5495099019803961,0.44178835767153435,0.27165433086617324,0.34406881376275256,0.5087017403480696,0.28485697139427885,0.3066613322664533,0.34786957391478296,0.5495099019803961,0.4624924984996999,0.4380876175235047,0.4454890978195639,0.48249649929986,0.4976995399079816
10672,LVH,0.002,True,0.624124824964993,0.5097019403880776,0.37247449489897977,0.43248649729945987,0.5833166633326665,0.40188037607521504,0.4356871374274855,0.48009601920384076,0.624124824964993,0.5219043808761752,0.505501100220044,0.5139027805561113,0.5543108621724345,0.5779155831166233
10672,LVH,0.005,True,0.8209641928385677,0.7006401280256052,0.6427285457091418,0.6733346669333867,0.7843568713742749,0.6791358271654331,0.7219443888777756,0.7421484296859372,0.8209641928385677,0.6845369073814763,0.6659331866373275,0.6751350270054011,0.716743348669734,0.7825565113022604
12970,LVH,0.0005,True,0.4918983796759352,0.36897379475895176,0.3216643328665733,0.40328065613122627,0.4918983796759352,0.3208641728345669,0.3434686937387478,0.3872774554910982,0.40488097619523905,0.3274654930986197,0.3122624524904981,0.35067013402680536,0.45889177835567113,0.4832966593318664
12970,LVH,0.001,True,0.499499899979996,0.3796759351870374,0.33746749349869976,0.41088217643528707,0.499499899979996,0.3350670134026805,0.36087217443488695,0.39847969593918786,0.41308261652330464,0.33166633326665335,0.3176635327065413,0.356871374274855,0.4680936187237448,0.4972994598919784
12970,LVH,0.002,True,0.5977195439087818,0.503500700140028,0.45929185837167436,0.4988997799559912,0.5959191838367673,0.4776955391078216,0.5157031406281256,0.530506101220244,0.5081016203240648,0.39707941588317663,0.39147829565913184,0.4442888577715543,0.5691138227645529,0.5977195439087818
12970,LVH,0.005,True,0.8487697539507901,0.7819563912782557,0.7667533506701341,0.7773554710942189,0.8367673534706941,0.7865573114622925,0.8327665533106622,0.8149629925985197,0.7705541108221644,0.592118423684737,0.6203240648129625,0.6985397079415884,0.8431686337267453,0.8487697539507901
10971,LVH,0.0005,True,0.5639127825565113,0.4370874174834967,0.33946789357871576,0.5423084616923385,0.44388877775555113,0.3836767353470694,0.357871574314863,0.4302860572114423,0.5211042208441689,0.41428285657131425,0.40868173634726945,0.4536907381476295,0.5039007801560312,0.5639127825565113
10971,LVH,0.001,True,0.5771154230846169,0.45999199839967997,0.3612722544508902,0.5531106221244249,0.46549309861972393,0.39947989597919586,0.3804760952190438,0.45649129825965196,0.5371074214842969,0.4320864172834567,0.41708341668333665,0.4634926985397079,0.5097019403880776,0.5771154230846169
10971,LVH,0.002,True,0.6517303460692139,0.5519103820764153,0.46189237847569514,0.6229245849169834,0.5545109021804361,0.5181036207241448,0.4966993398679736,0.6037207441488298,0.6163232646529306,0.5029005801160232,0.48289657931586316,0.5493098619723945,0.585117023404681,0.6517303460692139
10971,LVH,0.005,True,0.8601720344068814,0.7739547909581916,0.7131426285257051,0.8183636727345469,0.8025605121024205,0.7645529105821164,0.7653530706141228,0.8601720344068814,0.8015603120624125,0.706741348269654,0.6739347869573915,0.7713542708541709,0.7765553110622124,0.8511702340468094
7844,LVH,0.0005,True,0.3752750550110022,0.2444488897779556,0.19663932786557312,0.26865373074614923,0.3752750550110022,0.19863972794558912,0.21964392878575714,0.2420484096819364,0.3194638927785557,0.20644128825765154,0.19863972794558912,0.2468493698739748,0.3224644928985797,0.37247449489897977
7844,LVH,0.001,True,0.38687737547509504,0.2555511102220444,0.21364272854570915,0.28325665133026606,0.38687737547509504,0.21624324864972994,0.2406481296259252,0.2626525305061012,0.33046609321864373,0.21184236847369473,0.20004000800160032,0.2484496899379876,0.3252650530106021,0.3836767353470694
7844,LVH,0.002,True,0.4962992598519704,0.39297859571914384,0.3348669733946789,0.3804760952190438,0.4962992598519704,0.34946989397879574,0.40548109621924383,0.4148829765953191,0.4412882576515303,0.2940588117623525,0.27625525105021004,0.33266653330666135,0.41888377675535104,0.48249649929986
7844,LVH,0.005,True,0.7601520304060813,0.6617323464692939,0.6459291858371674,0.6565313062612522,0.7601520304060813,0.6669333866773355,0.7519503900780156,0.7271454290858171,0.7023404680936187,0.493498699739948,0.4802960592118424,0.5389077815563112,0.6315263052610522,0.7295459091818364
1004,LVH,0.0005,True,0.48769753950790157,0.3745749149829966,0.22504500900180036,0.3180636127225445,0.3806761352270454,0.22344468893778754,0.23664732946589317,0.28145629125825167,0.48769753950790157,0.3684736947389478,0.38687737547509504,0.40548109621924383,0.4024804960992198,0.4270854170834167
1004,LVH,0.001,True,0.4950990198039608,0.380376075215043,0.2450490098019604,0.3320664132826565,0.3966793358671734,0.23904780956191238,0.2550510102020404,0.29625925185037005,0.4950990198039608,0.3714742948589718,0.3892778555711142,0.41228245649129824,0.41028205641128224,0.4366873374674935
1004,LVH,0.002,True,0.5847169433886777,0.45729145829165835,0.35927185437087417,0.4306861372274455,0.5009001800360072,0.375875175035007,0.40768153630726145,0.44848969793958793,0.5847169433886777,0.4482896579315863,0.46609321864372877,0.49229845969193836,0.49749949989998,0.5281056211242249
1004,LVH,0.005,True,0.7855571114222845,0.6950390078015602,0.636127225445089,0.6951390278055611,0.7721544308861772,0.6745349069813963,0.7195439087817563,0.7421484296859372,0.7855571114222845,0.6285257051410282,0.6575315063012602,0.6881376275255051,0.6949389877975595,0.7221444288857771
3392,LVH,0.0005,True,0.378875775155031,0.22124424884976995,0.05201040208041608,0.15403080616123224,0.14442888577715543,0.0612122424484897,0.0628125625125025,0.09181836367273455,0.351870374074815,0.28845769153830764,0.3126625325065013,0.3044608921784357,0.3730746149229846,0.378875775155031
3392,LVH,0.001,True,0.392878575715143,0.23394678935787155,0.0618123624724945,0.16583316663332667,0.15963192638527707,0.07141428285657131,0.07481496299259852,0.11022204440888178,0.372874574914983,0.30206041208241646,0.3284656931386277,0.3156631326265253,0.3832766553310662,0.392878575715143
3392,LVH,0.002,True,0.5011002200440088,0.3230646129225845,0.1218243648729746,0.24244848969793958,0.239247849569914,0.15283056611322265,0.15303060612122424,0.20524104820964192,0.47609521904380875,0.40368073614722944,0.4260852170434087,0.40968193638727746,0.47829565913182637,0.5011002200440088
3392,LVH,0.005,True,0.7693538707741548,0.5764152830566114,0.3014602920584117,0.47429485897179435,0.4918983796759352,0.3682736547309462,0.3774754950990198,0.4756951390278056,0.7511502300460092,0.6663332666533307,0.6983396679335867,0.6609321864372875,0.7271454290858171,0.7693538707741548
10703,LVH,0.0005,True,0.4882976595319064,0.29065813162632526,0.1260252050410082,0.15983196639327865,0.4882976595319064,0.1342268453690738,0.16383276655331067,0.21084216843368675,0.36207241448289657,0.27125425085017,0.3912782556511302,0.3100620124024805,0.40988197639527907,0.3812762552510502
10703,LVH,0.001,True,0.50250050010002,0.3143628725745149,0.1312262452490498,0.17063412682536508,0.50250050010002,0.14202840568113623,0.17303460692138428,0.23744748949789957,0.3722744548909782,0.2788557711542308,0.4110822164432887,0.34986997399479897,0.4244848969793959,0.38887777555511105
10703,LVH,0.002,True,0.5839167833566713,0.40538107621524305,0.21324264852970595,0.25645129025805163,0.5839167833566713,0.23224644928985796,0.2958591718343669,0.3756751350270054,0.46929385877175434,0.38307661532306464,0.5149029805961193,0.42768553710742147,0.5347069413882777,0.500500100020004
10703,LVH,0.005,True,0.8123624724944989,0.7007401480296059,0.4548909781956391,0.5057011402280456,0.8123624724944989,0.47729545909181836,0.5903180636127225,0.6829365873174635,0.7185437087417483,0.6735347069413883,0.7933586717343468,0.7349469893978796,0.8019603920784156,0.7913582716543308
6554,LVH,0.0005,True,0.5269053810762152,0.3188637727545509,0.120624124824965,0.28085617123424683,0.2496499299859972,0.14562912582516505,0.13722744548909782,0.1926385277055411,0.5269053810762152,0.356871374274855,0.37247449489897977,0.3746749349869974,0.39907981596319264,0.45449089817963595
6554,LVH,0.001,True,0.5329065813162632,0.33086617323464695,0.132626525305061,0.29065813162632526,0.26765353070614123,0.15963192638527707,0.15223044608921785,0.21324264852970595,0.5329065813162632,0.3710742148429686,0.3850770154030806,0.381876375275055,0.4148829765953191,0.46889377875575117
6554,LVH,0.002,True,0.632126425285057,0.4251850370074015,0.22184436887377476,0.38207641528305664,0.3614722944588918,0.2750550110022004,0.2654530906181236,0.354870974194839,0.632126425285057,0.46929385877175434,0.46829365873174633,0.4832966593318664,0.5139027805561113,0.5727145429085817
6554,LVH,0.005,True,0.8241648329665933,0.6833366673334667,0.47489497899579913,0.6445289057811562,0.6421284256851371,0.5701140228045609,0.5463092618523705,0.6705341068213643,0.8241648329665933,0.7035407081416283,0.6961392278455691,0.7299459891978396,0.7663532706541308,0.8065613122624525
6347,LVH,0.0005,True,0.4464892978595719,0.26875375075015,0.08941788357671535,0.21104220844168833,0.17823564712942588,0.09981996399279856,0.09981996399279856,0.13642728545709143,0.4380876175235047,0.3264652930586117,0.353870774154831,0.36107221444288856,0.3956791358271654,0.4464892978595719
6347,LVH,0.001,True,0.4574914982996599,0.27655531106221243,0.09601920384076815,0.22084416883376676,0.1852370474094819,0.11102220444088817,0.10662132426485298,0.14902980596119225,0.4444888977795559,0.3322664532906581,0.3612722544508902,0.3654730946189238,0.40328065613122627,0.4574914982996599
6347,LVH,0.002,True,0.5503100620124025,0.37097419483896776,0.17443488697739548,0.3218643728745749,0.28245649129825967,0.21524304860972193,0.20264052810562114,0.272254450890178,0.535507101420284,0.42008401680336066,0.4530906181236247,0.4490898179635927,0.4976995399079816,0.5503100620124025
6347,LVH,0.005,True,0.7737547509501901,0.6117223444688937,0.38487697539507904,0.5929185837167433,0.5339067813562712,0.46949389877975595,0.4540908181636327,0.5731146229245849,0.7399479895979196,0.6305261052210442,0.655131026205241,0.662132426485297,0.7255451090218044,0.7737547509501901
8718,LVH,0.0005,True,0.5063012602520504,0.394878975795159,0.17763552710542108,0.391878375675135,0.2614522904580916,0.21344268853770754,0.19143828765753151,0.27085417083416685,0.47429485897179435,0.4546909381876375,0.5063012602520504,0.397879575915183,0.4100820164032807,0.4334866973394679
8718,LVH,0.001,True,0.535507101420284,0.42048409681936383,0.1870374074814963,0.41888377675535104,0.27245449089817964,0.22884576915383076,0.19963992798559713,0.2984596919383877,0.4938987797559512,0.48169633926785355,0.535507101420284,0.42208441688337667,0.43908781756351273,0.4546909381876375
8718,LVH,0.002,True,0.6223244648929785,0.5244048809761952,0.28425685137027407,0.5159031806361273,0.3726745349069814,0.3626725345069014,0.3198639727945589,0.4510902180436087,0.5799159831966393,0.5765153030606122,0.6223244648929785,0.535507101420284,0.5329065813162632,0.5643128625725145
8718,LVH,0.005,True,0.8561712342468494,0.8188637727545509,0.5453090618123625,0.8137627525505101,0.6147229445889177,0.6603320664132827,0.584116823364673,0.759751950390078,0.8239647929585917,0.8395679135827165,0.8561712342468494,0.8401680336067213,0.8385677135427085,0.840368073614723
20897,NORM,0.0005,True,0.5859171834366873,0.4744948989797959,0.33066613322664534,0.4568913782756551,0.47889577915583115,0.34806961392278457,0.35067013402680536,0.41368273654730947,0.5347069413882777,0.48869773954790957,0.4700940188037607,0.5271054210842169,0.5463092618523705,0.5859171834366873
20897,NORM,0.001,True,0.6061212242448489,0.48849769953990796,0.3642728545709142,0.48089617923584715,0.5057011402280456,0.374874974994999,0.3844768953790758,0.45169033806761355,0.5541108221644329,0.4960992198439688,0.47749549909982,0.5359071814362872,0.5607121424284857,0.6061212242448489
20897,NORM,0.002,True,0.6781356271254251,0.588617723544709,0.47589517903580714,0.5777155431086217,0.6021204240848169,0.5229045809161832,0.5297059411882377,0.5995199039807961,0.6325265053010602,0.5707141428285657,0.5581116223244649,0.6205241048209642,0.640128025605121,0.6781356271254251
20897,NORM,0.005,True,0.877375475095019,0.833366673334667,0.7921584316863373,0.8251650330066013,0.866373274654931,0.8147629525905181,0.8517703540708141,0.8607721544308862,0.8539707941588318,0.751750350070014,0.7651530306061213,0.8131626325265053,0.8415683136627325,0.877375475095019
2557,NORM,0.0005,True,0.5279055811162232,0.4393878775755151,0.20964192838567713,0.2426485297059412,0.5279055811162232,0.20884176835367074,0.2606521304260852,0.2740548109621924,0.5137027405481096,0.45909181836367274,0.44588917783556714,0.4328865773154631,0.47149429885977195,0.5151030206041208
2557,NORM,0.001,True,0.5513102620524105,0.4540908181636327,0.22924584916983395,0.2644528905781156,0.5513102620524105,0.22804560912182437,0.28785757151430286,0.30306061212242447,0.5327065413082617,0.4718943788757752,0.45909181836367274,0.4490898179635927,0.48669733946789356,0.5339067813562712
2557,NORM,0.002,True,0.6415283056611323,0.5395079015803161,0.3386677335467093,0.3684736947389478,0.6415283056611323,0.3584716943388678,0.4482896579315863,0.45429085817163434,0.6169233846769354,0.5631126225245049,0.5449089817963593,0.5341068213642729,0.5755151030206042,0.6217243448689738
2557,NORM,0.005,True,0.8509701940388078,0.7603520704140828,0.6441288257651531,0.6687337467493498,0.836367273454691,0.6737347469493898,0.7563512702540508,0.7643528705741148,0.8321664332866573,0.7749549909981996,0.7499499899979996,0.7551510302060412,0.8339667933586717,0.8509701940388078
18517,NORM,0.0005,True,0.5441088217643528,0.4340868173634727,0.26125225045009004,0.3674734946989398,0.45329065813162633,0.28565713142628524,0.2940588117623525,0.3340668133626725,0.47929585917183437,0.4148829765953191,0.4546909381876375,0.45629125825165034,0.494498899779956,0.5441088217643528
18517,NORM,0.001,True,0.5613122624524906,0.4415883176635327,0.28585717143428685,0.38587717543508704,0.4802960592118424,0.3054610922184437,0.33086617323464695,0.35927185437087417,0.501500300060012,0.4244848969793959,0.4586917383476695,0.4606921384276855,0.5077015403080616,0.5613122624524906
18517,NORM,0.002,True,0.6427285457091418,0.5241048209641929,0.40748149629925984,0.483496699339868,0.5815163032606522,0.4418883776755351,0.48369673934786955,0.511502300460092,0.5763152630526105,0.5061012202440488,0.5367073414682937,0.5463092618523705,0.589117823564713,0.6427285457091418
18517,NORM,0.005,True,0.8739747949589918,0.76375275055011,0.7089417883576715,0.7249449889977996,0.8543708741748349,0.7219443888777756,0.8141628325665133,0.7935587117423485,0.7891578315663133,0.7049409881976395,0.7065413082616523,0.7383476695339067,0.8149629925985197,0.8739747949589918
5705,NORM,0.0005,True,0.5049009801960392,0.4100820164032807,0.28245649129825967,0.35707141428285655,0.42288457691538306,0.28125625125025006,0.3092618523704741,0.3222644528905781,0.5049009801960392,0.44488897779555914,0.4014802960592118,0.4206841368273655,0.4186837367473495,0.46849369873974794
5705,NORM,0.001,True,0.5289057811562312,0.41628325665133026,0.3072614522904581,0.367873574714943,0.4452890578115623,0.29465893178635727,0.33626725345069014,0.33826765353070615,0.5289057811562312,0.45429085817163434,0.40708141628325667,0.4254850970194039,0.42568513702740546,0.4766953390678136
5705,NORM,0.002,True,0.6057211442288458,0.4942988597719544,0.41268253650730147,0.46649329865973194,0.5343068613722745,0.4254850970194039,0.47909581916383276,0.478495699139828,0.6057211442288458,0.5219043808761752,0.4862972594518904,0.5023004600920185,0.509501900380076,0.5583116623324665
5705,NORM,0.005,True,0.860372074414883,0.7210442088417683,0.6883376675335067,0.6975395079015804,0.8009601920384077,0.7009401880376075,0.7793558711742349,0.7411482296459292,0.860372074414883,0.6809361872374475,0.6619323864772955,0.6859371874374875,0.7451490298059612,0.7739547909581916
3778,NORM,0.0005,True,0.5245049009801961,0.4044808961792359,0.27645529105821165,0.35547109421884376,0.5245049009801961,0.28525705141028207,0.3246649329865973,0.35167033406681336,0.5245049009801961,0.4312862572514503,0.41088217643528707,0.39807961592318464,0.4184836967393479,0.4530906181236247
3778,NORM,0.001,True,0.5333066613322665,0.4120824164832967,0.30026005201040207,0.3662732546509302,0.5331066213242649,0.30206041208241646,0.34406881376275256,0.3632726545309062,0.5333066613322665,0.4408881776355271,0.4166833366673335,0.40748149629925984,0.42768553710742147,0.4576915383076615
3778,NORM,0.002,True,0.6337267453490698,0.5118023604720945,0.41928385677135427,0.47169433886777357,0.6337267453490698,0.42868573714742947,0.4986997399479896,0.5165033006601321,0.6273254650930186,0.5381076215243049,0.5061012202440488,0.5071014202840568,0.5207041408281656,0.5535107021404281
3778,NORM,0.005,True,0.8659731946389277,0.7857571514302861,0.7017403480696139,0.7201440288057611,0.8421684336867373,0.712742548509702,0.7869573914782957,0.7831566313262652,0.8659731946389277,0.8045609121824365,0.7593518703740748,0.7889577915583117,0.7845569113822765,0.8111622324464893
15932,NORM,0.0005,True,0.5989197839567914,0.4923984796959392,0.30966193238647727,0.49229845969193836,0.4436887377475495,0.35827165433086616,0.34406881376275256,0.41728345669133826,0.5989197839567914,0.49249849969994,0.4966993398679736,0.5257051410282056,0.5117023404680936,0.535507101420284
15932,NORM,0.001,True,0.6105221044208842,0.5032006401280256,0.32666533306661333,0.5047009401880376,0.47209441888377673,0.374874974994999,0.368873774754951,0.4452890578115623,0.6105221044208842,0.5017003400680136,0.5057011402280456,0.5371074214842969,0.5235047009401881,0.5461092218443688
15932,NORM,0.002,True,0.669133826765353,0.5814162832566513,0.44968993798759754,0.5917183436687338,0.5749149829965993,0.5007001400280056,0.5107021404280856,0.5879175835167033,0.669133826765353,0.5731146229245849,0.5747149429885977,0.614122824564913,0.6057211442288458,0.6213242648529705
15932,NORM,0.005,True,0.8337667533506702,0.7959591918383677,0.7245449089817964,0.7979595919183837,0.8037607521504301,0.7635527105421084,0.7755551110222044,0.8337667533506702,0.8307661532306462,0.7485497099419884,0.7683536707341468,0.8015603120624125,0.7955591118223645,0.7963592718543708
12255,NORM,0.0005,True,0.7133426685337068,0.5526105221044209,0.36687337467493497,0.5517103420684136,0.5433086617323465,0.41348269653930786,0.40548109621924383,0.4802960592118424,0.7133426685337068,0.5707141428285657,0.5535107021404281,0.6077215443088618,0.6413282656531306,0.6505301060212042
12255,NORM,0.001,True,0.7297459491898379,0.5743148629725945,0.40388077615523105,0.5769153830766153,0.5717143428685737,0.4450890178035607,0.4404880976195239,0.5091018203640728,0.7297459491898379,0.588117623524705,0.5695139027805561,0.6263252650530106,0.6595319063812762,0.6573314662932587
12255,NORM,0.002,True,0.7935587117423485,0.6664332866573315,0.5215043008601721,0.6657331466293258,0.667133426685337,0.5869173834766953,0.588117623524705,0.6721344268853771,0.7935587117423485,0.6597319463892779,0.6439287857571514,0.6961392278455691,0.7241448289657931,0.7419483896779356
12255,NORM,0.005,True,0.9305861172234446,0.8794758951790358,0.8261652330466093,0.876375275055011,0.8961792358471694,0.8621724344868974,0.8775755151030206,0.8999799959991999,0.9305861172234446,0.8457691538307661,0.8409681936387278,0.881376275255051,0.8935787157431486,0.9269853970794159
6401,NORM,0.0005,True,0.5333066613322665,0.375875175035007,0.28885777155431086,0.3790758151630326,0.5333066613322665,0.3100620124024805,0.33926785357071415,0.3796759351870374,0.47449489897979596,0.3680736147229446,0.33626725345069014,0.3726745349069814,0.4708941788357672,0.5161032206441288
6401,NORM,0.001,True,0.5599119823964793,0.39527905581116224,0.3270654130826165,0.40488097619523905,0.5599119823964793,0.3396679335867173,0.3760752150430086,0.41208241648329663,0.5051010202040408,0.3856771354270854,0.351870374074815,0.3794758951790358,0.48389677935587116,0.5349069813962792
6401,NORM,0.002,True,0.6577315463092619,0.5211042208441689,0.4450890178035607,0.5051010202040408,0.6577315463092619,0.48649729945989195,0.5371074214842969,0.5717143428685737,0.5997199439887978,0.46949389877975595,0.4290858171634327,0.46169233846769353,0.5639127825565113,0.6169233846769354
6401,NORM,0.005,True,0.9069813962792559,0.8092618523704741,0.7873574714942989,0.8063612722544509,0.9069813962792559,0.8121624324864973,0.8695739147829565,0.8729745949189838,0.8739747949589918,0.7329465893178636,0.6933386677335467,0.6913382676535307,0.7775555111022204,0.8509701940388078
5783,NORM,0.0005,True,0.6033206641328266,0.4643928785757151,0.2710542108421684,0.41888377675535104,0.4450890178035607,0.2938587717543509,0.3094618923784757,0.3612722544508902,0.6033206641328266,0.5199039807961592,0.48369673934786955,0.538507701540308,0.5403080616123225,0.5661132226445289
5783,NORM,0.001,True,0.6257251450290058,0.488497699539908,0.29465893178635727,0.4328865773154631,0.4766953390678136,0.3152630526105221,0.34286857371474294,0.3902780556111222,0.6257251450290058,0.5371074214842969,0.5003000600120024,0.5469093818763753,0.5469093818763753,0.5725145029005801
5783,NORM,0.002,True,0.6899379875975195,0.5702140428085617,0.41128225645129024,0.5399079815963193,0.5697139427885577,0.4634926985397079,0.49429885977195437,0.5533106621324265,0.6899379875975195,0.6097219443888777,0.5707141428285657,0.6103220644128826,0.615123024604921,0.6363272654530906
5783,NORM,0.005,True,0.8767753550710142,0.7892578515703141,0.7241448289657931,0.764752950590118,0.8569713942788558,0.7479495899179835,0.8111622324464893,0.8037607521504301,0.8767753550710142,0.8189637927585517,0.7795559111822364,0.7839567913582717,0.7755551110222044,0.7945589117823565
21315,NORM,0.0005,True,0.4222844568913783,0.2705541108221644,0.13582716543308662,0.2594518903780756,0.20924184836967394,0.14102820564112822,0.14302860572114423,0.16203240648129627,0.3852770554110822,0.4222844568913783,0.2816563312662532,0.2864572914582917,0.35027005401080213,0.3782756551310262
21315,NORM,0.001,True,0.44488897779555914,0.2884576915383077,0.15443088617723544,0.2740548109621924,0.22584516903380678,0.15943188637727546,0.16683336667333468,0.18343668733746749,0.40988197639527907,0.44488897779555914,0.3028605721144229,0.3042608521704341,0.3660732146429286,0.39847969593918786
21315,NORM,0.002,True,0.5383076615323065,0.3940788157631526,0.250250050010002,0.37727545509101823,0.3130626125225045,0.29745949189837967,0.28005601120224044,0.3102620524104821,0.5063012602520504,0.5383076615323065,0.41428285657131425,0.41088217643528707,0.46869373874774956,0.498499699939988
21315,NORM,0.005,True,0.8013602720544108,0.7190438087617523,0.5469093818763753,0.6889377875575114,0.5927185437087418,0.6265253050610122,0.588117623524705,0.640128025605121,0.7731546309261852,0.792758551710342,0.7491498299659932,0.7495499099819964,0.7767553510702141,0.8013602720544108
3228,NORM,0.0005,True,0.4960992198439688,0.34866973394678935,0.16943388677735546,0.30026005201040207,0.3212642528505701,0.1828365673134627,0.1874374874974995,0.23904780956191238,0.4960992198439688,0.3760752150430086,0.4508901780356071,0.41708341668333665,0.4226845369073815,0.4044808961792358
3228,NORM,0.001,True,0.5209041808361672,0.3736747349469894,0.1792358471694339,0.3140628125625125,0.35047009401880375,0.1940388077615523,0.20604120824164832,0.2644528905781156,0.5209041808361672,0.396879375875175,0.4614922984596919,0.4320864172834567,0.4394878975795159,0.41628325665133026
3228,NORM,0.002,True,0.6067213442688538,0.46439287857571515,0.2844568913782757,0.40768153630726145,0.44568913782756553,0.3208641728345669,0.34546909381876373,0.4308861772354471,0.6067213442688538,0.4830966193238648,0.5637127425485097,0.5301060212042409,0.5329065813162632,0.5247049409881976
3228,NORM,0.005,True,0.8455691138227646,0.7513502700540109,0.5795159031806362,0.6585317063412682,0.760752150430086,0.6265253050610122,0.6737347469493898,0.7419483896779356,0.8455691138227646,0.7393478695739147,0.8133626725345069,0.7839567913582717,0.7869573914782957,0.786757351470294
18014,NORM,0.0005,True,0.4586917383476695,0.3469693938787758,0.15163032606521304,0.2536507301460292,0.370874174834967,0.16363272654530905,0.17443488697739548,0.21724344868973794,0.45149029805961194,0.3492698539707942,0.34466893378675734,0.38387677535507103,0.45049009801960394,0.4586917383476695
18014,NORM,0.001,True,0.47309461892378474,0.3579715943188638,0.16643328665733145,0.26785357071414284,0.38967793558711744,0.17663532706541307,0.1898379675935187,0.23864772954590918,0.47309461892378474,0.36187237447489495,0.3540708141628326,0.3882776555311062,0.45649129825965196,0.46829365873174633
18014,NORM,0.002,True,0.5751150230046009,0.4422884576915383,0.26325265053010605,0.3594718943788758,0.4900980196039208,0.2994598919783957,0.33426685337067413,0.3760752150430086,0.5751150230046009,0.4498899779955991,0.4346869373874775,0.4708941788357672,0.5361072214442889,0.5585117023404681
18014,NORM,0.005,True,0.8149629925985197,0.6913382676535307,0.5621124224844969,0.6279255851170235,0.7639527905581116,0.5985197039407881,0.6699339867973595,0.7081416283256652,0.8149629925985197,0.7125425085017003,0.6745349069813963,0.6723344668933787,0.7403480696139227,0.7629525905181036
19753,NORM,0.0005,True,0.5495099019803961,0.3307661532306461,0.2446489297859572,0.3184636927385477,0.5495099019803961,0.25645129025805163,0.29145829165833165,0.3200640128025605,0.515503100620124,0.3214642928585717,0.34006801360272054,0.41128225645129024,0.46749349869973994,0.47169433886777357
19753,NORM,0.001,True,0.5611122224444889,0.3474694938987798,0.2666533306661332,0.3330666133226645,0.5611122224444889,0.27445489097819564,0.3142628525705141,0.33726745349069814,0.534506901380276,0.34006801360272054,0.354870974194839,0.4308861772354471,0.48589717943588717,0.48869773954790957
19753,NORM,0.002,True,0.6493298659731946,0.46919383876775356,0.3700740148029606,0.4270854170834167,0.6493298659731946,0.3892778555711142,0.4594918983796759,0.47889577915583115,0.623124624924985,0.4306861372274455,0.4510902180436087,0.5339067813562712,0.5797159431886377,0.5875175035007001
19753,NORM,0.005,True,0.8521704340868174,0.7774554910982197,0.6603320664132827,0.6675335067013403,0.8521704340868174,0.6675335067013403,0.7785557111422284,0.7763552710542109,0.8449689937987598,0.6889377875575114,0.7215443088617723,0.8209641928385677,0.8471694338867773,0.8417683536707341
11011,NORM,0.0005,True,0.4728945789157832,0.3169633926785357,0.22764552910582117,0.27865573114622927,0.4728945789157832,0.22984596919383876,0.2600520104020804,0.2976595319063813,0.372874574914983,0.3152630526105221,0.3186637327465493,0.3540708141628326,0.35747149429885977,0.4080816163232647
11011,NORM,0.001,True,0.49749949989998,0.3226645329065813,0.2440488097619524,0.29065813162632526,0.49749949989998,0.2420484096819364,0.28685737147429485,0.3224644928985797,0.39227845569113823,0.32026405281056214,0.3228645729145829,0.35747149429885977,0.3634726945389078,0.41808361672334465
11011,NORM,0.002,True,0.5755151030206042,0.43148629725945187,0.3482696539307862,0.3770754150830166,0.5755151030206042,0.36287257451490296,0.4420884176835367,0.46709341868373677,0.47829565913182637,0.3780756151230246,0.38787757551510305,0.42088417683536705,0.4442888577715543,0.5051010202040408
11011,NORM,0.005,True,0.8135627125425084,0.6875375075015002,0.6655331066213243,0.6919383876775355,0.8135627125425084,0.6825365073014603,0.7779555911182237,0.7959591918383677,0.745749149829966,0.5719143828765754,0.5715143028605721,0.6179235847169434,0.6831366273254651,0.7545509101820365
19835,NORM,0.0005,True,0.5225045009001801,0.39757951590318064,0.2540508101620324,0.373874774954991,0.3462692538507702,0.2624524904980996,0.2576515303060612,0.29265853170634126,0.5225045009001801,0.4212842568513703,0.4254850970194039,0.4512902580516103,0.47789557911582314,0.47069413882776556
19835,NORM,0.001,True,0.5409081816363273,0.41498299659931986,0.2788557711542308,0.3900780156031206,0.3732746549309862,0.28245649129825967,0.2912582516503301,0.3160632126425285,0.5409081816363273,0.4398879775955191,0.4464892978595719,0.47029405881176234,0.5013002600520104,0.4988997799559912
19835,NORM,0.002,True,0.621124224844969,0.5001000200040008,0.38967793558711744,0.4738947789557912,0.46849369873974794,0.41828365673134627,0.4354870974194839,0.4556911382276455,0.621124224844969,0.5263052610522104,0.530506101220244,0.5613122624524906,0.591118223644729,0.5993198639727946
19835,NORM,0.005,True,0.8899779955991198,0.7659531906381276,0.7007401480296059,0.7275455091018204,0.750750150030006,0.7173434686937388,0.756751350270054,0.7343468693738747,0.8469693938787758,0.7753550710142029,0.7751550310062012,0.8247649529905982,0.8579715943188637,0.8899779955991198
5457,NORM,0.0005,True,0.4680936187237448,0.32626525305061016,0.09301860372074415,0.27365473094618925,0.16483296659331867,0.11642328465693139,0.09761952390478096,0.1248249649929986,0.4348869773954791,0.4508901780356071,0.378875775155031,0.41248249649929986,0.46309261852370476,0.4680936187237448
5457,NORM,0.001,True,0.4912982596519304,0.3452690538107621,0.11042208441688338,0.29265853170634126,0.17543508701740348,0.135627125425085,0.11062212442488498,0.14122824564912984,0.4566913382676535,0.46949389877975595,0.397879575915183,0.4318863772754551,0.4796959391878376,0.4912982596519304
5457,NORM,0.002,True,0.5917183436687338,0.44238847769553913,0.1854370874174835,0.397879575915183,0.2548509701940388,0.2378475695139028,0.20464092818563712,0.2566513302660532,0.5563112622524505,0.5553110622124425,0.4868973794758952,0.5247049409881976,0.5655131026205241,0.5917183436687338
5457,NORM,0.005,True,0.8487697539507901,0.7000400080016003,0.40648129625925183,0.6813362672534506,0.481496299259852,0.5301060212042409,0.4432886577315463,0.5705141028205641,0.8139627925585117,0.7965593118623725,0.71874374874975,0.762752550510102,0.8029605921184236,0.8487697539507901
1913,NORM,0.0005,True,0.5381076215243049,0.43958791758351673,0.265253050610122,0.44488897779555914,0.43908781756351273,0.29825965193038606,0.3006601320264053,0.37247449489897977,0.5347069413882777,0.45229045809161833,0.43908781756351273,0.44008801760352073,0.47749549909982,0.5381076215243049
1913,NORM,0.001,True,0.5609121824364873,0.4532906581316263,0.2834566913382677,0.46369273854770954,0.4566913382676535,0.3188637727545509,0.3196639327865573,0.39547909581916385,0.5609121824364873,0.4662932586517303,0.4498899779955991,0.4470894178835767,0.4880976195239048,0.5511102220444088
1913,NORM,0.002,True,0.6527305461092219,0.5565113022604521,0.40168033606721343,0.5689137827565514,0.5573114622924585,0.46169233846769353,0.46489297859571915,0.5693138627725545,0.6527305461092219,0.5557111422284456,0.5309061812362472,0.5257051410282056,0.5701140228045609,0.6323264652930586
1913,NORM,0.005,True,0.8695739147829565,0.7775555111022204,0.7051410282056412,0.8315663132626525,0.8147629525905181,0.7689537907581516,0.7751550310062012,0.8473694738947789,0.8695739147829565,0.7751550310062012,0.7249449889977996,0.71374274854971,0.7799559911982397,0.8491698339667934
7659,NORM,0.0005,True,0.46549309861972393,0.3105621124224845,0.09941988397679535,0.1930386077215443,0.24004800960192038,0.10682136427285457,0.10562112422484497,0.14562912582516505,0.46549309861972393,0.42108421684336866,0.4148829765953191,0.38107621524304863,0.4214842968593719,0.45509101820364073
7659,NORM,0.001,True,0.484496899379876,0.32936587317463495,0.11002200440088018,0.20564112822564512,0.264252850570114,0.11762352470494099,0.1250250050010002,0.16823364672934588,0.484496899379876,0.44768953790758154,0.43528705741148227,0.39447889577915585,0.4328865773154631,0.46289257851570315
7659,NORM,0.002,True,0.5725145029005801,0.42338467693538706,0.1988397679535907,0.2930586117223445,0.35807161432286455,0.22144428885777157,0.24764952990598119,0.2976595319063813,0.5725145029005801,0.5371074214842969,0.5151030206041208,0.48869773954790957,0.5199039807961592,0.5451090218043608
7659,NORM,0.005,True,0.781756351270254,0.6718343668733746,0.4368873774754951,0.5331066213242649,0.635127025405081,0.48209641928385677,0.5387077415483097,0.592118423684737,0.781756351270254,0.7573514702940588,0.7189437887577516,0.7085417083416683,0.71874374874975,0.71874374874975
20907,NORM,0.0005,True,0.4410882176435287,0.3112622524504901,0.1932386477295459,0.3116623324664933,0.4410882176435287,0.21784356871374275,0.23224644928985796,0.3108621724344869,0.4376875375075015,0.2930586117223445,0.3070614122824565,0.38787757551510305,0.39347869573914784,0.4184836967393479
20907,NORM,0.001,True,0.46449289857971593,0.3383676735347069,0.20684136827365474,0.32586517303460694,0.46449289857971593,0.23144628925785157,0.2530506101220244,0.34546909381876373,0.45989197839567914,0.3108621724344869,0.3312662532506501,0.40568113622724544,0.41348269653930786,0.4374874974994999
20907,NORM,0.002,True,0.5585117023404681,0.476995399079816,0.3112622524504901,0.4214842968593719,0.5585117023404681,0.3500700140028006,0.40168033606721343,0.5143028605721144,0.5511102220444088,0.4110822164432887,0.4450890178035607,0.5089017803560713,0.5143028605721144,0.5339067813562712
20907,NORM,0.005,True,0.8405681136227245,0.7921584316863373,0.6155231046209242,0.7035407081416283,0.8405681136227245,0.6531306261252251,0.7353470694138827,0.8175635127025405,0.8049609921984396,0.70874174834967,0.7793558711742349,0.8081616323264653,0.8189637927585517,0.8187637527505501
7564,NORM,0.0005,True,0.4510902180436087,0.39277855571114223,0.21684336867373474,0.4260852170434087,0.3642728545709142,0.2560512102420484,0.2454490898179636,0.3132626525305061,0.250250050010002,0.4288857771554311,0.4270854170834167,0.4214842968593719,0.4212842568513703,0.4510902180436087
7564,NORM,0.001,True,0.46849369873974794,0.40518103620724144,0.23504700940188036,0.4408881776355271,0.377875575115023,0.27745549109821965,0.26125225045009004,0.3350670134026805,0.268253650730146,0.44488897779555914,0.4398879775955191,0.43248649729945987,0.4370874174834967,0.46849369873974794
7564,NORM,0.002,True,0.5451090218043608,0.5048009601920385,0.32986597319463895,0.5185037007401481,0.48109621924384877,0.40988197639527907,0.3786757351470294,0.4910982196439288,0.3756751350270054,0.5341068213642729,0.5243048609721944,0.5193038607721544,0.5195039007801561,0.5451090218043608
7564,NORM,0.005,True,0.7811562312462492,0.7393478695739149,0.6103220644128826,0.7505501100220044,0.7401480296059212,0.6693338667733547,0.6733346669333867,0.7811562312462492,0.6639327865573115,0.7573514702940588,0.7335467093418684,0.7385477095419084,0.7505501100220044,0.7789557911582317
3768,NORM,0.0005,True,0.4926985397079416,0.27665533106621326,0.136627325465093,0.21004200840168033,0.16903380676135227,0.1244248849769954,0.1222244448889778,0.14002800560112022,0.44848969793958793,0.3704740948189638,0.37247449489897977,0.34326865373074616,0.48469693938787756,0.4926985397079416
3768,NORM,0.001,True,0.5117023404680936,0.2915583116623325,0.15563112622524505,0.22424484896979396,0.19003800760152031,0.13822764552910582,0.14482896579315863,0.16443288657731547,0.46549309861972393,0.3790758151630326,0.38687737547509504,0.358871774354871,0.5013002600520104,0.5117023404680936
3768,NORM,0.002,True,0.6089217843568714,0.3809761952390478,0.26305261052210444,0.3114622924584917,0.27445489097819564,0.2674534906981396,0.26685337067413484,0.28785757151430286,0.5527105421084216,0.4786957391478296,0.47629525905181036,0.45049009801960394,0.5991198239647929,0.6089217843568714
3768,NORM,0.005,True,0.8297659531906382,0.6394278855771154,0.5643128625725145,0.5599119823964793,0.5741148229645929,0.5855171034206841,0.592118423684737,0.5741148229645929,0.784756951390278,0.7043408681736347,0.7011402280456092,0.6867373474694939,0.8241648329665933,0.8297659531906382
20601,NORM,0.0005,True,0.4882976595319064,0.33956791358271654,0.14702940588117624,0.2928585717143429,0.27145429085817163,0.16963392678535708,0.16283256651330266,0.21664332866573316,0.48489697939587917,0.4882976595319064,0.40688137627525506,0.3862772554510902,0.4240848169633927,0.4368873774754951
20601,NORM,0.001,True,0.5101020204040808,0.3565713142628526,0.16463292658531706,0.3132626525305061,0.29325865173034604,0.1884376875375075,0.1816363272654531,0.2444488897779556,0.503500700140028,0.5101020204040808,0.42188437687537506,0.39987997599519903,0.4366873374674935,0.4530906181236247
20601,NORM,0.002,True,0.592118423684737,0.4413882776555311,0.26885377075415084,0.40748149629925984,0.38687737547509504,0.3212642528505701,0.3184636927385477,0.39327865573114623,0.5709141828365674,0.592118423684737,0.4996999399879976,0.47529505901180236,0.5173034606921384,0.5429085817163433
20601,NORM,0.005,True,0.8017603520704141,0.7019403880776155,0.5537107421484296,0.6803360672134426,0.6749349869973995,0.6299259851970395,0.6277255451090218,0.7003400680136027,0.7665533106621324,0.8017603520704141,0.7351470294058812,0.7035407081416283,0.739747949589918,0.7855571114222845
358,NORM,0.0005,True,0.5287057411482297,0.3986797359471894,0.1844368873774755,0.38947789557911583,0.33986797359471893,0.20864172834566913,0.20324064812962592,0.267253450690138,0.5287057411482297,0.46169233846769353,0.4226845369073815,0.40788157631526306,0.4614922984596919,0.45509101820364073
358,NORM,0.001,True,0.5401080216043208,0.41118223644728946,0.20184036807361472,0.40428085617123427,0.3576715343068614,0.22244448889777957,0.21924384876975395,0.28465693138627723,0.5401080216043208,0.47429485897179435,0.4330866173234647,0.41808361672334465,0.4680936187237448,0.46409281856371276
358,NORM,0.002,True,0.6237247449489898,0.494498899779956,0.30106021204240846,0.4882976595319064,0.47549509901980397,0.3614722944588918,0.35247049409881975,0.4340868173634727,0.6237247449489898,0.5635127025405081,0.5121024204840968,0.5007001400280056,0.5417083416683337,0.5443088617723545
358,NORM,0.005,True,0.8315663132626525,0.7211442288457692,0.5865173034606921,0.7239447889577916,0.7667533506701341,0.656131226245249,0.6665333066613323,0.7411482296459292,0.8315663132626525,0.7631526305261053,0.7153430686137228,0.7105421084216843,0.7183436687337468,0.7289457891578316
15282,NORM,0.0005,True,0.5761152230446089,0.4928985797159432,0.358871774354871,0.4830966193238648,0.5715143028605721,0.392878575715143,0.41148229645929185,0.5041008201640328,0.5761152230446089,0.4906981396279256,0.4950990198039608,0.49049809961992397,0.5069013802760552,0.5379075815163032
15282,NORM,0.001,True,0.595119023804761,0.5064012802560512,0.3864772954590918,0.50750150030006,0.5943188637727546,0.4268853770754151,0.4454890978195639,0.5361072214442889,0.595119023804761,0.5003000600120024,0.5053010602120425,0.5031006201240248,0.5251050210042009,0.5623124624924986
15282,NORM,0.002,True,0.6827365473094619,0.600120024004801,0.5021004200840168,0.6079215843168634,0.6809361872374475,0.5613122624524906,0.593118623724745,0.6827365473094619,0.6727345469093818,0.5785157031406282,0.5679135827165434,0.5689137827565514,0.6071214242848569,0.6543308661732347
15282,NORM,0.005,True,0.8955791158231646,0.8595719143828766,0.8249649929985997,0.8751750350070014,0.8939787957591518,0.8581716343268654,0.8609721944388877,0.8955791158231646,0.8717743548709742,0.7553510702140428,0.7431486297259452,0.7645529105821164,0.8371674334866973,0.8953790758151631
19895,NORM,0.0005,True,0.6047209441888378,0.5001000200040008,0.4398879775955191,0.5409081816363273,0.5679135827165434,0.4574914982996599,0.4652930586117223,0.504500900180036,0.6047209441888378,0.5347069413882777,0.4956991398279656,0.4478895779155831,0.505501100220044,0.41088217643528707
19895,NORM,0.001,True,0.6223244648929785,0.5181036207241448,0.46709341868373677,0.5565113022604521,0.5887177435487098,0.47929585917183437,0.49809961992398477,0.5263052610522104,0.6223244648929785,0.5541108221644329,0.5161032206441288,0.46489297859571915,0.5201040208041608,0.4268853770754151
19895,NORM,0.002,True,0.6961392278455691,0.6147229445889177,0.5703140628125625,0.6323264652930586,0.6729345869173835,0.5971194238847769,0.6343268653730746,0.6519303860772154,0.6961392278455691,0.6327265453090618,0.5937187437487498,0.545509101820364,0.5959191838367673,0.5293058611722344
19895,NORM,0.005,True,0.8909781956391278,0.8452690538107621,0.8407681536307261,0.841368273654731,0.8845769153830766,0.8493698739747949,0.8909781956391278,0.864372874574915,0.8905781156231246,0.8491698339667934,0.8067613522704541,0.7801560312062412,0.8229645929185837,0.8257651530306062
19035,NORM,0.0005,True,0.4970994198839768,0.29735947189437884,0.2494498899779956,0.28245649129825967,0.4970994198839768,0.23864772954590918,0.29245849169833965,0.3022604520904181,0.4870974194838968,0.22104420884176834,0.2456491298259652,0.3052610522104421,0.31066213242648527,0.35427085417083415
19035,NORM,0.001,True,0.5277055411082217,0.3186637327465493,0.26985397079415885,0.2978595719143829,0.5277055411082217,0.2608521704340868,0.3264652930586117,0.3228645729145829,0.5125025005001,0.23104620924184838,0.2588517703540708,0.3158631726345269,0.3214642928585717,0.36867373474694937
19035,NORM,0.002,True,0.6167233446689337,0.40268053610722143,0.3816763352670534,0.38307661532306464,0.6167233446689337,0.3784756951390278,0.49529905981196237,0.46569313862772554,0.5933186637327466,0.2984596919383877,0.3406681336267253,0.39807961592318464,0.4072814562912582,0.4434886977395479
19035,NORM,0.005,True,0.8625725145029006,0.6878375675135027,0.7059411882376475,0.661132226445289,0.8625725145029006,0.6819363872774555,0.8379675935187038,0.7759551910382076,0.8125625125025004,0.5267053410682137,0.6193238647729545,0.6523304660932187,0.664132826565313,0.6937387477495499
20397,NORM,0.0005,True,0.6205241048209642,0.4357871574314863,0.3368673734746949,0.4360872174434887,0.6205241048209642,0.35747149429885977,0.3852770554110822,0.4354870974194839,0.5785157031406282,0.41068213642728546,0.41788357671534304,0.4480896179235847,0.4530906181236247,0.4888977795559112
20397,NORM,0.001,True,0.6379275855171034,0.4541908381676335,0.35727145429085816,0.45229045809161833,0.6379275855171034,0.3786757351470294,0.41068213642728546,0.45609121824364873,0.6011202240448089,0.42768553710742147,0.4332866573314663,0.4606921384276855,0.46549309861972393,0.5019003800760152
20397,NORM,0.002,True,0.7253450690138028,0.5362072414482897,0.45909181836367274,0.5311062212442489,0.7253450690138028,0.4960992198439688,0.5499099819963993,0.5963192638527706,0.6729345869173835,0.4990998199639928,0.508501700340068,0.5287057411482297,0.5413082616523305,0.5785157031406282
20397,NORM,0.005,True,0.9147829565913183,0.7596519303860771,0.7227445489097819,0.7503500700140028,0.9147829565913183,0.7325465093018604,0.8397679535907181,0.8563712742548509,0.8561712342468494,0.7181436287257451,0.7283456691338268,0.7583516703340668,0.7609521904380876,0.8111622324464893
16181,NORM,0.0005,True,0.48189637927585516,0.3154630926185237,0.12142428485697139,0.26965393078615724,0.20244048809761953,0.1332266453290658,0.1218243648729746,0.1774354870974195,0.4632926585317063,0.3612722544508902,0.3612722544508902,0.3714742948589718,0.38947789557911583,0.48189637927585516
16181,NORM,0.001,True,0.4890978195639128,0.3315663132626525,0.1394278855771154,0.2900580116023205,0.23004600920184037,0.15003000600120023,0.14942988597719545,0.20264052810562114,0.4872974594918984,0.3730746149229846,0.3734746949389878,0.3806761352270454,0.40008001600320064,0.4890978195639128
16181,NORM,0.002,True,0.5925185037007401,0.4318863772754551,0.23164632926585316,0.40188037607521504,0.3270654130826165,0.28665733146629324,0.26585317063412683,0.36207241448289657,0.5855171034206841,0.46589317863572716,0.46189237847569514,0.4728945789157832,0.4992998599719944,0.5925185037007401
16181,NORM,0.005,True,0.8493698739747949,0.7009401880376076,0.5165033006601321,0.706741348269654,0.6625325065013002,0.6275255051010202,0.5993198639727946,0.7169433886777355,0.8395679135827165,0.6951390278055611,0.6943388677735547,0.7153430686137228,0.755751150230046,0.8493698739747949
9605,NORM,0.0005,True,0.4652930586117223,0.3215643128625725,0.1902380476095219,0.32866573314662934,0.3188637727545509,0.19003800760152031,0.20064012802560513,0.23564712942588517,0.4652930586117223,0.3126625325065013,0.3242648529705941,0.32786557311462294,0.4148829765953191,0.42588517703540707
9605,NORM,0.001,True,0.4868973794758952,0.33326665333066613,0.21344268853770754,0.3444688937787557,0.3312662532506501,0.20684136827365474,0.22604520904180836,0.2536507301460292,0.4868973794758952,0.32686537307461494,0.33526705341068214,0.3396679335867173,0.4268853770754151,0.4450890178035607
9605,NORM,0.002,True,0.5813162632526505,0.4189837967593519,0.3088617723544709,0.4446889377875575,0.4250850170034007,0.3350670134026805,0.3550710142028406,0.40128025605121026,0.5813162632526505,0.40988197639527907,0.4128825765153031,0.4338867773554711,0.5249049809961992,0.5411082216443288
9605,NORM,0.005,True,0.8239647929585917,0.6861372274454891,0.6001200240048009,0.7337467493498699,0.6879375875175034,0.663132626525305,0.6697339467893578,0.7199439887977596,0.8115623124624926,0.626125225045009,0.637127425485097,0.6843368673734747,0.7979595919183837,0.8239647929585917
5534,NORM,0.0005,True,0.5571114222844569,0.4090818163632727,0.2626525305061012,0.32306461292258454,0.5571114222844569,0.26965393078615724,0.31066213242648527,0.3540708141628326,0.496499299859972,0.4950990198039608,0.4320864172834567,0.3860772154430886,0.44668933786757353,0.49529905981196237
5534,NORM,0.001,True,0.5867173434686938,0.4247849569913983,0.28045609121824366,0.34366873374674933,0.5867173434686938,0.2892578515703141,0.33446689337867574,0.38487697539507904,0.5177035407081416,0.5133026605321064,0.44868973794758954,0.40088017603520704,0.46609321864372877,0.5137027405481096
5534,NORM,0.002,True,0.6677335467093418,0.5354070814162832,0.39047809561912383,0.4454890978195639,0.6677335467093418,0.41788357671534304,0.4822964592918584,0.5337067413482697,0.6041208241648329,0.5955191038207641,0.5371074214842969,0.48849769953990796,0.5637127425485097,0.6029205841168234
5534,NORM,0.005,True,0.8961792358471694,0.8084616923384678,0.6781356271254251,0.71874374874975,0.8961792358471694,0.7015403080616123,0.7919583916783357,0.8249649929985997,0.8487697539507901,0.8253650730146029,0.7875575115023005,0.7363472694538907,0.840368073614723,0.8579715943188637
3402,NORM,0.0005,True,0.5147029405881176,0.36487297459491896,0.24244848969793958,0.38107621524304863,0.4024804960992198,0.2644528905781156,0.2768553710742148,0.3072614522904581,0.5147029405881176,0.32866573314662934,0.369873974794959,0.359871974394879,0.40468093618723744,0.3902780556111222
3402,NORM,0.001,True,0.5331066213242649,0.3742748549709942,0.25825165033006603,0.3884776955391078,0.41928385677135427,0.2750550110022004,0.3022604520904181,0.3176635327065413,0.5331066213242649,0.33806761352270454,0.3846769353870774,0.36387277455491096,0.41088217643528707,0.39707941588317663
3402,NORM,0.002,True,0.6183236647329466,0.4612922584516903,0.3636727345469094,0.47049409881976395,0.5109021804360873,0.39527905581116224,0.4348869773954791,0.4520904180836167,0.6183236647329466,0.41148229645929185,0.47889577915583115,0.4480896179235847,0.4936987397479496,0.48289657931586316
3402,NORM,0.005,True,0.8195639127825565,0.6987397479495899,0.6393278655731146,0.6791358271654331,0.7465493098619724,0.6597319463892779,0.7263452690538108,0.7125425085017003,0.8195639127825565,0.5977195439087818,0.7131426285257051,0.6735347069413883,0.6965393078615724,0.7009401880376075
6611,NORM,0.0005,True,0.6329265853170634,0.4993998799759952,0.2694538907781556,0.48469693938787756,0.4480896179235847,0.3232646529305861,0.3098619723944789,0.39227845569113823,0.6329265853170634,0.5369073814762952,0.5303060612122424,0.538507701540308,0.5141028205641128,0.5619123824764953
6611,NORM,0.001,True,0.6509301860372074,0.5194038807761552,0.2960592118423685,0.5039007801560312,0.46669333866773355,0.34666933386677334,0.33326665333066613,0.42088417683536705,0.6509301860372074,0.5485097019403881,0.5501100220044008,0.5541108221644329,0.5349069813962792,0.5797159431886377
6611,NORM,0.002,True,0.7217443488697739,0.6095219043808762,0.41808361672334465,0.6023204640928186,0.5653130626125225,0.5061012202440488,0.47749549909982,0.5945189037807561,0.7217443488697739,0.6411282256451291,0.624124824964993,0.630126025205041,0.6167233446689337,0.6523304660932187
6611,NORM,0.005,True,0.8831766353270654,0.8411682336467293,0.7395479095819164,0.8489697939587918,0.8173634726945389,0.8025605121024205,0.7821564312862572,0.864372874574915,0.8831766353270654,0.873374674934987,0.8467693538707741,0.8355671134226845,0.8299659931986397,0.8495699139827966
9057,NORM,0.0005,True,0.39987997599519903,0.3245649129825965,0.15223044608921785,0.250250050010002,0.35827165433086616,0.1736347269453891,0.17963592718543708,0.2568513702740548,0.3282656531306261,0.3208641728345669,0.3462692538507702,0.3740748149629926,0.39987997599519903,0.393878775755151
9057,NORM,0.001,True,0.4184836967393479,0.3427685537107421,0.16063212642528504,0.2664532906581316,0.3804760952190438,0.1864372874574915,0.19663932786557312,0.28965793158631725,0.35267053410682137,0.3328665733146629,0.3616723344668934,0.38787757551510305,0.41708341668333665,0.4184836967393479
9057,NORM,0.002,True,0.5199039807961592,0.4551910382076415,0.25625125025005,0.367873574714943,0.48749749949989996,0.3062612522504501,0.33086617323464695,0.45349069813962795,0.46669333866773355,0.41048209641928385,0.4568913782756551,0.48649729945989195,0.5199039807961592,0.5191038207641528
9057,NORM,0.005,True,0.8067613522704541,0.735747149429886,0.5209041808361672,0.6277255451090218,0.7623524704940988,0.5691138227645529,0.6339267853570714,0.7465493098619724,0.7723544708941789,0.6431286257251451,0.7249449889977996,0.7541508301660332,0.7757551510302061,0.8067613522704541
4481,NORM,0.0005,True,0.5895179035807161,0.3641728345669134,0.14382876575315062,0.15503100620124025,0.5895179035807161,0.13862772554510902,0.1928385677135427,0.19723944788957792,0.39847969593918786,0.34426885377075417,0.39427885577115424,0.3840768153630726,0.42208441688337667,0.41368273654730947
4481,NORM,0.001,True,0.5991198239647929,0.37117423484696943,0.15563112622524505,0.16383276655331067,0.5991198239647929,0.14702940588117624,0.21064212842568514,0.21624324864972994,0.4158831766353271,0.351870374074815,0.40028005601120226,0.39047809561912383,0.4302860572114423,0.42668533706741346
4481,NORM,0.002,True,0.6763352670534106,0.4553910782156432,0.23464692938587717,0.2398479695939188,0.6763352670534106,0.23284656931386277,0.34486897379475895,0.33606721344268853,0.5127025405081016,0.44008801760352073,0.485497099419884,0.47069413882776556,0.5185037007401481,0.5265053010602121
4481,NORM,0.005,True,0.8801760352070415,0.68623724744949,0.49249849969994,0.4822964592918584,0.8801760352070415,0.4868973794758952,0.6991398279655932,0.6525305061012202,0.7751550310062012,0.6493298659731946,0.6779355871174235,0.6945389077815564,0.7265453090618124,0.7585517103420684
4808,NORM,0.0005,True,0.5937187437487498,0.43808761752350467,0.2634526905381076,0.3500700140028006,0.5287057411482297,0.27425485097019403,0.3098619723944789,0.34186837367473494,0.5937187437487498,0.4962992598519704,0.47889577915583115,0.4318863772754551,0.4464892978595719,0.4442888577715543
4808,NORM,0.001,True,0.6209241848369674,0.4542908581716343,0.29185837167433487,0.3672734546909382,0.5517103420684136,0.2960592118423685,0.3424684936987398,0.3684736947389478,0.6209241848369674,0.5079015803160633,0.4966993398679736,0.4470894178835767,0.4614922984596919,0.46609321864372877
4808,NORM,0.002,True,0.6879375875175034,0.5567113422684538,0.40488097619523905,0.4746949389877976,0.6417283456691338,0.4280856171234247,0.4966993398679736,0.5291058211642329,0.6879375875175034,0.6145229045809162,0.6001200240048009,0.5479095819163833,0.5655131026205241,0.5665133026605321
4808,NORM,0.005,True,0.8791758351670335,0.8334666933386676,0.7109421884376875,0.7541508301660332,0.8719743948789758,0.7365473094618924,0.8085617123424685,0.8239647929585917,0.8787757551510302,0.8791758351670335,0.8701740348069614,0.8425685137027406,0.8301660332066413,0.8367673534706941
10239,NORM,0.0005,True,0.5289057811562312,0.35987197439487895,0.1826365273054611,0.3386677335467093,0.33166633326665335,0.20404080816163234,0.21304260852170434,0.2700540108021604,0.5289057811562312,0.44488897779555914,0.38107621524304863,0.40108021604320865,0.3930786157231446,0.4434886977395479
10239,NORM,0.001,True,0.5519103820764153,0.3785757151430286,0.20524104820964192,0.359871974394879,0.35027005401080213,0.22704540908181636,0.23464692938587717,0.29825965193038606,0.5519103820764153,0.4652930586117223,0.39727945589117825,0.4204840968193639,0.41368273654730947,0.46089217843568714
10239,NORM,0.002,True,0.6357271454290858,0.4703940788157631,0.31446289257851573,0.4536907381476295,0.4574914982996599,0.3652730546109222,0.3832766553310662,0.4464892978595719,0.6357271454290858,0.5483096619323865,0.4832966593318664,0.5093018603720744,0.5021004200840168,0.5497099419883977
10239,NORM,0.005,True,0.8595719143828766,0.7430486097219444,0.6395279055811163,0.7413482696539307,0.7337467493498699,0.6951390278055611,0.7169433886777355,0.744748949789958,0.8595719143828766,0.7811562312462492,0.7327465493098619,0.7549509901980396,0.7573514702940588,0.7815563112622524
3229,NORM,0.0005,True,0.6293258651730346,0.40658131626325267,0.28585717143428685,0.35247049409881975,0.6293258651730346,0.3022604520904181,0.3434686937387478,0.3802760552110422,0.4328865773154631,0.44968993798759754,0.3594718943788758,0.4786957391478296,0.5179035807161432,0.5195039007801561
3229,NORM,0.001,True,0.6487297459491899,0.4318863772754551,0.30966193238647727,0.3694738947789558,0.6487297459491899,0.3180636127225445,0.3756751350270054,0.40768153630726145,0.4606921384276855,0.45609121824364873,0.367873574714943,0.48949789957991596,0.53250650130026,0.535507101420284
3229,NORM,0.002,True,0.7209441888377676,0.5485097019403881,0.4174834966993399,0.46929385877175434,0.7209441888377676,0.4336867373474695,0.5197039407881576,0.5545109021804361,0.5559111822364473,0.54250850170034,0.4528905781156231,0.5783156631326265,0.6175235047009402,0.6107221444288857
3229,NORM,0.005,True,0.8961792358471694,0.8072614522904581,0.7027405481096219,0.7303460692138428,0.8961792358471694,0.7241448289657931,0.8041608321664333,0.8163632726545309,0.8307661532306462,0.7475495099019804,0.6779355871174235,0.8103620724144829,0.8243648729745949,0.831366273254651
17555,NORM,0.0005,True,0.47349469893978796,0.3814762952590518,0.23964792958591719,0.3742748549709942,0.40228045609121826,0.2548509701940388,0.27065413082616524,0.3156631326265253,0.4444888977795559,0.4558911782356471,0.3692738547709542,0.38867773554710944,0.4472894578915783,0.47349469893978796
17555,NORM,0.001,True,0.478495699139828,0.39897979595919186,0.2628525705141028,0.3940788157631526,0.42468493698739745,0.27625525105021004,0.29905981196239245,0.33666733346669336,0.47069413882776556,0.4776955391078216,0.3814762952590518,0.40388077615523105,0.45989197839567914,0.478495699139828
17555,NORM,0.002,True,0.5777155431086217,0.4982996599319864,0.3826765353070614,0.4990998199639928,0.5323064612922584,0.42028405681136227,0.4568913782756551,0.49749949989998,0.5761152230446089,0.5777155431086217,0.4776955391078216,0.4908981796359272,0.5489097819563913,0.5749149829965993
17555,NORM,0.005,True,0.840368073614723,0.7608521704340868,0.6795359071814363,0.7569513902780556,0.8131626325265053,0.7253450690138028,0.7675535107021404,0.78875775155031,0.840368073614723,0.8253650730146029,0.6935387077415484,0.7219443888777756,0.7555511102220445,0.764752950590118
6888,NORM,0.0005,True,0.34046809361872377,0.23414682936587317,0.04260852170434087,0.17403480696139229,0.06621324264852971,0.048409681936387276,0.04320864172834567,0.07641528305661133,0.34046809361872377,0.3112622524504901,0.29425885177035405,0.3262652530506101,0.3082616523304661,0.3036607321464293
6888,NORM,0.001,True,0.36287257451490296,0.2439487897579516,0.04680936187237447,0.1878375675135027,0.07361472294458891,0.05521104220844169,0.048009601920384073,0.09161832366473295,0.36287257451490296,0.3174634926985397,0.30006001200240046,0.33606721344268853,0.3166633326665333,0.31446289257851573
6888,NORM,0.002,True,0.47429485897179435,0.32866573314662934,0.08701740348069614,0.2694538907781556,0.1252250450090018,0.1222244448889778,0.10182036407281456,0.17683536707341468,0.47429485897179435,0.4186837367473495,0.38787757551510305,0.4260852170434087,0.41988397679535905,0.4176835367073415
6888,NORM,0.005,True,0.7721544308861772,0.5747149429885977,0.23224644928985796,0.5137027405481096,0.3078615723144629,0.3300660132026405,0.2628525705141028,0.42208441688337667,0.7721544308861772,0.6573314662932587,0.6535307061412282,0.6357271454290858,0.6565313062612522,0.6639327865573115
19505,NORM,0.0005,True,0.4452890578115623,0.12282456491298259,0.08861772354470894,0.10362072414482897,0.4452890578115623,0.08421684336867373,0.11582316463292658,0.11122224444888978,0.3166633326665333,0.10882176435287057,0.1298259651930386,0.16483296659331867,0.23484696939387878,0.265253050610122
19505,NORM,0.001,True,0.4614922984596919,0.13682736547309463,0.09861972394478896,0.10822164432886577,0.4614922984596919,0.08941788357671535,0.13582716543308662,0.1208241648329666,0.32026405281056214,0.12022404480896179,0.13782756551310263,0.17963592718543708,0.2496499299859972,0.28105621124224844
19505,NORM,0.002,True,0.5439087817563513,0.23744748949789957,0.16403280656131225,0.17383476695339067,0.5439087817563513,0.15603120624124825,0.2514502900580116,0.22344468893778754,0.40768153630726145,0.1818363672734547,0.20924184836967394,0.2700540108021604,0.35627125425085016,0.3786757351470294
19505,NORM,0.005,True,0.7679535907181436,0.5306061212242449,0.359871974394879,0.355871174234847,0.7679535907181436,0.3584716943388678,0.5467093418683737,0.514502900580116,0.6209241848369674,0.40128025605121026,0.45329065813162633,0.589117823564713,0.6355271054210843,0.6665333066613323
12320,NORM,0.0005,True,0.5457091418283657,0.4424884976995399,0.27905581116223244,0.4346869373874775,0.46709341868373677,0.3050610122024405,0.3112622524504901,0.3714742948589718,0.5457091418283657,0.4502900580116023,0.394878975795159,0.48209641928385677,0.47889577915583115,0.48949789957991596
12320,NORM,0.001,True,0.5655131026205241,0.4546909381876375,0.2968593718743749,0.4472894578915783,0.47729545909181836,0.32306461292258454,0.33046609321864373,0.39047809561912383,0.5655131026205241,0.46209241848369675,0.40188037607521504,0.4978995799159832,0.4972994598919784,0.5077015403080616
12320,NORM,0.002,True,0.655131026205241,0.5558111622324464,0.41708341668333665,0.5483096619323865,0.5839167833566713,0.4614922984596919,0.4766953390678136,0.5491098219643928,0.655131026205241,0.5625125025005001,0.5149029805961193,0.588117623524705,0.5939187837567513,0.5985197039407881
12320,NORM,0.005,True,0.8659731946389277,0.8190638127625525,0.7141428285657131,0.7819563912782557,0.8317663532706542,0.7501500300060012,0.7825565113022604,0.8215643128625725,0.8659731946389277,0.8165633126625325,0.7987597519503901,0.8409681936387278,0.8435687137427486,0.8441688337667533
16977,NORM,0.0005,True,0.46089217843568714,0.33336667333466696,0.14602920584116824,0.1870374074814963,0.46089217843568714,0.14442888577715543,0.18623724744948988,0.1868373674734947,0.39647929585917185,0.3292658531706341,0.33746749349869976,0.3424684936987398,0.3644728945789158,0.3596719343868774
16977,NORM,0.001,True,0.47989597919583915,0.3382676535307061,0.15943188637727546,0.1956391278255651,0.47989597919583915,0.15403080616123224,0.21864372874574914,0.20704140828165632,0.4080816163232647,0.3358671734346869,0.3406681336267253,0.35247049409881975,0.3762752550510102,0.3752750550110022
16977,NORM,0.002,True,0.5889177835567113,0.4286857371474295,0.2576515303060612,0.28565713142628524,0.5889177835567113,0.26225245049009804,0.35247049409881975,0.34326865373074616,0.5183036607321464,0.4242848569713943,0.4330866173234647,0.4386877375475095,0.46849369873974794,0.46969393878775756
16977,NORM,0.005,True,0.842368473694739,0.6764352870574115,0.5397079415883177,0.5439087817563513,0.842368473694739,0.5377075415083017,0.6907381476295259,0.6781356271254251,0.78875775155031,0.6689337867573515,0.6677335467093418,0.6747349469893978,0.6929385877175435,0.7081416283256652
443,NORM,0.0005,True,0.6233246649329865,0.44538907781556314,0.3742748549709942,0.44008801760352073,0.5703140628125625,0.3752750550110022,0.40748149629925984,0.43528705741148227,0.6233246649329865,0.45069013802760555,0.39447889577915585,0.4642928585717143,0.47229445889177835,0.4888977795559112
443,NORM,0.001,True,0.6347269453890778,0.4606921384276855,0.40208041608321665,0.4526905381076215,0.5819163832766553,0.39727945589117825,0.4278855771154231,0.4518903780756151,0.6347269453890778,0.46869373874774956,0.41348269653930786,0.483496699339868,0.4910982196439288,0.4920984196839368
443,NORM,0.002,True,0.6989397879575915,0.5707141428285657,0.5163032606521304,0.5471094218843768,0.662132426485297,0.5173034606921384,0.5739147829565913,0.5929185837167433,0.6989397879575915,0.5499099819963993,0.501500300060012,0.5675135027005401,0.5749149829965993,0.5905181036207241
443,NORM,0.005,True,0.8461692338467693,0.8118623724744949,0.792758551710342,0.7853570714142829,0.8203640728145629,0.8033606721344269,0.8297659531906382,0.7999599919983997,0.8455691138227646,0.8017603520704141,0.7727545509101821,0.8275655131026205,0.8213642728545709,0.8461692338467693
2784,NORM,0.0005,True,0.48569713942788556,0.3076615323064613,0.28765753150630125,0.39527905581116224,0.4272854570914183,0.3014602920584117,0.3138627725545109,0.35727145429085816,0.48569713942788556,0.3152630526105221,0.2912582516503301,0.26125225045009004,0.25265053010602123,0.28905781156231247
2784,NORM,0.001,True,0.4992998599719944,0.3168633726745349,0.30006001200240046,0.40608121624324867,0.4498899779955991,0.3122624524904981,0.3338667733546709,0.3766753350670134,0.4992998599719944,0.3214642928585717,0.30006001200240046,0.2666533306661332,0.2608521704340868,0.30006001200240046
2784,NORM,0.002,True,0.5695139027805561,0.4406881376275255,0.4222844568913783,0.508501700340068,0.5403080616123225,0.45909181836367274,0.48009601920384076,0.5177035407081416,0.5695139027805561,0.40988197639527907,0.3766753350670134,0.33946789357871576,0.34286857371474294,0.394878975795159
2784,NORM,0.005,True,0.7819563912782557,0.7278455691138228,0.7243448689737948,0.7451490298059612,0.781756351270254,0.745749149829966,0.7819563912782557,0.7663532706541308,0.7313462692538508,0.6283256651330266,0.5855171034206841,0.5329065813162632,0.5595119023804761,0.6629325865173035
4144,NORM,0.0005,True,0.5499099819963993,0.34236847369473894,0.2012402480496099,0.27805561112222443,0.4500900180036007,0.21244248849769953,0.252250450090018,0.3056611322264453,0.5499099819963993,0.40568113622724544,0.3292658531706341,0.35547109421884376,0.39327865573114623,0.4418883776755351
4144,NORM,0.001,True,0.5615123024604921,0.35117023404680936,0.21984396879375875,0.29265853170634126,0.46829365873174633,0.22944588917783557,0.27805561112222443,0.3302660532106421,0.5615123024604921,0.4176835367073415,0.33646729345869175,0.36587317463492697,0.40768153630726145,0.4526905381076215
4144,NORM,0.002,True,0.6427285457091418,0.46869373874774956,0.32766553310662133,0.3920784156831366,0.5589117823564713,0.35147029405881175,0.41648329665933187,0.47829565913182637,0.6427285457091418,0.4902980596119224,0.4380876175235047,0.45909181836367274,0.495499099819964,0.5401080216043208
4144,NORM,0.005,True,0.8335667133426685,0.735747149429886,0.6081216243248649,0.6625325065013002,0.7971594318863773,0.632126425285057,0.7125425085017003,0.7499499899979996,0.8335667133426685,0.6999399879975995,0.7307461492298459,0.740748149629926,0.7687537507501501,0.7931586317263453
9285,NORM,0.0005,True,0.48749749949989996,0.41828365673134627,0.27925585117023405,0.4250850170034007,0.47069413882776556,0.3108621724344869,0.3146629325865173,0.3704740948189638,0.48749749949989996,0.4278855771154231,0.3740748149629926,0.41148229645929185,0.4278855771154231,0.45529105821164234
9285,NORM,0.001,True,0.5069013802760552,0.4287857571514303,0.2996599319863973,0.4414882976595319,0.4958991798359672,0.3272654530906181,0.34406881376275256,0.39247849569913984,0.5069013802760552,0.4382876575315063,0.3834766953390678,0.4206841368273655,0.4368873774754951,0.46849369873974794
9285,NORM,0.002,True,0.5963192638527706,0.5322064412882577,0.4344868973794759,0.5367073414682937,0.5963192638527706,0.4700940188037607,0.4968993798759752,0.5493098619723945,0.5919183836767353,0.533506701340268,0.4802960592118424,0.5083016603320664,0.5309061812362472,0.5567113422684536
9285,NORM,0.005,True,0.8361672334466893,0.7971594318863773,0.7279455891178236,0.7883576715343069,0.8361672334466893,0.7705541108221644,0.8039607921584316,0.8243648729745949,0.8301660332066413,0.8189637927585517,0.761752350470094,0.7707541508301661,0.7935587117423485,0.8007601520304061
5550,NORM,0.0005,True,0.5007001400280056,0.42298459691938384,0.253250650130026,0.35807161432286455,0.41928385677135427,0.26765353070614123,0.2900580116023205,0.3208641728345669,0.494498899779956,0.45829165833166635,0.42668533706741346,0.48489697939587917,0.46889377875575117,0.5007001400280056
5550,NORM,0.001,True,0.5111022204440888,0.4347869573914783,0.2778555711142228,0.3684736947389478,0.4310862172434487,0.28005601120224044,0.3120624124824965,0.33346669333866774,0.5111022204440888,0.47229445889177835,0.4384876975395079,0.49249849969994,0.47749549909982,0.5093018603720744
5550,NORM,0.002,True,0.593118623724745,0.5280056011202241,0.3834766953390678,0.46469293858771754,0.5331066213242649,0.40788157631526306,0.4632926585317063,0.4708941788357672,0.593118623724745,0.5519103820764153,0.5229045809161832,0.5689137827565514,0.5525105021004201,0.5829165833166633
5550,NORM,0.005,True,0.7999599919983997,0.7649529905981196,0.6703340668133627,0.7001400280056012,0.7663532706541308,0.6915383076615323,0.7635527105421084,0.7303460692138428,0.7999599919983997,0.7785557111422284,0.7491498299659932,0.7707541508301661,0.7717543508701741,0.7843568713742749
150,NORM,0.0005,True,0.3108621724344869,0.1937387477495499,0.03660732146429286,0.08801760352070415,0.15063012602520504,0.04300860172034407,0.045809161832366475,0.07541508301660332,0.3108621724344869,0.2606521304260852,0.2528505701140228,0.2368473694738948,0.25845169033806764,0.29525905181036205
150,NORM,0.001,True,0.33646729345869175,0.20604120824164834,0.04180836167233447,0.09721944388877776,0.16283256651330266,0.05041008201640328,0.04980996199239848,0.09201840368073615,0.33646729345869175,0.26985397079415885,0.25825165033006603,0.249249849969994,0.2684536907381476,0.3080616123224645
150,NORM,0.002,True,0.4402880576115223,0.2910582116423285,0.08821764352870574,0.15423084616923385,0.23444688937787558,0.10282056411282256,0.11502300460092019,0.1854370874174835,0.4402880576115223,0.3780756151230246,0.35827165433086616,0.34766953390678135,0.3736747349469894,0.40828165633126623
150,NORM,0.005,True,0.7033406681336267,0.5143028605721144,0.22184436887377476,0.35047009401880375,0.4478895779155831,0.27665533106621326,0.29625925185037005,0.43148629725945187,0.7033406681336267,0.6153230646129226,0.5917183436687338,0.5807161432286457,0.631126225245049,0.6557311462292459
2533,NORM,0.0005,True,0.5043008601720345,0.35117023404680936,0.22304460892178435,0.2966593318663733,0.4306861372274455,0.22924584916983395,0.2518503700740148,0.28945789157831564,0.5043008601720345,0.33906781356271254,0.3632726545309062,0.3636727345469094,0.3806761352270454,0.37727545509101823
2533,NORM,0.001,True,0.5175035007001401,0.36387277455491096,0.2470494098819764,0.3120624124824965,0.45229045809161833,0.2486497299459892,0.27645529105821165,0.3138627725545109,0.5175035007001401,0.35267053410682137,0.3750750150030006,0.3840768153630726,0.38787757551510305,0.3842768553710742
2533,NORM,0.002,True,0.615123024604921,0.479495899179836,0.3706741348269654,0.4254850970194039,0.5581116223244649,0.39167833566713345,0.4408881776355271,0.4738947789557912,0.615123024604921,0.4418883776755351,0.4850970194038808,0.5079015803160633,0.5049009801960392,0.5009001800360072
2533,NORM,0.005,True,0.8401680336067213,0.7828565713142628,0.6893378675735147,0.7315463092618524,0.8069613922784556,0.7165433086617323,0.7681536307261452,0.796759351870374,0.8401680336067213,0.6885377075415083,0.7689537907581516,0.8227645529105821,0.7969593918783757,0.8025605121024205
1446,NORM,0.0005,True,0.6053210642128426,0.49499899979996,0.3704740948189638,0.5187037407481496,0.5013002600520104,0.39547909581916385,0.3966793358671734,0.4888977795559112,0.6053210642128426,0.45649129825965196,0.47449489897979596,0.5011002200440088,0.5505101020204041,0.5877175435087018
1446,NORM,0.001,True,0.6263252650530106,0.5165033006601321,0.39147829565913184,0.540508101620324,0.5201040208041608,0.41648329665933187,0.41628325665133026,0.5185037007401481,0.6263252650530106,0.47749549909982,0.49149829965993197,0.514502900580116,0.5613122624524906,0.6057211442288458
1446,NORM,0.002,True,0.7043408681736347,0.5972194438887777,0.4962992598519704,0.6285257051410282,0.6041208241648329,0.5499099819963993,0.5489097819563913,0.6715343068613723,0.7043408681736347,0.5535107021404281,0.5673134626925385,0.5903180636127225,0.6437287457491498,0.6771354270854171
1446,NORM,0.005,True,0.9111822364472895,0.8422684536907381,0.7785557111422284,0.8869773954790958,0.8563712742548509,0.8281656331266253,0.8219643928785757,0.9111822364472895,0.8971794358871774,0.779755951190238,0.7737547509501901,0.8013602720544108,0.8577715543108622,0.8829765953190638
15974,NORM,0.0005,True,0.32586517303460694,0.2593518703740748,0.0626125225045009,0.07001400280056011,0.29365873174634927,0.06021204240848169,0.08201640328065612,0.07281456291258252,0.2520504100820164,0.2666533306661332,0.2826565313062612,0.3222644528905781,0.3218643728745749,0.32586517303460694
15974,NORM,0.001,True,0.33826765353070615,0.2750550110022004,0.07461492298459692,0.07441488297659532,0.3060612122424485,0.06481296259251851,0.09541908381676335,0.08041608321664333,0.2684536907381476,0.2816563312662532,0.2928585717143429,0.33046609321864373,0.3328665733146629,0.33826765353070615
15974,NORM,0.002,True,0.4330866173234647,0.36917383476695337,0.13382676535307061,0.125625125025005,0.40668133626725345,0.127625525105021,0.1916383276655331,0.15723144628925786,0.36667333466693336,0.3716743348669734,0.3890778155631126,0.4264852970594119,0.4308861772354471,0.4330866173234647
15974,NORM,0.005,True,0.6857371474294859,0.6376275255051009,0.2986597319463893,0.30006001200240046,0.6757351470294058,0.29905981196239245,0.4242848569713943,0.395879175835167,0.6429285857171434,0.6409281856371274,0.6343268653730746,0.6715343068613723,0.6857371474294859,0.6855371074214843
900,NORM,0.0005,True,0.5021004200840168,0.33756751350270053,0.20404080816163234,0.2636527305461092,0.5021004200840168,0.20984196839367875,0.24624924984997,0.28525705141028207,0.39907981596319264,0.3236647329465893,0.35147029405881175,0.3520704140828166,0.3760752150430086,0.4378875775155031
900,NORM,0.001,True,0.5175035007001401,0.34266853370674133,0.21704340868173636,0.28385677135427084,0.5175035007001401,0.22484496899379877,0.2634526905381076,0.30586117223444687,0.41708341668333665,0.3290658131626325,0.357871574314863,0.35627125425085016,0.38107621524304863,0.4450890178035607
900,NORM,0.002,True,0.6169233846769354,0.43808761752350467,0.3264652930586117,0.3732746549309862,0.6169233846769354,0.34546909381876373,0.40408081616323266,0.46689337867573516,0.5157031406281256,0.396879375875175,0.4330866173234647,0.4430886177235447,0.46769353870774155,0.5311062212442489
900,NORM,0.005,True,0.8519703940788158,0.6679335867173435,0.5989197839567914,0.6477295459091819,0.8519703940788158,0.6257251450290058,0.720744148829766,0.7845569113822765,0.7813562712542509,0.590118023604721,0.6417283456691338,0.6389277855571114,0.6881376275255051,0.759751950390078
6534,NORM,0.0005,True,0.5249049809961992,0.379375875175035,0.20284056811362272,0.29725945189037806,0.39947989597919586,0.21304260852170434,0.23144628925785157,0.27145429085817163,0.5249049809961992,0.35927185437087417,0.40568113622724544,0.4024804960992198,0.46449289857971593,0.5215043008601721
6534,NORM,0.001,True,0.5483096619323865,0.39087817563512706,0.22824564912982598,0.3150630126025205,0.4290858171634327,0.23444688937787558,0.2580516103220644,0.29465893178635727,0.5473094618923785,0.3690738147629526,0.41348269653930786,0.41268253650730147,0.48269653930786155,0.5483096619323865
6534,NORM,0.002,True,0.6345269053810763,0.478495699139828,0.3302660532106421,0.41048209641928385,0.5321064212842569,0.3624724944988998,0.40188037607521504,0.45149029805961194,0.6345269053810763,0.45729145829165835,0.4996999399879976,0.5121024204840968,0.5737147429485897,0.6327265453090618
6534,NORM,0.005,True,0.885377075415083,0.7415483096619324,0.6337267453490698,0.6927385477095419,0.8195639127825565,0.6673334666933387,0.734746949389878,0.7665533106621324,0.8589717943588717,0.6943388677735547,0.7229445889177836,0.7483496699339868,0.8189637927585517,0.885377075415083
8871,NORM,0.0005,True,0.500500100020004,0.3320664132826565,0.20944188837767552,0.33186637327465496,0.3322664532906581,0.22324464892978596,0.22804560912182437,0.2872574514902981,0.3310662132426485,0.34546909381876373,0.390878175635127,0.39847969593918786,0.4888977795559112,0.500500100020004
8871,NORM,0.001,True,0.5209041808361672,0.35147029405881175,0.24084816963392677,0.34946989397879574,0.3576715343068614,0.2454490898179636,0.26105221044208843,0.3092618523704741,0.33926785357071415,0.35347069413882776,0.39907981596319264,0.41128225645129024,0.5053010602120425,0.5209041808361672
8871,NORM,0.002,True,0.6027205441088218,0.45799159831966396,0.36007201440288056,0.4478895779155831,0.4680936187237448,0.3902780556111222,0.40408081616323266,0.47069413882776556,0.41408281656331264,0.4270854170834167,0.47809561912382476,0.5031006201240248,0.5789157831566313,0.6027205441088218
8871,NORM,0.005,True,0.8431686337267453,0.7183436687337468,0.6627325465093019,0.7105421084216843,0.7571514302860572,0.6973394678935787,0.7261452290458091,0.74874974994999,0.6249249849969994,0.618123624724945,0.6837367473494699,0.7429485897179436,0.8163632726545309,0.8431686337267453
14664,NORM,0.0005,True,0.4718943788757752,0.3452690538107621,0.1298259651930386,0.34606921384276856,0.2628525705141028,0.15443088617723544,0.14542908581716343,0.1920384076815363,0.3762752550510102,0.391878375675135,0.3444688937787557,0.4536907381476295,0.4718943788757752,0.46609321864372877
14664,NORM,0.001,True,0.4878975795159032,0.3624724944988998,0.14162832566513303,0.3606721344268854,0.28045609121824366,0.16723344668933787,0.15903180636127226,0.21264252850570114,0.39987997599519903,0.40848169633926784,0.3642728545709142,0.46889377875575117,0.4870974194838968,0.4878975795159032
14664,NORM,0.002,True,0.5943188637727546,0.46309261852370476,0.23624724944988998,0.46769353870774155,0.3764752950590118,0.3004600920184037,0.28025605121024205,0.369873974794959,0.509501900380076,0.506501300260052,0.4584916983396679,0.5587117423484697,0.5899179835967193,0.5943188637727546
14664,NORM,0.005,True,0.8697739547909582,0.73874774954991,0.5383076615323065,0.7413482696539307,0.667133426685337,0.6511302260452091,0.6023204640928186,0.7361472294458892,0.8025605121024205,0.7691538307661532,0.734746949389878,0.8109621924384877,0.8697739547909582,0.8525705141028206
14398,NORM,0.0005,True,0.41648329665933187,0.24854970994198838,0.07521504300860173,0.41648329665933187,0.10502100420084017,0.09881976395279056,0.07721544308861772,0.11862372474494899,0.3310662132426485,0.16603320664132826,0.34806961392278457,0.37247449489897977,0.33186637327465496,0.3852770554110822
14398,NORM,0.001,True,0.4356871374274855,0.26305261052210444,0.08401680336067213,0.4356871374274855,0.11522304460892178,0.11302260452090418,0.08741748349669934,0.134626925385077,0.35327065413082614,0.1770354070814163,0.3656731346269254,0.3950790158031606,0.3490698139627926,0.40668133626725345
14398,NORM,0.002,True,0.5327065413082617,0.35267053410682137,0.14822964592918583,0.5327065413082617,0.1846369273854771,0.21584316863372674,0.16303260652130427,0.24384876975395078,0.46289257851570315,0.2520504100820164,0.45529105821164234,0.5039007801560312,0.45329065813162633,0.5137027405481096
14398,NORM,0.005,True,0.7979595919183837,0.6274254850970193,0.3368673734746949,0.7963592718543708,0.38007601520304063,0.48269653930786155,0.3596719343868774,0.5283056611322264,0.7611522304460893,0.48589717943588717,0.7265453090618124,0.7749549909981996,0.7601520304060813,0.7979595919183837
2647,NORM,0.0005,True,0.5207041408281656,0.29015803160632125,0.09301860372074415,0.15303060612122424,0.17303460692138428,0.08941788357671535,0.08801760352070415,0.09861972394478896,0.4072814562912582,0.46669333866773355,0.48589717943588717,0.5207041408281656,0.47409481896379274,0.46829365873174633
2647,NORM,0.001,True,0.5407081416283257,0.3069613922784557,0.10982196439287857,0.16443288657731547,0.1846369273854771,0.10062012402480495,0.10182036407281456,0.11282256451290258,0.4292858571714343,0.4908981796359272,0.5031006201240248,0.5407081416283257,0.4928985797159432,0.48369673934786955
2647,NORM,0.002,True,0.6247249449889978,0.40658131626325267,0.1828365673134627,0.24144828965793158,0.26905381076215246,0.1882376475295059,0.20844168833766755,0.21184236847369473,0.5441088217643528,0.5873174634926985,0.6089217843568714,0.6247249449889978,0.5877175435087018,0.5761152230446089
2647,NORM,0.005,True,0.8467693538707741,0.6683336667333466,0.4244848969793959,0.4892978595719144,0.5247049409881976,0.46209241848369675,0.4796959391878376,0.5039007801560312,0.8337667533506702,0.8461692338467693,0.846369273854771,0.8467693538707741,0.8185637127425485,0.8119623924784957
10121,NORM,0.0005,True,0.3094618923784757,0.22714542908581717,0.1268253650730146,0.27345469093818764,0.2456491298259652,0.14962992598519703,0.15243048609721943,0.18483696739347868,0.2730546109221844,0.21404280856171234,0.17443488697739548,0.240248049609922,0.3094618923784757,0.2834566913382677
10121,NORM,0.001,True,0.3176635327065413,0.23514702940588117,0.13782756551310263,0.28085617123424683,0.2614522904580916,0.15623124624924986,0.16983396679335866,0.19863972794558912,0.28425685137027407,0.21864372874574914,0.1818363672734547,0.25165033006601323,0.3176635327065413,0.2892578515703141
10121,NORM,0.002,True,0.40968193638727746,0.3327665533106621,0.23164632926585316,0.36107221444288856,0.3576715343068614,0.2654530906181236,0.28865773154630925,0.3148629725945189,0.3732746549309862,0.27805561112222443,0.24044808961792358,0.35067013402680536,0.40968193638727746,0.3756751350270054
10121,NORM,0.005,True,0.6669333866773355,0.5948189637927586,0.48849769953990796,0.5767153430686137,0.6289257851570315,0.5293058611722344,0.588117623524705,0.6015203040608121,0.626125225045009,0.44868973794758954,0.4356871374274855,0.6669333866773355,0.6645329065813163,0.6173234646929386
933,NORM,0.0005,True,0.5807161432286457,0.48189637927585516,0.34946989397879574,0.47269453890778157,0.5635127025405081,0.3754750950190038,0.39267853570714145,0.4366873374674935,0.5545109021804361,0.5807161432286457,0.38007601520304063,0.5033006601320265,0.4910982196439288,0.5581116223244649
933,NORM,0.001,True,0.6007201440288058,0.49149829965993197,0.3756751350270054,0.4872974594918984,0.584116823364673,0.39707941588317663,0.4264852970594119,0.45629125825165034,0.5653130626125225,0.6007201440288058,0.3882776555311062,0.5111022204440888,0.4956991398279656,0.5649129825965193
933,NORM,0.002,True,0.6835367073414683,0.591618323664733,0.4962992598519704,0.5823164632926585,0.6705341068213643,0.5317063412682537,0.5689137827565514,0.614122824564913,0.6613322664532907,0.6835367073414683,0.4888977795559112,0.5945189037807561,0.5887177435487098,0.6535307061412282
933,NORM,0.005,True,0.8945789157831566,0.8377675535107021,0.7961592318463693,0.8257651530306062,0.8829765953190638,0.8205641128225645,0.8497699539907981,0.8651730346069214,0.8857771554310863,0.8945789157831566,0.7261452290458091,0.7745549109821964,0.8031606321264253,0.860372074414883
18031,NORM,0.0005,True,0.5009001800360072,0.26225245049009804,0.040208041608321664,0.04880976195239048,0.5009001800360072,0.04120824164832967,0.05521104220844169,0.05781156231246249,0.3722744548909782,0.29445889177835566,0.2816563312662532,0.26605321064212845,0.25845169033806764,0.28845769153830764
18031,NORM,0.001,True,0.5203040608121624,0.27525505101020203,0.04260852170434087,0.05461092218443689,0.5203040608121624,0.04600920184036807,0.0640128025605121,0.0664132826565313,0.38767753550710143,0.3072614522904581,0.29425885177035405,0.27925585117023405,0.27125425085017,0.3056611322264453
18031,NORM,0.002,True,0.6187237447489498,0.3792758551710342,0.07541508301660332,0.08721744348869774,0.6187237447489498,0.08121624324864973,0.1304260852170434,0.1280256051210242,0.4872974594918984,0.40868173634726945,0.3782756551310262,0.3814762952590518,0.3802760552110422,0.4148829765953191
18031,NORM,0.005,True,0.8667733546709342,0.6424284856971394,0.1922384476895379,0.1946389277855571,0.8667733546709342,0.1908381676335267,0.34366873374674933,0.34326865373074616,0.7355471094218844,0.6761352270454091,0.6399279855971194,0.6449289857971594,0.659131826365273,0.6921384276855371
5962,NORM,0.0005,True,0.4786957391478296,0.3774754950990198,0.20144028805761152,0.3024604920984197,0.4336867373474695,0.21424284856971396,0.23164632926585316,0.2664532906581316,0.4786957391478296,0.3550710142028406,0.4080816163232647,0.39987997599519903,0.40008001600320064,0.4388877775555111
5962,NORM,0.001,True,0.4936987397479496,0.3855771154230846,0.21064212842568514,0.3072614522904581,0.4430886177235447,0.21784356871374275,0.2426485297059412,0.2758551710342068,0.4936987397479496,0.3626725345069014,0.4168833766753351,0.4100820164032807,0.40848169633926784,0.4480896179235847
5962,NORM,0.002,True,0.5907181436287258,0.47269453890778157,0.3174634926985397,0.40388077615523105,0.5535107021404281,0.34386877375475094,0.3890778155631126,0.4216843368673735,0.5907181436287258,0.4502900580116023,0.5001000200040008,0.4950990198039608,0.5001000200040008,0.5411082216443288
5962,NORM,0.005,True,0.8419683936787358,0.7383476695339068,0.6107221444288857,0.6669333866773355,0.8217643528705741,0.6515303060612122,0.7297459491898379,0.7521504300860172,0.8419683936787358,0.7029405881176235,0.7315463092618524,0.7451490298059612,0.7545509101820365,0.77875575115023
10992,NORM,0.0005,True,0.4298859771954391,0.3096619323864773,0.1876375275055011,0.248249649929986,0.2484496899379876,0.17143428685737147,0.1942388477695539,0.19583916783356672,0.4298859771954391,0.379875975195039,0.3776755351070214,0.370874174834967,0.39987997599519903,0.4166833366673335
10992,NORM,0.001,True,0.4518903780756151,0.32676535307061416,0.21244248849769953,0.2578515703140628,0.27065413082616524,0.1882376475295059,0.22664532906581317,0.21324264852970595,0.4518903780756151,0.3862772554510902,0.3862772554510902,0.38287657531506303,0.41408281656331264,0.4320864172834567
10992,NORM,0.002,True,0.5331066213242649,0.41018203640728146,0.3136627325465093,0.3500700140028006,0.36867373474694937,0.3126625325065013,0.36007201440288056,0.33326665333066613,0.5331066213242649,0.4596919383876775,0.45169033806761355,0.4642928585717143,0.494498899779956,0.5211042208441689
10992,NORM,0.005,True,0.7873574714942989,0.6658331666333266,0.6061212242448489,0.5823164632926585,0.6851370274054811,0.6029205841168234,0.6917383476695339,0.6239247849569914,0.7873574714942989,0.6277255451090218,0.6465293058611722,0.6917383476695339,0.7375475095019004,0.779755951190238
9868,NORM,0.0005,True,0.538507701540308,0.4027805561112222,0.27125425085017,0.39727945589117825,0.4452890578115623,0.29045809161832364,0.3098619723944789,0.34666933386677334,0.538507701540308,0.3816763352670534,0.40828165633126623,0.4634926985397079,0.45789157831566313,0.4642928585717143
9868,NORM,0.001,True,0.5541108221644329,0.41478295659131825,0.29045809161832364,0.40888177635527106,0.4708941788357672,0.3034606921384277,0.33986797359471893,0.3680736147229446,0.5541108221644329,0.39607921584316863,0.4206841368273655,0.4736947389477896,0.46829365873174633,0.47629525905181036
9868,NORM,0.002,True,0.6217243448689738,0.5059011802360472,0.3966793358671734,0.48669733946789356,0.5703140628125625,0.4292858571714343,0.47889577915583115,0.508501700340068,0.6217243448689738,0.48169633926785355,0.5033006601320265,0.5475095019003801,0.5459091818363673,0.5603120624124825
9868,NORM,0.005,True,0.832366473294659,0.7605521104220845,0.6919383876775355,0.7145429085817163,0.832366473294659,0.706741348269654,0.8067613522704541,0.7767553510702141,0.8137627525505101,0.7529505901180236,0.7503500700140028,0.7545509101820365,0.7665533106621324,0.782756551310262
6930,NORM,0.0005,True,0.23104620924184838,0.11262252450490098,0.02660532106421284,0.04880976195239048,0.05601120224044809,0.026805361072214443,0.02960592118423685,0.038807761552310464,0.20784156831366274,0.16923384676935388,0.1940388077615523,0.2022404480896179,0.23104620924184838,0.22604520904180836
6930,NORM,0.001,True,0.24664932986597318,0.12062412482496498,0.03220644128825765,0.053610722144428885,0.060812162432486494,0.03100620124024805,0.03540708141628326,0.045209041808361675,0.22884576915383076,0.18043608721744347,0.21004200840168033,0.21284256851370273,0.2454490898179636,0.24664932986597318
6930,NORM,0.002,True,0.33546709341868375,0.1817363472694539,0.0624124824964993,0.09321864372874575,0.10502100420084017,0.06581316263252651,0.07121424284856971,0.09321864372874575,0.3264652930586117,0.25845169033806764,0.29625925185037005,0.3052610522104421,0.33546709341868375,0.33086617323464695
6930,NORM,0.005,True,0.6009201840368074,0.3726745349069814,0.15363072614522905,0.21624324864972994,0.247249449889978,0.1736347269453891,0.19243848769753952,0.23424684936987397,0.6009201840368074,0.49809961992398477,0.5707141428285657,0.5591118223644729,0.5733146629325865,0.5925185037007401
11337,NORM,0.0005,True,0.5043008601720345,0.24104820964192838,0.14622924584916983,0.2354470894178836,0.3776755351070214,0.16203240648129627,0.1770354070814163,0.24664932986597318,0.5043008601720345,0.21504300860172035,0.22544508901780355,0.272254450890178,0.3148629725945189,0.34406881376275256
11337,NORM,0.001,True,0.5239047809561912,0.2633526705341068,0.16243248649729947,0.2488497699539908,0.40648129625925183,0.1760352070414083,0.19963992798559713,0.2778555711142228,0.5239047809561912,0.23184636927385477,0.24184836967393478,0.2854570914182837,0.33326665333066613,0.368873774754951
11337,NORM,0.002,True,0.6109221844368874,0.3561712342468494,0.2546509301860372,0.3416683336667333,0.5049009801960392,0.28665733146629324,0.3280656131226245,0.4380876175235047,0.6109221844368874,0.30486097219443886,0.32386477295459093,0.3706741348269654,0.4312862572514503,0.4766953390678136
11337,NORM,0.005,True,0.8259651930386077,0.6522304460892179,0.5363072614522905,0.6137227445489097,0.7781556311262252,0.5763152630526105,0.6669333866773355,0.7691538307661532,0.8097619523904781,0.5625125025005001,0.588117623524705,0.6375275055011003,0.7429485897179436,0.8259651930386077
11404,NORM,0.0005,True,0.5643128625725145,0.41348269653930786,0.23744748949789957,0.40788157631526306,0.377875575115023,0.2638527705541108,0.2578515703140628,0.3094618923784757,0.4508901780356071,0.41908381676335266,0.4254850970194039,0.4490898179635927,0.5039007801560312,0.5643128625725145
11404,NORM,0.001,True,0.582116423284657,0.4343868773754751,0.26865373074614923,0.4292858571714343,0.40208041608321665,0.28985797159431886,0.28665733146629324,0.33246649329865974,0.4738947789557912,0.4394878975795159,0.4398879775955191,0.46589317863572716,0.5275055011002201,0.582116423284657
11404,NORM,0.002,True,0.670134026805361,0.5282056411282257,0.3796759351870374,0.5269053810762152,0.5033006601320265,0.44008801760352073,0.43148629725945187,0.49049809961992397,0.5721144228845769,0.529505901180236,0.531506301260252,0.5597119423884777,0.6167233446689337,0.670134026805361
11404,NORM,0.005,True,0.8851770354070814,0.7888577715543108,0.6871374274854971,0.8071614322864573,0.7751550310062012,0.7585517103420684,0.736747349469894,0.8013602720544108,0.8331666333266653,0.7763552710542109,0.7729545909181836,0.8085617123424685,0.8489697939587918,0.8851770354070814
2186,NORM,0.0005,True,0.5257051410282056,0.3961792358471694,0.36687337467493497,0.4062812562512502,0.4912982596519304,0.3530706141228246,0.3956791358271654,0.3966793358671734,0.5257051410282056,0.4214842968593719,0.3132626525305061,0.34326865373074616,0.3766753350670134,0.45709141828365674
2186,NORM,0.001,True,0.5441088217643528,0.4194838967793558,0.3956791358271654,0.42188437687537506,0.5169033806761353,0.374874974994999,0.4328865773154631,0.41708341668333665,0.5441088217643528,0.4376875375075015,0.3198639727945589,0.35647129425885177,0.39167833566713345,0.4708941788357672
2186,NORM,0.002,True,0.6333266653330666,0.5137027405481096,0.5089017803560713,0.5127025405081016,0.6099219843968794,0.5063012602520504,0.586117223444689,0.5559111822364473,0.6333266653330666,0.5147029405881176,0.397879575915183,0.4422884576915383,0.48389677935587116,0.5661132226445289
2186,NORM,0.005,True,0.8891778355671134,0.8141628325665133,0.8163632726545309,0.7879575915183037,0.8819763952790558,0.8119623924784957,0.8891778355671134,0.8367673534706941,0.8567713542708542,0.7511502300460092,0.6443288657731546,0.7151430286057211,0.7539507901580316,0.8279655931186237
602,NORM,0.0005,True,0.4986997399479896,0.3747749549909982,0.20024004800960193,0.3228645729145829,0.40028005601120226,0.22204440888177635,0.23304660932186438,0.29465893178635727,0.39247849569913984,0.38867773554710944,0.3710742148429686,0.3784756951390278,0.45249049809961994,0.4986997399479896
602,NORM,0.001,True,0.5161032206441288,0.38687737547509504,0.21124224844968995,0.33706741348269653,0.4186837367473495,0.23744748949789957,0.2500500100020004,0.3170634126825365,0.4100820164032807,0.40848169633926784,0.38767753550710143,0.3860772154430886,0.47169433886777357,0.5161032206441288
602,NORM,0.002,True,0.5953190638127626,0.4806961392278456,0.3234646929385877,0.4394878975795159,0.5161032206441288,0.3550710142028406,0.39807961592318464,0.4708941788357672,0.5067013402680536,0.4916983396679336,0.46889377875575117,0.49049809961992397,0.5529105821164233,0.5953190638127626
602,NORM,0.005,True,0.8201640328065614,0.7294458891778356,0.5973194638927786,0.7173434686937388,0.762752550510102,0.6443288657731546,0.6819363872774555,0.7713542708541709,0.7409481896379276,0.7179435887177436,0.7083416683336667,0.7413482696539307,0.7953590718143628,0.8201640328065614
17800,NORM,0.0005,True,0.5431086217243448,0.3702740548109622,0.1908381676335267,0.3232646529305861,0.38287657531506303,0.21324264852970595,0.23344668933786758,0.28805761152230447,0.5431086217243448,0.4222844568913783,0.3672734546909382,0.3732746549309862,0.40708141628325667,0.4394878975795159
17800,NORM,0.001,True,0.5657131426285257,0.3837767553510702,0.20784156831366274,0.34606921384276856,0.40948189637927584,0.23244648929785958,0.2520504100820164,0.3200640128025605,0.5657131426285257,0.4310862172434487,0.3792758551710342,0.3882776555311062,0.41788357671534304,0.4480896179235847
17800,NORM,0.002,True,0.6491298259651931,0.47859571914382876,0.3280656131226245,0.4394878975795159,0.5059011802360472,0.3710742148429686,0.40988197639527907,0.4718943788757752,0.6491298259651931,0.5221044208841769,0.47329465893178635,0.48389677935587116,0.5113022604520904,0.5489097819563913
17800,NORM,0.005,True,0.8415683136627325,0.7496499299859971,0.6399279855971194,0.7211442288457691,0.7985597119423885,0.6819363872774555,0.740748149629926,0.7971594318863773,0.8415683136627325,0.7585517103420684,0.740748149629926,0.7339467893578716,0.7825565113022604,0.8117623524704941
11961,NORM,0.0005,True,0.46289257851570315,0.3591718343668734,0.20924184836967394,0.3104620924184837,0.370874174834967,0.21504300860172035,0.23284656931386277,0.2634526905381076,0.46289257851570315,0.41088217643528707,0.4260852170434087,0.34746949389877974,0.39887977595519103,0.4166833366673335
11961,NORM,0.001,True,0.4872974594918984,0.3700740148029606,0.22684536907381475,0.3226645329065813,0.38007601520304063,0.23124624924984996,0.249249849969994,0.27925585117023405,0.4872974594918984,0.4308861772354471,0.4432886577315463,0.36007201440288056,0.41148229645929185,0.4312862572514503
11961,NORM,0.002,True,0.5773154630926185,0.47929585917183437,0.33746749349869976,0.4214842968593719,0.4940988197639528,0.3646729345869174,0.40008001600320064,0.42108421684336866,0.5773154630926185,0.5323064612922584,0.5423084616923385,0.46449289857971593,0.498499699939988,0.5243048609721944
11961,NORM,0.005,True,0.8263652730546109,0.75625125025005,0.6525305061012202,0.6999399879975995,0.7589517903580716,0.6771354270854171,0.7335467093418684,0.7505501100220044,0.8263652730546109,0.8077615523104621,0.8183636727345469,0.7799559911982397,0.7535507101420285,0.7933586717343468
1192,NORM,0.0005,True,0.5825165033006602,0.45699139827965596,0.3706741348269654,0.4332866573314663,0.5741148229645929,0.374874974994999,0.40088017603520704,0.42868573714742947,0.5825165033006602,0.46129225845169036,0.5139027805561113,0.49049809961992397,0.4966993398679736,0.4526905381076215
1192,NORM,0.001,True,0.6017203440688138,0.46829365873174633,0.38487697539507904,0.4452890578115623,0.5903180636127225,0.38867773554710944,0.4224844968993799,0.4416883376675335,0.6017203440688138,0.48069613922784554,0.528505701140228,0.5049009801960392,0.5089017803560713,0.4558911782356471
1192,NORM,0.002,True,0.6777355471094219,0.5621124224844969,0.47909581916383276,0.515503100620124,0.6665333066613323,0.4920984196839368,0.5531106221244249,0.5629125825165033,0.6777355471094219,0.5613122624524906,0.5963192638527706,0.5755151030206042,0.5751150230046009,0.5381076215243049
1192,NORM,0.005,True,0.8811762352470494,0.7812562512502501,0.7295459091818364,0.7195439087817563,0.872374474894979,0.7249449889977996,0.8341668333666733,0.8137627525505101,0.8811762352470494,0.8169633926785357,0.791758351670334,0.7707541508301661,0.7539507901580316,0.7655531106221244
12884,NORM,0.0005,True,0.46669333866773355,0.27015403080616124,0.11002200440088018,0.2570514102820564,0.19343868773754752,0.11882376475295059,0.11522304460892178,0.14922984596919384,0.3290658131626325,0.28325665133026606,0.32386477295459093,0.3434686937387478,0.41208241648329663,0.46669333866773355
12884,NORM,0.001,True,0.47249449889977996,0.280256051210242,0.1230246049209842,0.2700540108021604,0.20984196839367875,0.13302660532106422,0.1312262452490498,0.16803360672134426,0.33246649329865974,0.29045809161832364,0.32966593318663734,0.355871174234847,0.4326865373074615,0.47249449889977996
12884,NORM,0.002,True,0.5835167033406682,0.3766753350670134,0.20424084816963392,0.3670734146829366,0.2986597319463893,0.2498499699939988,0.23264652930586116,0.29185837167433487,0.4364872974594919,0.3862772554510902,0.41788357671534304,0.44668933786757353,0.5457091418283657,0.5835167033406682
12884,NORM,0.005,True,0.8265653130626125,0.6172234446889378,0.4530906181236247,0.6419283856771354,0.5609121824364873,0.534506901380276,0.4990998199639928,0.5975195039007801,0.6929385877175435,0.6105221044208842,0.6239247849569914,0.6879375875175034,0.8157631526305261,0.8265653130626125
3373,NORM,0.0005,True,0.4576915383076615,0.24534906981396282,0.14362872574514904,0.351870374074815,0.239247849569914,0.15963192638527707,0.15363072614522905,0.1868373674734947,0.25645129025805163,0.2446489297859572,0.2460492098419684,0.2514502900580116,0.34266853370674133,0.4576915383076615
3373,NORM,0.001,True,0.4680936187237448,0.254250850170034,0.15943188637727546,0.3662732546509302,0.2524504900980196,0.17583516703340668,0.16823364672934588,0.20004000800160032,0.27805561112222443,0.2560512102420484,0.2518503700740148,0.2578515703140628,0.355871174234847,0.4680936187237448
3373,NORM,0.002,True,0.5499099819963993,0.3439687937587518,0.2508501700340068,0.46309261852370476,0.34466893378675734,0.2958591718343669,0.28245649129825967,0.3396679335867173,0.38307661532306464,0.34006801360272054,0.34326865373074616,0.355871174234847,0.45069013802760555,0.5499099819963993
3373,NORM,0.005,True,0.764752950590118,0.6169233846769353,0.5283056611322264,0.7081416283256652,0.6227245449089818,0.611122224444889,0.5783156631326265,0.663132626525305,0.6777355471094219,0.5693138627725545,0.5913182636527305,0.5979195839167833,0.6895379075815163,0.764752950590118
18572,NORM,0.0005,True,0.5759151830366073,0.4991998399679936,0.26505301060212044,0.5417083416683337,0.3790758151630326,0.3142628525705141,0.28705741148229647,0.35327065413082614,0.5759151830366073,0.49149829965993197,0.5069013802760552,0.5169033806761353,0.531506301260252,0.5111022204440888
18572,NORM,0.001,True,0.594118823764753,0.512002400480096,0.2892578515703141,0.5507101420284057,0.39227845569113823,0.33826765353070615,0.3066613322664533,0.36667333466693336,0.594118823764753,0.5059011802360472,0.5181036207241448,0.5275055011002201,0.543508701740348,0.5289057811562312
18572,NORM,0.002,True,0.6765353070614123,0.597619523904781,0.40568113622724544,0.6343268653730746,0.500500100020004,0.4736947389477896,0.4424884976995399,0.5213042608521704,0.6765353070614123,0.5905181036207241,0.6047209441888378,0.6091218243648729,0.6265253050610122,0.6179235847169434
18572,NORM,0.005,True,0.8689737947589518,0.8090618123624724,0.6985397079415884,0.8351670334066813,0.7701540308061612,0.7699539907981596,0.7471494298859772,0.8057611522304461,0.8689737947589518,0.8033606721344269,0.8123624724944989,0.8125625125025004,0.8287657531506302,0.8471694338867773
1702,NORM,0.0005,True,0.5101020204040808,0.3887777555511102,0.17043408681736347,0.3744748949789958,0.2664532906581316,0.19143828765753151,0.18383676735347068,0.22404480896179235,0.5101020204040808,0.41888377675535104,0.40308061612322466,0.4212842568513703,0.45509101820364073,0.46409281856371276
1702,NORM,0.001,True,0.5209041808361672,0.39947989597919586,0.1902380476095219,0.3864772954590918,0.28585717143428685,0.20644128825765154,0.20044008801760352,0.23844768953790757,0.5209041808361672,0.4298859771954391,0.41248249649929986,0.4354870974194839,0.4680936187237448,0.4842968593718744
1702,NORM,0.002,True,0.6099219843968794,0.4926985397079416,0.2872574514902981,0.4872974594918984,0.3824764952990598,0.34566913382676534,0.3270654130826165,0.379875975195039,0.6099219843968794,0.5151030206041208,0.49809961992398477,0.5261052210442089,0.5571114222844569,0.5683136627325465
1702,NORM,0.005,True,0.8397679535907181,0.7252450490098019,0.5827165433086617,0.7361472294458892,0.6507301460292059,0.6677335467093418,0.631126225245049,0.7011402280456092,0.8397679535907181,0.73874774954991,0.7143428685737148,0.756751350270054,0.7823564712942589,0.8021604320864173
20538,NORM,0.0005,True,0.5391078215643129,0.39187837567513506,0.17083416683336666,0.40548109621924383,0.26865373074614923,0.20344068813762753,0.1850370074014803,0.2494498899779956,0.5391078215643129,0.4196839367873575,0.394878975795159,0.38887777555511105,0.40608121624324867,0.45909181836367274
20538,NORM,0.001,True,0.5669133826765353,0.39707941588317663,0.1882376475295059,0.41888377675535104,0.29265853170634126,0.21664332866573316,0.21004200840168033,0.27465493098619725,0.5669133826765353,0.4348869773954791,0.39927985597119425,0.394878975795159,0.4168833766753351,0.47129425885177034
20538,NORM,0.002,True,0.6495299059811962,0.4708941788357671,0.29085817163432687,0.5047009401880376,0.3824764952990598,0.36187237447489495,0.3284656931386277,0.4224844968993799,0.6495299059811962,0.5059011802360472,0.46549309861972393,0.47629525905181036,0.5021004200840168,0.5617123424684937
20538,NORM,0.005,True,0.869373874774955,0.7020404080816163,0.5859171834366873,0.7485497099419884,0.6995399079815963,0.6767353470694139,0.6525305061012202,0.746749349869974,0.869373874774955,0.7045409081816363,0.6593318663732747,0.6761352270454091,0.7199439887977596,0.7821564312862572
5178,NORM,0.0005,True,0.54250850170034,0.4237847569513903,0.2590518103620724,0.3950790158031606,0.397879575915183,0.28085617123424683,0.2844568913782757,0.3348669733946789,0.514502900580116,0.46669333866773355,0.44968993798759754,0.46709341868373677,0.503500700140028,0.54250850170034
5178,NORM,0.001,True,0.5717143428685737,0.4444888977795559,0.28685737147429485,0.4146829365873175,0.41608321664332865,0.3046609321864373,0.3134626925385077,0.3576715343068614,0.5351070214042809,0.49249849969994,0.4728945789157832,0.493498699739948,0.529505901180236,0.5717143428685737
5178,NORM,0.002,True,0.6645329065813163,0.5474094818963793,0.40848169633926784,0.5209041808361672,0.5223044608921784,0.45609121824364873,0.46089217843568714,0.5271054210842169,0.6315263052610522,0.592118423684737,0.5677135427085417,0.591118223644729,0.6255251050210042,0.6645329065813163
5178,NORM,0.005,True,0.9151830366073215,0.8281656331266254,0.7353470694138827,0.8049609921984396,0.7969593918783757,0.7853570714142829,0.7889577915583117,0.8119623924784957,0.8701740348069614,0.8647729545909182,0.844368873774755,0.8449689937987598,0.8911782356471294,0.9151830366073215
12706,NORM,0.0005,True,0.5977195439087818,0.4346869373874775,0.28705741148229647,0.36027205441088217,0.5977195439087818,0.3066613322664533,0.34406881376275256,0.3920784156831366,0.5623124624924986,0.4472894578915783,0.42388477695539106,0.4454890978195639,0.47689537907581514,0.4888977795559112
12706,NORM,0.001,True,0.621124224844969,0.44838967793558715,0.29465893178635727,0.3704740948189638,0.621124224844969,0.3148629725945189,0.3624724944988998,0.41628325665133026,0.5797159431886377,0.45789157831566313,0.4388877775555111,0.46209241848369675,0.4926985397079416,0.50750150030006
12706,NORM,0.002,True,0.7015403080616123,0.5412082416483297,0.40308061612322466,0.46489297859571915,0.7015403080616123,0.4318863772754551,0.5107021404280856,0.5661132226445289,0.6613322664532907,0.5341068213642729,0.5251050210042009,0.5483096619323865,0.5751150230046009,0.5927185437087418
12706,NORM,0.005,True,0.8945789157831566,0.7893578715743148,0.6885377075415083,0.7143428685737148,0.8945789157831566,0.7063412682536507,0.7865573114622925,0.8263652730546109,0.8615723144628926,0.7355471094218844,0.7683536707341468,0.7921584316863373,0.8033606721344269,0.832366473294659
19331,NORM,0.0005,True,0.5023004600920185,0.36597319463892775,0.14002800560112022,0.3014602920584117,0.28125625125025006,0.15923184636927384,0.15823164632926584,0.20184036807361472,0.5023004600920185,0.43048609721944386,0.4634926985397079,0.46129225845169036,0.47449489897979596,0.4662932586517303
19331,NORM,0.001,True,0.5245049009801961,0.380376075215043,0.14922984596919384,0.3134626925385077,0.2980596119223845,0.17223444688937786,0.1784356871374275,0.21704340868173636,0.5245049009801961,0.4472894578915783,0.480496099219844,0.47729545909181836,0.4880976195239048,0.4812962592518504
19331,NORM,0.002,True,0.614122824564913,0.4751950390078015,0.2426485297059412,0.41988397679535905,0.39067813562712544,0.2956591318263653,0.30106021204240846,0.38107621524304863,0.614122824564913,0.530506101220244,0.5647129425885177,0.5551110222044409,0.5799159831966393,0.5751150230046009
19331,NORM,0.005,True,0.8397679535907181,0.7289457891578316,0.509501900380076,0.6797359471894379,0.6699339867973595,0.5905181036207241,0.5807161432286457,0.7021404280856172,0.8397679535907181,0.755751150230046,0.7823564712942589,0.7721544308861772,0.8045609121824365,0.8095619123824765
17436,NORM,0.0005,True,0.5013002600520104,0.3078615723144629,0.17283456691338267,0.2694538907781556,0.28005601120224044,0.17443488697739548,0.18483696739347868,0.19683936787357473,0.5013002600520104,0.33566713342668536,0.33926785357071415,0.34546909381876373,0.36687337467493497,0.3834766953390678
17436,NORM,0.001,True,0.5221044208841769,0.3235647129425885,0.1950390078015603,0.28605721144228846,0.3014602920584117,0.19003800760152031,0.21204240848169634,0.22164432886577315,0.5221044208841769,0.34566913382676534,0.34766953390678135,0.3626725345069014,0.3836767353470694,0.4006801360272054
17436,NORM,0.002,True,0.618123624724945,0.42028405681136227,0.3090618123624725,0.3842768553710742,0.40288057611522304,0.3272654530906181,0.35167033406681336,0.36387277455491096,0.618123624724945,0.4376875375075015,0.4380876175235047,0.46369273854770954,0.4812962592518504,0.5021004200840168
17436,NORM,0.005,True,0.8549709941988398,0.7076415283056612,0.6269253850770155,0.6845369073814763,0.7179435887177436,0.668133626725345,0.6985397079415884,0.716743348669734,0.8549709941988398,0.6863372674534907,0.6849369873974795,0.7813562712542509,0.7999599919983997,0.8237647529505902
13074,NORM,0.0005,True,0.611122224444889,0.5014002800560112,0.39927985597119425,0.5451090218043608,0.6103220644128826,0.4364872974594919,0.4530906181236247,0.5197039407881576,0.4966993398679736,0.40088017603520704,0.39987997599519903,0.5061012202440488,0.5747149429885977,0.611122224444889
13074,NORM,0.001,True,0.6347269453890778,0.5156031206241248,0.4240848169633927,0.5663132626525305,0.6347269453890778,0.46009201840368075,0.4850970194038808,0.5457091418283657,0.509501900380076,0.40588117623524705,0.40848169633926784,0.5217043408681736,0.5883176635327065,0.6227245449089818
13074,NORM,0.002,True,0.7159431886377275,0.6162232446489297,0.545509101820364,0.6649329865973195,0.7159431886377275,0.6005201040208041,0.6219243848769754,0.7065413082616523,0.5903180636127225,0.4786957391478296,0.506501300260052,0.6105221044208842,0.6749349869973995,0.7129425885177035
13074,NORM,0.005,True,0.9249849969993998,0.8825765153030606,0.846369273854771,0.9001800360072014,0.9249849969993998,0.8811762352470494,0.8839767953590718,0.9179835967193438,0.7909581916383277,0.6809361872374475,0.7643528705741148,0.8417683536707341,0.8933786757351471,0.9189837967593518
7184,NORM,0.0005,True,0.628125625125025,0.4985997199439888,0.28125625125025006,0.49749949989998,0.38687737547509504,0.3170634126825365,0.3066613322664533,0.3672734546909382,0.5603120624124825,0.628125625125025,0.5001000200040008,0.4996999399879976,0.5547109421884376,0.5463092618523705
7184,NORM,0.001,True,0.6471294258851771,0.512002400480096,0.3038607721544309,0.5125025005001,0.40268053610722143,0.33826765353070615,0.3270654130826165,0.3892778555711142,0.5817163432686537,0.6471294258851771,0.5159031806361273,0.511502300460092,0.5677135427085417,0.5617123424684937
7184,NORM,0.002,True,0.7229445889177836,0.597119423884777,0.4274854970994199,0.5991198239647929,0.5171034206841368,0.4862972594518904,0.47109421884376873,0.5411082216443288,0.6607321464292859,0.7229445889177836,0.6051210242048409,0.595119023804761,0.6433286657331466,0.6429285857171434
7184,NORM,0.005,True,0.8973794758951791,0.8061612322464493,0.7405481096219244,0.7961592318463693,0.7869573914782957,0.7703540708141629,0.791758351670334,0.7983596719343868,0.8637727545509102,0.8973794758951791,0.8265653130626125,0.8139627925585117,0.842368473694739,0.8455691138227646
17598,NORM,0.0005,True,0.5859171834366873,0.4487897579515903,0.40948189637927584,0.48089617923584715,0.5341068213642729,0.4216843368673735,0.4508901780356071,0.46289257851570315,0.5859171834366873,0.4442888577715543,0.41828365673134627,0.42008401680336066,0.44668933786757353,0.4918983796759352
17598,NORM,0.001,True,0.6079215843168634,0.46599319863972793,0.4318863772754551,0.48869773954790957,0.5539107821564313,0.4350870174034807,0.47409481896379274,0.47549509901980397,0.6079215843168634,0.45549109821964395,0.42968593718743747,0.4282856571314263,0.45789157831566313,0.5013002600520104
17598,NORM,0.002,True,0.6867373474694939,0.5507101420284057,0.5283056611322264,0.5587117423484697,0.628125625125025,0.5427085417083417,0.6059211842368474,0.5867173434686938,0.6867373474694939,0.5283056611322264,0.5011002200440088,0.5017003400680136,0.5327065413082617,0.5703140628125625
17598,NORM,0.005,True,0.9067813562712542,0.7784556911382277,0.7925585117023405,0.760752150430086,0.8587717543508702,0.7795559111822364,0.8739747949589918,0.8083616723344669,0.9067813562712542,0.7495499099819964,0.7261452290458091,0.7409481896379276,0.7441488297659532,0.7773554710942189
5484,NORM,0.0005,True,0.46009201840368075,0.339867973594719,0.2862572514502901,0.3016603320664133,0.3462692538507702,0.254250850170034,0.30006001200240046,0.2816563312662532,0.46009201840368075,0.392878575715143,0.33546709341868375,0.34426885377075417,0.3700740148029606,0.4024804960992198
5484,NORM,0.001,True,0.47629525905181036,0.34666933386677334,0.32106421284256853,0.3156631326265253,0.3640728145629126,0.27385477095419086,0.3320664132826565,0.29545909181836366,0.47629525905181036,0.40608121624324867,0.3434686937387478,0.34986997399479897,0.38007601520304063,0.4168833766753351
5484,NORM,0.002,True,0.5603120624124825,0.4418883776755351,0.4406881376275255,0.3930786157231446,0.4430886177235447,0.40028005601120226,0.4888977795559112,0.4062812562512502,0.5603120624124825,0.47589517903580714,0.42308461692338467,0.4292858571714343,0.46209241848369675,0.5013002600520104
5484,NORM,0.005,True,0.8225645129025805,0.7034406881376276,0.7727545509101821,0.6467293458691739,0.7213442688537708,0.716743348669734,0.8169633926785357,0.6655331066213243,0.8225645129025805,0.6675335067013403,0.6285257051410282,0.6495299059811962,0.6901380276055211,0.7395479095819164
19087,NORM,0.0005,True,0.5069013802760552,0.3117623524704941,0.11862372474494899,0.15523104620924186,0.4482896579315863,0.11862372474494899,0.16263252650530105,0.17183436687337467,0.5069013802760552,0.26685337067413484,0.3566713342668534,0.41828365673134627,0.4376875375075015,0.5047009401880376
19087,NORM,0.001,True,0.5297059411882377,0.3193638727745549,0.1302260452090418,0.16583316663332667,0.46769353870774155,0.1288257651530306,0.18623724744948988,0.1872374474894979,0.5297059411882377,0.2760552110422084,0.3626725345069014,0.4292858571714343,0.4454890978195639,0.5213042608521704
19087,NORM,0.002,True,0.6167233446689337,0.41358271654330864,0.22404480896179235,0.247249449889978,0.5707141428285657,0.22464492898579716,0.3150630126025205,0.3164632926585317,0.6167233446689337,0.3782756551310262,0.4488897779555911,0.5169033806761353,0.5413082616523305,0.6009201840368074
19087,NORM,0.005,True,0.8479695939187838,0.6559311862372474,0.48949789957991596,0.49529905981196237,0.8477695539107821,0.4870974194838968,0.6441288257651531,0.630126025205041,0.8479695939187838,0.6377275455091018,0.6677335467093418,0.7375475095019004,0.7641528305661133,0.8063612722544509
3845,NORM,0.0005,True,0.592118423684737,0.4850970194038808,0.39807961592318464,0.46289257851570315,0.592118423684737,0.41368273654730947,0.4316863372674535,0.46769353870774155,0.5253050610122024,0.4872974594918984,0.48289657931586316,0.48769753950790157,0.5249049809961992,0.5127025405081016
3845,NORM,0.001,True,0.6123224644928986,0.5019003800760152,0.41788357671534304,0.47789557911582314,0.6123224644928986,0.42948589717943586,0.4558911782356471,0.4906981396279256,0.5427085417083417,0.5067013402680536,0.4998999799959992,0.5039007801560312,0.5379075815163032,0.5271054210842169
3845,NORM,0.002,True,0.6883376675335067,0.5899179835967193,0.509501900380076,0.5449089817963593,0.6883376675335067,0.5235047009401881,0.582116423284657,0.6107221444288857,0.6177235447089418,0.5929185837167433,0.5869173834766953,0.5745149029805962,0.6049209841968394,0.5947189437887578
3845,NORM,0.005,True,0.883376675335067,0.8104620924184838,0.75875175035007,0.7523504700940188,0.883376675335067,0.7595519103820764,0.8327665533106622,0.8533706741348269,0.8243648729745949,0.8297659531906382,0.8213642728545709,0.7843568713742749,0.7799559911982397,0.7995599119823965
2005,NORM,0.0005,True,0.5017003400680136,0.37047409481896376,0.2454490898179636,0.32886577315463095,0.45249049809961994,0.25625125025005,0.27185437087417486,0.3084616923384677,0.3584716943388678,0.5017003400680136,0.4006801360272054,0.40128025605121026,0.3824764952990598,0.39647929585917185
2005,NORM,0.001,True,0.5129025805161033,0.3820764152830566,0.27045409081816363,0.34306861372274455,0.479495899179836,0.27245449089817964,0.3056611322264453,0.33066613322664534,0.372874574914983,0.5129025805161033,0.4110822164432887,0.40688137627525506,0.3912782556511302,0.40328065613122627
2005,NORM,0.002,True,0.6055211042208442,0.48749749949989996,0.393878775755151,0.4444888977795559,0.5817163432686537,0.41648329665933187,0.4566913382676535,0.4912982596519304,0.480496099219844,0.6055211042208442,0.5103020604120824,0.4912982596519304,0.48369673934786955,0.5027005401080216
2005,NORM,0.005,True,0.8375675135027005,0.7546509301860371,0.7095419083816763,0.7231446289257851,0.8375675135027005,0.7305461092218444,0.7891578315663133,0.794758951790358,0.7765553110622124,0.8179635927185437,0.74874974994999,0.7313462692538508,0.7439487897579516,0.7605521104220844
15940,NORM,0.0005,True,0.5041008201640328,0.40498099619923983,0.3082616523304661,0.4336867373474695,0.503500700140028,0.33606721344268853,0.3406681336267253,0.3966793358671734,0.5041008201640328,0.41328265653130625,0.3832766553310662,0.3882776555311062,0.4446889377875575,0.4766953390678136
15940,NORM,0.001,True,0.5311062212442489,0.42388477695539106,0.32966593318663734,0.4482896579315863,0.5311062212442489,0.35267053410682137,0.368873774754951,0.41728345669133826,0.5221044208841769,0.43048609721944386,0.3892778555711142,0.39147829565913184,0.45429085817163434,0.4928985797159432
15940,NORM,0.002,True,0.6159231846369274,0.5213042608521704,0.4302860572114423,0.5283056611322264,0.6159231846369274,0.47509501900380074,0.5047009401880376,0.5591118223644729,0.6089217843568714,0.5143028605721144,0.46409281856371276,0.4690938187637527,0.5397079415883177,0.5759151830366073
15940,NORM,0.005,True,0.8445689137827566,0.7710542108421684,0.7203440688137628,0.7711542308461692,0.8445689137827566,0.7433486697339468,0.7963592718543708,0.8199639927985597,0.8301660332066413,0.7443488697739548,0.6573314662932587,0.7045409081816363,0.7709541908381676,0.8203640728145629
1779,NORM,0.0005,True,0.4354870974194839,0.3173634726945389,0.19003800760152031,0.2768553710742148,0.3880776155231046,0.20524104820964192,0.21684336867373474,0.26125225045009004,0.33526705341068214,0.32406481296259254,0.31066213242648527,0.37247449489897977,0.41508301660332064,0.4354870974194839
1779,NORM,0.001,True,0.4454890978195639,0.3250650130026005,0.20024004800960193,0.2912582516503301,0.40988197639527907,0.21904380876175236,0.23424684936987397,0.28425685137027407,0.35447089417883576,0.3294658931786357,0.3206641328265653,0.3840768153630726,0.42188437687537506,0.4454890978195639
1779,NORM,0.002,True,0.5373074614922985,0.4232846569313863,0.3060612122424485,0.3860772154430886,0.5131026205241048,0.3338667733546709,0.3692738547709542,0.4298859771954391,0.4482896579315863,0.4166833366673335,0.41068213642728546,0.478495699139828,0.5149029805961193,0.5373074614922985
1779,NORM,0.005,True,0.7851570314062812,0.6948389677935587,0.5815163032606522,0.625125025005001,0.7851570314062812,0.6061212242448489,0.6919383876775355,0.7515503100620124,0.6977395479095819,0.6299259851970395,0.6429285857171434,0.7029405881176235,0.7469493898779755,0.7471494298859772
10989,NORM,0.0005,True,0.5609121824364873,0.4149829965993198,0.20164032806561313,0.4394878975795159,0.2750550110022004,0.22604520904180836,0.22444488897779555,0.25265053010602123,0.5609121824364873,0.41208241648329663,0.42008401680336066,0.41788357671534304,0.480496099219844,0.5103020604120824
10989,NORM,0.001,True,0.5873174634926985,0.4344868973794759,0.23044608921784357,0.45829165833166635,0.30026005201040207,0.253250650130026,0.254250850170034,0.28085617123424683,0.5873174634926985,0.4338867773554711,0.4354870974194839,0.4350870174034807,0.5021004200840168,0.5353070614122825
10989,NORM,0.002,True,0.6673334666933387,0.5153030606121225,0.3322664532906581,0.5379075815163032,0.39807961592318464,0.40388077615523105,0.3750750150030006,0.42108421684336866,0.6673334666933387,0.5137027405481096,0.5169033806761353,0.5277055411082217,0.585117023404681,0.6167233446689337
10989,NORM,0.005,True,0.8755751150230046,0.7475495099019804,0.637127425485097,0.7643528705741148,0.7123424684936988,0.7135427085417083,0.7005401080216043,0.7459491898379675,0.8755751150230046,0.7485497099419884,0.7465493098619724,0.7751550310062012,0.8195639127825565,0.8561712342468494
19307,NORM,0.0005,True,0.5033006601320265,0.40288057611522304,0.2988597719543909,0.39227845569113823,0.5033006601320265,0.3104620924184837,0.3368673734746949,0.367873574714943,0.46749349869973994,0.4920984196839368,0.39267853570714145,0.4148829765953191,0.41308261652330464,0.4642928585717143
19307,NORM,0.001,True,0.5223044608921784,0.4204840968193639,0.3194638927785557,0.40108021604320865,0.5223044608921784,0.32206441288257653,0.36087217443488695,0.3852770554110822,0.47729545909181836,0.5109021804360873,0.41548309661932387,0.42588517703540707,0.4254850970194039,0.47529505901180236
19307,NORM,0.002,True,0.6169233846769354,0.5146029205841168,0.4224844968993799,0.48189637927585516,0.6169233846769354,0.4452890578115623,0.503500700140028,0.5073014602920584,0.5573114622924585,0.611122224444889,0.5129025805161033,0.5163032606521304,0.5205041008201641,0.5587117423484697
19307,NORM,0.005,True,0.8611722344468894,0.7873574714942988,0.706741348269654,0.7105421084216843,0.8533706741348269,0.7155431086217243,0.8255651130226045,0.7995599119823965,0.7649529905981196,0.8611722344468894,0.8301660332066413,0.7661532306461293,0.7821564312862572,0.7925585117023405
17018,NORM,0.0005,True,0.5439087817563513,0.41938387677535505,0.3188637727545509,0.42868573714742947,0.5439087817563513,0.3444688937787557,0.372874574914983,0.4100820164032807,0.35127025405081014,0.27345469093818764,0.4310862172434487,0.47429485897179435,0.496499299859972,0.4832966593318664
17018,NORM,0.001,True,0.5715143028605721,0.4333866773354671,0.34526905381076217,0.4416883376675335,0.5715143028605721,0.36087217443488695,0.40928185637127423,0.4312862572514503,0.3710742148429686,0.28405681136227245,0.4354870974194839,0.47909581916383276,0.509501900380076,0.4988997799559912
17018,NORM,0.002,True,0.6523304660932187,0.5419083816763353,0.4634926985397079,0.5347069413882777,0.6523304660932187,0.48569713942788556,0.5491098219643928,0.583116623324665,0.47249449889977996,0.3732746549309862,0.5093018603720744,0.5543108621724345,0.590118023604721,0.5857171434286857
17018,NORM,0.005,True,0.877375475095019,0.7593518703740748,0.7455491098219644,0.7613522704540908,0.877375475095019,0.7573514702940588,0.8419683936787358,0.8047609521904381,0.7431486297259452,0.6327265453090618,0.7175435087017403,0.7481496299259852,0.7975595119023805,0.7969593918783757
9782,NORM,0.0005,True,0.46129225845169036,0.32836567313462695,0.10862172434486897,0.16243248649729947,0.35067013402680536,0.11442288457691538,0.1274254850970194,0.14962992598519703,0.4278855771154231,0.3176635327065413,0.33906781356271254,0.34666933386677334,0.38587717543508704,0.46129225845169036
9782,NORM,0.001,True,0.48369673934786955,0.34486897379475895,0.12582516503300661,0.17903580716143228,0.3752750550110022,0.127625525105021,0.15223044608921785,0.17403480696139229,0.4472894578915783,0.33526705341068214,0.35447089417883576,0.3682736547309462,0.40608121624324867,0.48369673934786955
9782,NORM,0.002,True,0.5827165433086617,0.4298859771954391,0.20684136827365474,0.2570514102820564,0.46689337867573516,0.22804560912182437,0.2760552110422084,0.30206041208241646,0.5431086217243448,0.42188437687537506,0.4378875775155031,0.4624924984996999,0.5159031806361273,0.5827165433086617
9782,NORM,0.005,True,0.8457691538307661,0.6739347869573915,0.45729145829165835,0.5093018603720744,0.7473494698939788,0.4970994198839768,0.5949189837967593,0.6245249049809962,0.7871574314862972,0.6649329865973195,0.6829365873174635,0.735747149429886,0.8179635927185437,0.8457691538307661
3753,NORM,0.0005,True,0.5277055411082217,0.3208641728345669,0.1808361672334467,0.28745749149829963,0.3880776155231046,0.1960392078415683,0.20724144828965793,0.23804760952190437,0.5277055411082217,0.3098619723944789,0.33186637327465496,0.36307261452290457,0.3640728145629126,0.40888177635527106
3753,NORM,0.001,True,0.534506901380276,0.3355671134226845,0.19443888777755552,0.2970594118823765,0.40288057611522304,0.20784156831366274,0.22964592918583718,0.25165033006601323,0.534506901380276,0.3270654130826165,0.34406881376275256,0.3734746949389878,0.377875575115023,0.4252850570114023
3753,NORM,0.002,True,0.6369273854770954,0.4272854570914183,0.2978595719143829,0.39167833566713345,0.5041008201640328,0.32486497299459893,0.3720744148829766,0.39827965593118625,0.6369273854770954,0.4174834966993399,0.4370874174834967,0.47529505901180236,0.48389677935587116,0.5239047809561912
3753,NORM,0.005,True,0.8709741948389678,0.7313462692538508,0.579115823164633,0.6629325865173035,0.7523504700940188,0.626125225045009,0.6907381476295259,0.71874374874975,0.8709741948389678,0.7193438687737548,0.7433486697339468,0.7579515903180636,0.7849569913982797,0.8187637527505501
7420,NORM,0.0005,True,0.4958991798359672,0.3836767353470694,0.2368473694738948,0.3856771354270854,0.3816763352670534,0.2560512102420484,0.26105221044208843,0.3014602920584117,0.4958991798359672,0.36307261452290457,0.3910782156431286,0.41068213642728546,0.4396879375875175,0.47929585917183437
7420,NORM,0.001,True,0.5179035807161432,0.39697939587917586,0.2600520104020804,0.395879175835167,0.39807961592318464,0.26805361072214445,0.28965793158631725,0.3158631726345269,0.5179035807161432,0.3722744548909782,0.4006801360272054,0.4184836967393479,0.4488897779555911,0.4908981796359272
7420,NORM,0.002,True,0.6055211042208442,0.48549709941988395,0.3746749349869974,0.48849769953990796,0.5031006201240248,0.4100820164032807,0.4344868973794759,0.4614922984596919,0.6055211042208442,0.4500900180036007,0.48249649929986,0.5031006201240248,0.5333066613322665,0.5741148229645929
7420,NORM,0.005,True,0.8367673534706941,0.7434486897379475,0.6725345069013803,0.7235447089417884,0.7793558711742349,0.7041408281656332,0.759751950390078,0.749749949989998,0.8367673534706941,0.6843368673734747,0.7109421884376875,0.7371474294858972,0.7715543108621724,0.7995599119823965
578,NORM,0.0005,True,0.4830966193238648,0.37957591518303657,0.23124624924984996,0.3700740148029606,0.3100620124024805,0.24904980996199239,0.253250650130026,0.27725545109021804,0.4830966193238648,0.39047809561912383,0.3890778155631126,0.39247849569913984,0.39807961592318464,0.4332866573314663
578,NORM,0.001,True,0.5007001400280056,0.3862772554510902,0.2524504900980196,0.3766753350670134,0.3206641328265653,0.2590518103620724,0.27245449089817964,0.28425685137027407,0.5007001400280056,0.39947989597919586,0.395879175835167,0.39887977595519103,0.40288057611522304,0.4414882976595319
578,NORM,0.002,True,0.5869173834766953,0.4545909181836367,0.34846969393878774,0.4502900580116023,0.4072814562912582,0.381876375275055,0.3910782156431286,0.39927985597119425,0.5869173834766953,0.47789557911582314,0.45889177835567113,0.4728945789157832,0.47449489897979596,0.5079015803160633
578,NORM,0.005,True,0.7975595119023805,0.6612322464492899,0.5991198239647929,0.6593318663732747,0.6377275455091018,0.6437287457491498,0.663132626525305,0.6441288257651531,0.7975595119023805,0.6733346669333867,0.6569313862772554,0.6773354670934186,0.6915383076615323,0.712742548509702
16036,NORM,0.0005,True,0.5505101020204041,0.39387877575515107,0.2440488097619524,0.3714742948589718,0.4878975795159032,0.2666533306661332,0.27665533106621326,0.34086817363472693,0.5505101020204041,0.41628325665133026,0.34886977395479096,0.4302860572114423,0.47909581916383276,0.4938987797559512
16036,NORM,0.001,True,0.5541108221644329,0.4064812962592519,0.26885377075415084,0.3912782556511302,0.5161032206441288,0.28965793158631725,0.3052610522104421,0.36767353470694136,0.5541108221644329,0.4216843368673735,0.352870574114823,0.4424884976995399,0.49229845969193836,0.5149029805961193
16036,NORM,0.002,True,0.655131026205241,0.5174034806961392,0.3792758551710342,0.4920984196839368,0.6067213442688538,0.4254850970194039,0.45449089817963595,0.5211042208441689,0.655131026205241,0.5137027405481096,0.4224844968993799,0.5275055011002201,0.5735147029405882,0.6049209841968394
16036,NORM,0.005,True,0.8717743548709742,0.7615523104620925,0.6901380276055211,0.7533506701340268,0.8491698339667934,0.7303460692138428,0.7697539507901581,0.8153630726145229,0.8717743548709742,0.7491498299659932,0.619123824764953,0.7423484696939388,0.7855571114222845,0.8471694338867773
19027,NORM,0.0005,True,0.4992998599719944,0.3218643728745749,0.20284056811362272,0.31726345269053813,0.46029205841168236,0.22084416883376676,0.23944788957791557,0.28205641128225645,0.4992998599719944,0.3060612122424485,0.3264652930586117,0.34786957391478296,0.36687337467493497,0.3682736547309462
19027,NORM,0.001,True,0.5167033406681336,0.33486697339467897,0.22184436887377476,0.33326665333066613,0.47929585917183437,0.23604720944188837,0.2646529305861172,0.3072614522904581,0.5167033406681336,0.3188637727545509,0.33646729345869175,0.356871374274855,0.3780756151230246,0.38387677535507103
19027,NORM,0.002,True,0.6053210642128426,0.4384876975395079,0.3312662532506501,0.43048609721944386,0.5701140228045609,0.3654730946189238,0.41368273654730947,0.46649329865973194,0.6053210642128426,0.4034806961392278,0.42188437687537506,0.4464892978595719,0.4736947389477896,0.47809561912382476
19027,NORM,0.005,True,0.8265653130626125,0.7182436487297459,0.6369273854770954,0.714742948589718,0.8265653130626125,0.6847369473894779,0.7429485897179436,0.8057611522304461,0.8257651530306062,0.630126025205041,0.6587317463492699,0.6867373474694939,0.7217443488697739,0.7653530706141228
20692,NORM,0.0005,True,0.5637127425485097,0.4268853770754151,0.23744748949789957,0.4446889377875575,0.396879375875175,0.2768553710742148,0.26685337067413484,0.32866573314662934,0.5637127425485097,0.4242848569713943,0.43528705741148227,0.42948589717943586,0.4900980196039208,0.5233046609321864
20692,NORM,0.001,True,0.588117623524705,0.4425885177035407,0.264252850570114,0.46129225845169036,0.4292858571714343,0.30006001200240046,0.2984596919383877,0.3566713342668534,0.588117623524705,0.44288857771554313,0.45069013802760555,0.4422884576915383,0.5011002200440088,0.5431086217243448
20692,NORM,0.002,True,0.663132626525305,0.5286057211442289,0.3836767353470694,0.540508101620324,0.5357071414282857,0.44868973794758954,0.4444888977795559,0.5211042208441689,0.663132626525305,0.5247049409881976,0.5271054210842169,0.5301060212042409,0.5793158631726345,0.6169233846769354
20692,NORM,0.005,True,0.8665733146629326,0.7759551910382076,0.7045409081816363,0.7779555911182237,0.8357671534306861,0.74874974994999,0.7915583116623325,0.8227645529105821,0.8665733146629326,0.7521504300860172,0.7313462692538508,0.741748349669934,0.7739547909581916,0.8455691138227646
15412,NORM,0.0005,True,0.546509301860372,0.413882776555311,0.23324664932986597,0.40648129625925183,0.4204840968193639,0.269253850770154,0.2616523304660932,0.3416683336667333,0.5273054610922184,0.546509301860372,0.4072814562912582,0.42088417683536705,0.45649129825965196,0.46369273854770954
15412,NORM,0.001,True,0.5615123024604921,0.43068613722744553,0.25165033006601323,0.4260852170434087,0.44868973794758954,0.2920584116823365,0.28985797159431886,0.3680736147229446,0.5495099019803961,0.5615123024604921,0.4264852970594119,0.4348869773954791,0.47489497899579913,0.48109621924384877
15412,NORM,0.002,True,0.636127225445089,0.5235047009401881,0.3674734946989398,0.5169033806761353,0.5459091818363673,0.42868573714742947,0.4398879775955191,0.5281056211242249,0.636127225445089,0.6337267453490698,0.513502700540108,0.5189037807561512,0.5549109821964393,0.5675135027005401
15412,NORM,0.005,True,0.8615723144628926,0.7854570914182837,0.6659331866373275,0.7753550710142029,0.831366273254651,0.71374274854971,0.762752550510102,0.8267653530706142,0.8615723144628926,0.8219643928785757,0.7539507901580316,0.7621524304860973,0.7955591118223645,0.8199639927985597
19708,NORM,0.0005,True,0.4948989797959592,0.34276855371074216,0.1808361672334467,0.2882576515303061,0.28385677135427084,0.18863772754550912,0.1950390078015603,0.22624524904980997,0.4948989797959592,0.4374874974994999,0.39727945589117825,0.4360872174434887,0.4412882576515303,0.44288857771554313
19708,NORM,0.001,True,0.5153030606121224,0.3565713142628526,0.20484096819363873,0.3044608921784357,0.3046609321864373,0.20924184836967394,0.22244448889777957,0.24664932986597318,0.5153030606121224,0.45609121824364873,0.40848169633926784,0.4418883776755351,0.45249049809961994,0.46009201840368075
19708,NORM,0.002,True,0.6139227845569114,0.4561912382476495,0.3160632126425285,0.4044808961792358,0.42308461692338467,0.34946989397879574,0.3682736547309462,0.391878375675135,0.6139227845569114,0.5321064212842569,0.4892978595719144,0.5165033006601321,0.5311062212442489,0.5449089817963593
19708,NORM,0.005,True,0.863372674534907,0.7089417883576715,0.6167233446689337,0.6637327465493099,0.7301460292058412,0.6517303460692139,0.7027405481096219,0.7013402680536107,0.863372674534907,0.7335467093418684,0.6889377875575114,0.7151430286057211,0.7509501900380076,0.7851570314062812
19020,NORM,0.0005,True,0.6819363872774555,0.46159231846369275,0.391878375675135,0.48669733946789356,0.5837167433486697,0.41068213642728546,0.4206841368273655,0.45249049809961994,0.6819363872774555,0.45349069813962795,0.46969393878775756,0.4852970594118824,0.5001000200040008,0.4450890178035607
19020,NORM,0.001,True,0.6999399879975995,0.4770954190838168,0.41068213642728546,0.4998999799959992,0.6033206641328266,0.42668533706741346,0.4536907381476295,0.4766953390678136,0.6999399879975995,0.46689337867573516,0.47749549909982,0.4898979795959192,0.5079015803160633,0.46189237847569514
19020,NORM,0.002,True,0.751750350070014,0.5727145429085817,0.5079015803160633,0.5833166633326665,0.6777355471094219,0.5505101020204041,0.5807161432286457,0.6013202640528106,0.751750350070014,0.531506301260252,0.5565113022604521,0.5647129425885177,0.584116823364673,0.5503100620124025
19020,NORM,0.005,True,0.8791758351670335,0.8035607121424284,0.7767553510702141,0.8011602320464093,0.8691738347669534,0.8059611922384476,0.840368073614723,0.8431686337267453,0.8791758351670335,0.7211442288457691,0.7565513102620524,0.7823564712942589,0.7915583116623325,0.8119623924784957
5843,NORM,0.0005,True,0.44568913782756553,0.28685737147429485,0.08461692338467694,0.22964592918583718,0.15143028605721146,0.09241848369673934,0.09501900380076016,0.11402280456091218,0.35267053410682137,0.39047809561912383,0.34406881376275256,0.44568913782756553,0.41628325665133026,0.39427885577115424
5843,NORM,0.001,True,0.4566913382676535,0.3027605521104221,0.09961992398479697,0.2416483296659332,0.16363272654530905,0.10522104420884176,0.11242248449689939,0.1260252050410082,0.3760752150430086,0.41348269653930786,0.36387277455491096,0.4566913382676535,0.4316863372674535,0.4118823764752951
5843,NORM,0.002,True,0.5691138227645529,0.4047809561912382,0.16603320664132826,0.33366673334666935,0.24124824964993,0.19963992798559713,0.20484096819363873,0.22544508901780355,0.47649529905981197,0.5127025405081016,0.47589517903580714,0.5691138227645529,0.5367073414682937,0.5047009401880376
5843,NORM,0.005,True,0.8377675535107021,0.6573314662932587,0.3694738947789558,0.5785157031406282,0.48209641928385677,0.4540908181636327,0.4350870174034807,0.509501900380076,0.7361472294458892,0.7869573914782957,0.7697539507901581,0.8377675535107021,0.7909581916383277,0.7581516303260653
17605,NORM,0.0005,True,0.5437087417483497,0.40998199639927985,0.3216643328665733,0.4376875375075015,0.5249049809961992,0.34566913382676534,0.3596719343868774,0.4072814562912582,0.5437087417483497,0.41928385677135427,0.40128025605121026,0.395879175835167,0.41268253650730147,0.4422884576915383
17605,NORM,0.001,True,0.5623124624924986,0.4252850570114023,0.34526905381076217,0.4536907381476295,0.5451090218043608,0.36307261452290457,0.39147829565913184,0.4300860172034407,0.5623124624924986,0.4336867373474695,0.40848169633926784,0.40228045609121826,0.4204840968193639,0.4518903780756151
17605,NORM,0.002,True,0.6411282256451291,0.5182036407281456,0.45069013802760555,0.5267053410682137,0.6411282256451291,0.4898979795959192,0.5299059811962392,0.5649129825965193,0.6383276655331066,0.5097019403880776,0.47029405881176234,0.4812962592518504,0.4988997799559912,0.5333066613322665
17605,NORM,0.005,True,0.8727745549109822,0.7590518103620724,0.7389477895579116,0.7625525105021004,0.8727745549109822,0.7615523104620924,0.833366673334667,0.8297659531906382,0.8577715543108622,0.7433486697339468,0.6507301460292059,0.7029405881176235,0.7237447489497899,0.7565513102620524
7439,NORM,0.0005,True,0.30106021204240846,0.20474094818963792,0.051010202040408084,0.16063212642528504,0.11542308461692338,0.05781156231246249,0.05661132226445289,0.08681736347269454,0.27525505101020203,0.2488497699539908,0.26965393078615724,0.27365473094618925,0.27805561112222443,0.30106021204240846
7439,NORM,0.001,True,0.32686537307461494,0.22014402880576117,0.05761152230446089,0.17323464692938587,0.1278255651130226,0.0638127625525105,0.0652130426085217,0.10482096419283857,0.2968593718743749,0.26705341068213645,0.28805761152230447,0.2950590118023605,0.3026605321064213,0.32686537307461494
7439,NORM,0.002,True,0.4326865373074615,0.3085617123424685,0.10202040408081617,0.2528505701140228,0.1878375675135027,0.1322264452890578,0.1254250850170034,0.19923984796959393,0.4014802960592118,0.3642728545709142,0.38687737547509504,0.38687737547509504,0.40228045609121826,0.4326865373074615
7439,NORM,0.005,True,0.7433486697339468,0.5825165033006601,0.25645129025805163,0.5057011402280456,0.3956791358271654,0.3416683336667333,0.3008601720344069,0.4470894178835767,0.6873374674934987,0.6593318663732747,0.6707341468293658,0.6929385877175435,0.719743948789758,0.7433486697339468
21238,NORM,0.0005,True,0.6077215443088618,0.41478295659131825,0.33706741348269653,0.4158831766353271,0.6077215443088618,0.3556711342268454,0.389877975595119,0.4384876975395079,0.6045209041808361,0.3852770554110822,0.38487697539507904,0.41368273654730947,0.47989597919583915,0.5267053410682137
21238,NORM,0.001,True,0.6315263052610522,0.4308861772354471,0.35707141428285655,0.4392878575715143,0.6315263052610522,0.3726745349069814,0.41508301660332064,0.46729345869173833,0.6255251050210042,0.392878575715143,0.39227845569113823,0.4224844968993799,0.4916983396679336,0.5409081816363273
21238,NORM,0.002,True,0.7013402680536107,0.5389077815563112,0.46469293858771754,0.5235047009401881,0.7013402680536107,0.4928985797159432,0.5543108621724345,0.6005201040208041,0.6971394278855771,0.4568913782756551,0.4728945789157832,0.5029005801160232,0.5649129825965193,0.614122824564913
21238,NORM,0.005,True,0.8899779955991198,0.7682536507301461,0.7361472294458892,0.7651530306061213,0.8899779955991198,0.7629525905181036,0.8167633526705341,0.8601720344068814,0.8837767553510703,0.6619323864772955,0.6977395479095819,0.7279455891178236,0.7713542708541709,0.8195639127825565
12064,NORM,0.0005,True,0.4292858571714343,0.3225645129025805,0.12822564512902582,0.23264652930586116,0.3080616123224645,0.14422884576915382,0.13862772554510902,0.17663532706541307,0.33706741348269653,0.36487297459491896,0.4240848169633927,0.38687737547509504,0.41328265653130625,0.4292858571714343
12064,NORM,0.001,True,0.44588917783556714,0.33486697339467897,0.14762952590518102,0.24904980996199239,0.32686537307461494,0.16523304660932187,0.15763152630526106,0.19863972794558912,0.34286857371474294,0.3882776555311062,0.4346869373874775,0.3950790158031606,0.41528305661132225,0.44588917783556714
12064,NORM,0.002,True,0.5541108221644329,0.4395879175835167,0.23524704940988198,0.34126825365073016,0.4212842568513703,0.2788557711542308,0.27925585117023405,0.3358671734346869,0.45789157831566313,0.4892978595719144,0.5411082216443288,0.4868973794758952,0.5289057811562312,0.5541108221644329
12064,NORM,0.005,True,0.8063612722544509,0.7140428085617123,0.5019003800760152,0.6237247449489898,0.6953390678135627,0.5695139027805561,0.581116223244649,0.6625325065013002,0.7327465493098619,0.7747549509901981,0.7939587917583517,0.7485497099419884,0.7885577115423085,0.8063612722544509
19830,NORM,0.0005,True,0.4940988197639528,0.41098219643928785,0.28245649129825967,0.41028205641128224,0.4880976195239048,0.29745949189837967,0.3102620524104821,0.3784756951390278,0.4940988197639528,0.4194838967793559,0.38107621524304863,0.41168233646729346,0.4284856971394279,0.48669733946789356
19830,NORM,0.001,True,0.5163032606521304,0.4313862772554511,0.3138627725545109,0.4320864172834567,0.5163032606521304,0.32206441288257653,0.35147029405881175,0.41308261652330464,0.5137027405481096,0.4346869373874775,0.39727945589117825,0.4306861372274455,0.44948989797959593,0.5141028205641128
19830,NORM,0.002,True,0.6123224644928986,0.5263052610522104,0.4326865373074615,0.5343068613722745,0.6119223844768954,0.4736947389477896,0.5059011802360472,0.5755151030206042,0.6055211042208442,0.5039007801560312,0.47729545909181836,0.5183036607321464,0.5521104220844169,0.6123224644928986
19830,NORM,0.005,True,0.8901780356071214,0.8236647329465894,0.7551510302060412,0.8161632326465293,0.886377275455091,0.7973594718943788,0.8311662332466493,0.876375275055011,0.8455691138227646,0.7129425885177035,0.734746949389878,0.7977595519103821,0.841368273654731,0.8901780356071214
8211,NORM,0.0005,True,0.546509301860372,0.4019803960792159,0.23244648929785958,0.3890778155631126,0.3832766553310662,0.24524904980996198,0.2548509701940388,0.3066613322664533,0.546509301860372,0.4342868573714743,0.4148829765953191,0.4366873374674935,0.47509501900380074,0.4842968593718744
8211,NORM,0.001,True,0.5689137827565514,0.41758351670334065,0.2616523304660932,0.40948189637927584,0.40568113622724544,0.270254050810162,0.27965593118623727,0.3338667733546709,0.5689137827565514,0.44948989797959593,0.42568513702740546,0.4480896179235847,0.4878975795159032,0.49809961992398477
8211,NORM,0.002,True,0.6477295459091819,0.5057011402280456,0.3694738947789558,0.5007001400280056,0.5049009801960392,0.4174834966993399,0.42588517703540707,0.4852970594118824,0.6477295459091819,0.5311062212442489,0.506501300260052,0.5491098219643928,0.5767153430686137,0.590118023604721
8211,NORM,0.005,True,0.861372274454891,0.7660532106421285,0.6709341868373675,0.7651530306061213,0.7669533906781356,0.7229445889177836,0.7327465493098619,0.785757151430286,0.861372274454891,0.7459491898379675,0.7281456291258251,0.7915583116623325,0.8047609521904381,0.8341668333666733
17859,NORM,0.0005,True,0.6299259851970395,0.44818963792758554,0.3726745349069814,0.45049009801960394,0.5855171034206841,0.3870774154830966,0.42288457691538306,0.44588917783556714,0.6299259851970395,0.46389277855571115,0.4312862572514503,0.4346869373874775,0.4970994198839768,0.4986997399479896
17859,NORM,0.001,True,0.6459291858371674,0.46119223844768953,0.3902780556111222,0.46009201840368075,0.5999199839967994,0.40388077615523105,0.4444888977795559,0.46229245849169837,0.6459291858371674,0.47589517903580714,0.44008801760352073,0.44388877775555113,0.5101020204040808,0.5141028205641128
17859,NORM,0.002,True,0.7135427085417083,0.5660132026405281,0.499499899979996,0.5495099019803961,0.6861372274454891,0.5207041408281656,0.5985197039407881,0.5981196239247849,0.7135427085417083,0.5503100620124025,0.5207041408281656,0.5253050610122024,0.5817163432686537,0.5917183436687338
17859,NORM,0.005,True,0.8939787957591518,0.7872574514902981,0.7687537507501501,0.7565513102620524,0.8913782756551311,0.76375275055011,0.8679735947189438,0.8155631126225245,0.8939787957591518,0.7669533906781356,0.7341468293658732,0.7765553110622124,0.7979595919183837,0.7999599919983997
1691,NORM,0.0005,True,0.5409081816363273,0.4746949389877976,0.252250450090018,0.4936987397479496,0.35907181436287255,0.2994598919783957,0.268253650730146,0.33626725345069014,0.47929585917183437,0.4700940188037607,0.5009001800360072,0.5185037007401481,0.4900980196039208,0.5409081816363273
1691,NORM,0.001,True,0.5539107821564313,0.49659931986397277,0.2760552110422084,0.5107021404280856,0.377875575115023,0.3252650530106021,0.2892578515703141,0.35607121424284854,0.5061012202440488,0.48949789957991596,0.511502300460092,0.5275055011002201,0.5037007401480296,0.5539107821564313
1691,NORM,0.002,True,0.6253250650130026,0.5764152830566114,0.3794758951790358,0.5925185037007401,0.4822964592918584,0.46509301860372076,0.4194838967793559,0.5127025405081016,0.5991198239647929,0.5685137027405481,0.5843168633726745,0.5963192638527706,0.5849169833966793,0.6253250650130026
1691,NORM,0.005,True,0.8563712742548509,0.7796559311862372,0.6807361472294459,0.8107621524304861,0.7763552710542109,0.7475495099019804,0.7415483096619324,0.8071614322864573,0.8563712742548509,0.7769553910782157,0.7695539107821564,0.7823564712942589,0.7969593918783757,0.8175635127025405
14712,NORM,0.0005,True,0.5943188637727546,0.4196839367873575,0.3178635727145429,0.4322864572914583,0.5453090618123625,0.34186837367473494,0.3690738147629526,0.41168233646729346,0.5943188637727546,0.3920784156831366,0.42768553710742147,0.40508101620324066,0.45429085817163434,0.4832966593318664
14712,NORM,0.001,True,0.6135227045409082,0.43758751750350067,0.3406681336267253,0.4446889377875575,0.5697139427885577,0.3596719343868774,0.40408081616323266,0.4338867773554711,0.6135227045409082,0.4110822164432887,0.4412882576515303,0.4110822164432887,0.46669333866773355,0.4998999799959992
14712,NORM,0.002,True,0.6773354670934186,0.5363072614522905,0.45649129825965196,0.5277055411082217,0.6519303860772154,0.483496699339868,0.5505101020204041,0.5843168633726745,0.6773354670934186,0.4860972194438888,0.5133026605321064,0.4972994598919784,0.5449089817963593,0.5875175035007001
14712,NORM,0.005,True,0.8791758351670335,0.7763552710542108,0.7641528305661133,0.7785557111422284,0.8791758351670335,0.7741548309661932,0.8543708741748349,0.8535707141428286,0.8565713142628526,0.7179435887177436,0.7385477095419084,0.7381476295259052,0.7693538707741548,0.8279655931186237
21664,NORM,0.0005,True,0.46729345869173833,0.34306861372274455,0.22224444888977796,0.36187237447489495,0.3770754150830166,0.24384876975395078,0.2474494898979796,0.2882576515303061,0.46729345869173833,0.3156631326265253,0.33366673334666935,0.35247049409881975,0.4156831366273255,0.4334866973394679
21664,NORM,0.001,True,0.48869773954790957,0.34926985397079413,0.24104820964192838,0.3740748149629926,0.40328065613122627,0.25825165033006603,0.27425485097019403,0.3138627725545109,0.48869773954790957,0.3194638927785557,0.34106821364272855,0.35747149429885977,0.4212842568513703,0.4442888577715543
21664,NORM,0.002,True,0.5691138227645529,0.4557911582316463,0.351870374074815,0.46929385877175434,0.5001000200040008,0.40088017603520704,0.41608321664332865,0.47529505901180236,0.5691138227645529,0.38287657531506303,0.41788357671534304,0.4422884576915383,0.5011002200440088,0.5277055411082217
21664,NORM,0.005,True,0.8075615123024605,0.7301460292058412,0.664132826565313,0.7215443088617723,0.7855571114222845,0.6995399079815963,0.7585517103420684,0.782756551310262,0.8075615123024605,0.5703140628125625,0.6333266653330666,0.6725345069013803,0.73874774954991,0.7717543508701741
5984,NORM,0.0005,True,0.5679135827165434,0.4303860772154431,0.22784556911382275,0.34266853370674133,0.4214842968593719,0.2524504900980196,0.2604520904180836,0.33186637327465496,0.5679135827165434,0.45629125825165034,0.47789557911582314,0.4392878575715143,0.5077015403080616,0.5323064612922584
5984,NORM,0.001,True,0.5909181836367273,0.4508901780356071,0.2436487297459492,0.3576715343068614,0.4440888177635527,0.2694538907781556,0.2816563312662532,0.3616723344668934,0.5909181836367273,0.46849369873974794,0.48949789957991596,0.4576915383076615,0.5279055811162232,0.5487097419483897
5984,NORM,0.002,True,0.6615323064612922,0.5452090418083617,0.353870774154831,0.4614922984596919,0.5441088217643528,0.40108021604320865,0.4300860172034407,0.5111022204440888,0.6615323064612922,0.5577115423084616,0.5735147029405882,0.5463092618523705,0.6037207441488298,0.6309261852370474
5984,NORM,0.005,True,0.8495699139827966,0.7818563712742548,0.6357271454290858,0.71374274854971,0.8059611922384476,0.6793358671734346,0.7185437087417483,0.7761552310462092,0.8495699139827966,0.7633526705341068,0.7875575115023005,0.7881576315263052,0.8185637127425485,0.8451690338067613
4802,NORM,0.0005,True,0.5139027805561113,0.41788357671534304,0.1764352870574115,0.4138827765553111,0.29445889177835566,0.20764152830566113,0.1906381276255251,0.2576515303060612,0.46989397879575917,0.45989197839567914,0.42188437687537506,0.49429885977195437,0.5113022604520904,0.5139027805561113
4802,NORM,0.001,True,0.531506301260252,0.4334866973394679,0.1940388077615523,0.4348869773954791,0.3198639727945589,0.22704540908181636,0.21264252850570114,0.2872574514902981,0.4956991398279656,0.47929585917183437,0.4320864172834567,0.5089017803560713,0.5241048209641929,0.531506301260252
4802,NORM,0.002,True,0.6067213442688538,0.5240048009601921,0.3016603320664133,0.5299059811962392,0.4306861372274455,0.3754750950190038,0.34086817363472693,0.4502900580116023,0.5817163432686537,0.5675135027005401,0.5181036207241448,0.5795159031806362,0.5957191438287658,0.6067213442688538
4802,NORM,0.005,True,0.8071614322864573,0.7717543508701741,0.6079215843168634,0.7709541908381676,0.7321464292858572,0.7005401080216043,0.6703340668133627,0.77875575115023,0.8071614322864573,0.8025605121024205,0.7391478295659132,0.7725545109021804,0.7821564312862572,0.8023604720944189
5887,NORM,0.0005,True,0.5255051010202041,0.4372874574914983,0.23324664932986597,0.3784756951390278,0.46549309861972393,0.26025205041008204,0.27065413082616524,0.32406481296259254,0.5189037807561512,0.4372874574914983,0.4372874574914983,0.4538907781556311,0.5013002600520104,0.5255051010202041
5887,NORM,0.001,True,0.5419083816763353,0.4460892178435687,0.2546509301860372,0.39467893578715746,0.48209641928385677,0.28385677135427084,0.29245849169833965,0.34146829365873177,0.540508101620324,0.4434886977395479,0.44868973794758954,0.46229245849169837,0.5147029405881176,0.5419083816763353
5887,NORM,0.002,True,0.6319263852770554,0.5197039407881576,0.3770754150830166,0.496499299859972,0.5835167033406682,0.4242848569713943,0.44568913782756553,0.5117023404680936,0.6319263852770554,0.513502700540108,0.5259051810362072,0.5485097019403881,0.5917183436687338,0.6223244648929785
5887,NORM,0.005,True,0.874374874974995,0.7630526105221044,0.6801360272054411,0.7473494698939788,0.8359671934386878,0.7231446289257851,0.7675535107021404,0.8119623924784957,0.874374874974995,0.7073414682936587,0.7439487897579516,0.7585517103420684,0.7993598719743948,0.8247649529905982
20221,NORM,0.0005,True,0.49149829965993197,0.34096819363872777,0.2478495699139828,0.34546909381876373,0.4488897779555911,0.25745149029805964,0.2834566913382677,0.33166633326665335,0.49149829965993197,0.33326665333066613,0.33646729345869175,0.3520704140828166,0.36027205441088217,0.3792758551710342
20221,NORM,0.001,True,0.5165033006601321,0.3606721344268854,0.27625525105021004,0.3626725345069014,0.47249449889977996,0.27825565113022604,0.3180636127225445,0.3586717343468694,0.5165033006601321,0.35247049409881975,0.34846969393878774,0.3642728545709142,0.3734746949389878,0.39467893578715746
20221,NORM,0.002,True,0.6009201840368074,0.4602920584116823,0.38787757551510305,0.4604920984196839,0.5767153430686137,0.42088417683536705,0.48089617923584715,0.5225045009001801,0.6009201840368074,0.4406881376275255,0.4348869773954791,0.4470894178835767,0.46009201840368075,0.4968993798759752
20221,NORM,0.005,True,0.8511702340468094,0.757251450290058,0.7361472294458892,0.760752150430086,0.8395679135827165,0.75375075015003,0.8163632726545309,0.8097619523904781,0.8511702340468094,0.7355471094218844,0.7161432286457291,0.7175435087017403,0.7443488697739548,0.7945589117823565
3839,NORM,0.0005,True,0.5989197839567914,0.4520904180836167,0.3134626925385077,0.45449089817963595,0.4634926985397079,0.34126825365073016,0.34426885377075417,0.41428285657131425,0.5989197839567914,0.4812962592518504,0.4378875775155031,0.44968993798759754,0.5215043008601721,0.5499099819963993
3839,NORM,0.001,True,0.6165233046609322,0.4730946189237848,0.34086817363472693,0.479495899179836,0.4860972194438888,0.3662732546509302,0.3706741348269654,0.4432886577315463,0.6165233046609322,0.4966993398679736,0.4548909781956391,0.46669333866773355,0.5423084616923385,0.5781156231246249
3839,NORM,0.002,True,0.6897379475895179,0.5655131026205241,0.4576915383076615,0.5671134226845369,0.582116423284657,0.5139027805561113,0.5231046209241849,0.590118023604721,0.6897379475895179,0.5639127825565113,0.5313062612522504,0.5401080216043208,0.6215243048609722,0.6647329465893179
3839,NORM,0.005,True,0.9015803160632127,0.824264852970594,0.7705541108221644,0.8533706741348269,0.8259651930386077,0.8225645129025805,0.8091618323664733,0.8497699539907981,0.8627725545109022,0.7451490298059612,0.7171434286857371,0.7359471894378876,0.8581716343268654,0.9015803160632127
14463,NORM,0.0005,True,0.6863372674534907,0.4822964592918584,0.4382876575315063,0.5123024604920984,0.6863372674534907,0.45889177835567113,0.4878975795159032,0.5245049009801961,0.6133226645329066,0.4766953390678136,0.3950790158031606,0.46409281856371276,0.46189237847569514,0.508501700340068
14463,NORM,0.001,True,0.7053410682136427,0.4958991798359672,0.45609121824364873,0.5257051410282056,0.7053410682136427,0.47529505901180236,0.5097019403880776,0.5521104220844169,0.6255251050210042,0.48209641928385677,0.40128025605121026,0.4736947389477896,0.4728945789157832,0.5171034206841368
14463,NORM,0.002,True,0.7677535507101421,0.5834166833366674,0.5533106621324265,0.6049209841968394,0.7677535507101421,0.5775155031006202,0.6365273054610923,0.6781356271254251,0.6897379475895179,0.5377075415083017,0.47729545909181836,0.5521104220844169,0.5489097819563913,0.5893178635727145
14463,NORM,0.005,True,0.9197839567913583,0.8133626725345069,0.8041608321664333,0.8307661532306462,0.9197839567913583,0.8225645129025805,0.8677735547109422,0.8981796359271854,0.8641728345669134,0.6987397479495899,0.6925385077015404,0.7583516703340668,0.7463492698539708,0.7665533106621324
8314,NORM,0.0005,True,0.3892778555711142,0.22504500900180036,0.0692138427685537,0.13822764552910582,0.21604320864172835,0.07681536307261452,0.08261652330466093,0.136627325465093,0.3892778555711142,0.28245649129825967,0.2340468093618724,0.3062612522504501,0.3108621724344869,0.33346669333866774
8314,NORM,0.001,True,0.4090818163632727,0.2373474694938988,0.07741548309661932,0.14862972594518903,0.23164632926585316,0.08481696339267854,0.08981796359271854,0.16523304660932187,0.4090818163632727,0.29425885177035405,0.2430486097219444,0.3234646929385877,0.32886577315463095,0.35047009401880375
8314,NORM,0.002,True,0.511502300460092,0.34106821364272855,0.13762752550510102,0.23024604920984196,0.33166633326665335,0.16803360672134426,0.1846369273854771,0.29065813162632526,0.511502300460092,0.381876375275055,0.35047009401880375,0.41808361672334465,0.4344868973794759,0.45729145829165835
8314,NORM,0.005,True,0.7749549909981996,0.6013202640528106,0.32486497299459893,0.4586917383476695,0.6051210242048409,0.3802760552110422,0.4260852170434087,0.5799159831966393,0.7749549909981996,0.5975195039007801,0.615123024604921,0.6613322664532907,0.6933386677335467,0.7231446289257851
5453,NORM,0.0005,True,0.5043008601720345,0.338867773554711,0.1970394078815763,0.40388077615523105,0.34146829365873177,0.21984396879375875,0.22484496899379877,0.27645529105821165,0.5043008601720345,0.3340668133626725,0.33626725345069014,0.367873574714943,0.4322864572914583,0.4832966593318664
5453,NORM,0.001,True,0.5231046209241849,0.3538707741548309,0.21504300860172035,0.41428285657131425,0.36287257451490296,0.23664732946589317,0.249249849969994,0.29645929185837167,0.5231046209241849,0.34486897379475895,0.33846769353870776,0.371874374874975,0.4420884176835367,0.4920984196839368
5453,NORM,0.002,True,0.6053210642128426,0.44328865773154635,0.3188637727545509,0.5053010602120425,0.4680936187237448,0.3662732546509302,0.3836767353470694,0.44488897779555914,0.6053210642128426,0.41808361672334465,0.4186837367473495,0.4416883376675335,0.5179035807161432,0.5771154230846169
5453,NORM,0.005,True,0.8233646729345869,0.7166433286657332,0.6135227045409082,0.7411482296459292,0.7545509101820365,0.6789357871574315,0.7071414282856572,0.75375075015003,0.8233646729345869,0.5879175835167033,0.6033206641328266,0.6343268653730746,0.7261452290458091,0.8017603520704141
4374,NORM,0.0005,True,0.5731146229245849,0.5124024804960992,0.3854770954190838,0.5621124224844969,0.508501700340068,0.4386877375475095,0.4146829365873175,0.5163032606521304,0.5731146229245849,0.45909181836367274,0.4906981396279256,0.5317063412682537,0.5571114222844569,0.5625125025005001
4374,NORM,0.001,True,0.5919183836767353,0.5336067213442688,0.40008001600320064,0.5723144628925785,0.5293058611722344,0.45649129825965196,0.4302860572114423,0.5391078215643129,0.5919183836767353,0.47209441888377673,0.4986997399479896,0.5379075815163032,0.5653130626125225,0.5725145029005801
4374,NORM,0.002,True,0.6921384276855371,0.6075215043008602,0.5087017403480696,0.6447289457891578,0.6117223444688937,0.5727145429085817,0.5517103420684136,0.6921384276855371,0.6633326665333067,0.5515103020604121,0.5753150630126025,0.6033206641328266,0.6315263052610522,0.6409281856371274
4374,NORM,0.005,True,0.8917783556711343,0.8040608121624325,0.7615523104620924,0.8385677135427085,0.8243648729745949,0.8015603120624125,0.7901580316063213,0.8917783556711343,0.8539707941588318,0.7463492698539708,0.7747549509901981,0.781756351270254,0.8065613122624525,0.8227645529105821
16837,NORM,0.0005,True,0.6087217443488697,0.5278055611122224,0.34286857371474294,0.47609521904380875,0.5301060212042409,0.3710742148429686,0.378875775155031,0.42208441688337667,0.6087217443488697,0.5319063812762552,0.5609121824364873,0.5261052210442089,0.5639127825565113,0.529505901180236
16837,NORM,0.001,True,0.6265253050610122,0.54500900180036,0.3652730546109222,0.49249849969994,0.5551110222044409,0.39167833566713345,0.41208241648329663,0.4418883776755351,0.6265253050610122,0.5511102220444088,0.5709141828365674,0.544508901780356,0.5761152230446089,0.545509101820364
16837,NORM,0.002,True,0.7063412682536507,0.6197239447889578,0.47629525905181036,0.5737147429485897,0.6477295459091819,0.5159031806361273,0.5541108221644329,0.580116023204641,0.7063412682536507,0.618123624724945,0.6379275855171034,0.6213242648529705,0.6511302260452091,0.6227245449089818
16837,NORM,0.005,True,0.882376475295059,0.8236647329465894,0.7451490298059612,0.7905581116223245,0.874374874974995,0.7623524704940988,0.8279655931186237,0.8235647129425885,0.882376475295059,0.8239647929585917,0.8063612722544509,0.8249649929985997,0.8237647529505902,0.8199639927985597
104,NORM,0.0005,True,0.5829165833166633,0.4981996399279856,0.3662732546509302,0.5031006201240248,0.5499099819963993,0.393878775755151,0.394878975795159,0.4450890178035607,0.5829165833166633,0.5427085417083417,0.4968993798759752,0.495499099819964,0.499499899979996,0.5477095419083817
104,NORM,0.001,True,0.5997199439887978,0.5097019403880776,0.390878175635127,0.5181036207241448,0.5745149029805962,0.41648329665933187,0.4212842568513703,0.46969393878775756,0.5997199439887978,0.5623124624924986,0.5101020204040808,0.5037007401480296,0.5093018603720744,0.5619123824764953
104,NORM,0.002,True,0.6675335067013403,0.5844168833766753,0.5037007401480296,0.5865173034606921,0.6675335067013403,0.5459091818363673,0.5653130626125225,0.610122024404881,0.6657331466293258,0.6305261052210442,0.5767153430686137,0.5737147429485897,0.5823164632926585,0.6385277055411083
104,NORM,0.005,True,0.8899779955991198,0.8163632726545309,0.7901580316063213,0.8033606721344269,0.8899779955991198,0.8083616723344669,0.864372874574915,0.8539707941588318,0.8465693138627726,0.8243648729745949,0.7575515103020604,0.752750550110022,0.7899579915983197,0.8407681536307261
16102,NORM,0.0005,True,0.5711142228445689,0.4865973194638928,0.40888177635527106,0.4916983396679336,0.5165033006601321,0.41648329665933187,0.4418883776755351,0.4574914982996599,0.5711142228445689,0.481496299259852,0.47909581916383276,0.5143028605721144,0.5217043408681736,0.5469093818763753
16102,NORM,0.001,True,0.581116223244649,0.4977995599119824,0.4334866973394679,0.5047009401880376,0.5289057811562312,0.4380876175235047,0.46369273854770954,0.47529505901180236,0.581116223244649,0.4908981796359272,0.4852970594118824,0.5213042608521704,0.5293058611722344,0.5565113022604521
16102,NORM,0.002,True,0.6607321464292859,0.5915183036607321,0.5485097019403881,0.5725145029005801,0.6095219043808762,0.5577115423084616,0.6073214642928586,0.5863172634526905,0.6607321464292859,0.5725145029005801,0.5615123024604921,0.5967193438687738,0.6061212242448489,0.6339267853570714
16102,NORM,0.005,True,0.8821764352870574,0.8025605121024204,0.8253650730146029,0.7737547509501901,0.8311662332466493,0.8083616723344669,0.8821764352870574,0.796759351870374,0.8587717543508702,0.7735547109421884,0.7565513102620524,0.7625525105021004,0.7891578315663133,0.8259651930386077
16370,NORM,0.0005,True,0.47609521904380875,0.3155631126225245,0.22704540908181636,0.2912582516503301,0.352870574114823,0.22584516903380678,0.24184836967393478,0.264252850570114,0.47609521904380875,0.33426685337067413,0.2968593718743749,0.3396679335867173,0.36587317463492697,0.42588517703540707
16370,NORM,0.001,True,0.4918983796759352,0.32936587317463495,0.2514502900580116,0.3022604520904181,0.3720744148829766,0.2398479695939188,0.270254050810162,0.28405681136227245,0.4918983796759352,0.351870374074815,0.3086617323464693,0.3500700140028006,0.3782756551310262,0.4364872974594919
16370,NORM,0.002,True,0.586117223444689,0.4266853370674135,0.3604720944188838,0.3892778555711142,0.46849369873974794,0.3614722944588918,0.41028205641128224,0.41528305661132225,0.586117223444689,0.4364872974594919,0.4168833766753351,0.44968993798759754,0.4830966193238648,0.5361072214442889
16370,NORM,0.005,True,0.8223644728945789,0.7072414482896578,0.6603320664132827,0.6409281856371274,0.7213442688537708,0.6577315463092619,0.7385477095419084,0.7025405081016203,0.8223644728945789,0.6969393878775755,0.6935387077415484,0.7119423884776955,0.7543508701740348,0.8099619923984797
12954,NORM,0.0005,True,0.2398479695939188,0.14712942588517702,0.03480696139227846,0.11082216443288657,0.0614122824564913,0.04320864172834567,0.03220644128825765,0.047809561912382476,0.20064012802560513,0.23184636927385477,0.21424284856971396,0.18343668733746749,0.22284456891378276,0.2398479695939188
12954,NORM,0.001,True,0.2540508101620324,0.15733146629325864,0.04160832166433286,0.11902380476095219,0.0690138027605521,0.05021004200840168,0.03720744148829766,0.05841168233646729,0.21384276855371073,0.2456491298259652,0.22664532906581317,0.1956391278255651,0.23724744948989798,0.2540508101620324
12954,NORM,0.002,True,0.35927185437087417,0.2455491098219644,0.08461692338467694,0.1912382476495299,0.10542108421684337,0.11062212442488498,0.08821764352870574,0.12262452490498099,0.3070614122824565,0.3368673734746949,0.3142628525705141,0.2998599719943989,0.32886577315463095,0.35927185437087417
12954,NORM,0.005,True,0.6399279855971194,0.48239647929585916,0.1936387277455491,0.39807961592318464,0.2506501300260052,0.26325265053010605,0.22044408881776356,0.3034606921384277,0.5787157431486297,0.6065213042608522,0.5667133426685337,0.5763152630526105,0.6023204640928186,0.6399279855971194
19122,NORM,0.0005,True,0.6119223844768954,0.5283056611322265,0.4508901780356071,0.5199039807961592,0.5265053010602121,0.45909181836367274,0.4708941788357672,0.4822964592918584,0.6119223844768954,0.596119223844769,0.5301060212042409,0.5429085817163433,0.5773154630926185,0.6095219043808762
19122,NORM,0.001,True,0.6299259851970395,0.5492098419683937,0.48089617923584715,0.5367073414682937,0.5473094618923785,0.48069613922784554,0.4982996599319864,0.5019003800760152,0.6279255851170235,0.6153230646129226,0.5511102220444088,0.5641128225645129,0.5963192638527706,0.6299259851970395
19122,NORM,0.002,True,0.6985397079415884,0.6293258651730347,0.5781156231246249,0.6033206641328266,0.6199239847969594,0.5903180636127225,0.6193238647729545,0.6117223444688937,0.6985397079415884,0.6893378675735147,0.6387277455491098,0.6451290258051611,0.6655331066213243,0.6843368673734747
19122,NORM,0.005,True,0.8953790758151631,0.8597719543908782,0.8431686337267453,0.7991598319663933,0.8339667933586717,0.8287657531506302,0.8791758351670335,0.8119623924784957,0.8941788357671534,0.8953790758151631,0.889377875575115,0.8581716343268654,0.861372274454891,0.8769753950790158
8649,NORM,0.0005,True,0.53250650130026,0.4413882776555311,0.19143828765753151,0.2864572914582917,0.4614922984596919,0.20284056811362272,0.22764552910582117,0.2694538907781556,0.53250650130026,0.4262852570514103,0.45649129825965196,0.4862972594518904,0.4978995799159832,0.49229845969193836
8649,NORM,0.001,True,0.5541108221644329,0.45179035807161433,0.20824164832966593,0.3008601720344069,0.47689537907581514,0.21924384876975395,0.2498499699939988,0.2902580516103221,0.5541108221644329,0.4370874174834967,0.46649329865973194,0.495499099819964,0.5133026605321064,0.5129025805161033
8649,NORM,0.002,True,0.638127625525105,0.5480096019203841,0.3184636927385477,0.40408081616323266,0.5799159831966393,0.34666933386677334,0.40188037607521504,0.4436887377475495,0.638127625525105,0.53250650130026,0.5635127025405081,0.589117823564713,0.5983196639327866,0.6045209041808361
8649,NORM,0.005,True,0.8549709941988398,0.7753550710142029,0.6095219043808762,0.6665333066613323,0.8297659531906382,0.6385277055411083,0.7323464692938588,0.7603520704140828,0.8549709941988398,0.7631526305261053,0.7875575115023005,0.7977595519103821,0.8229645929185837,0.8525705141028206
5415,NORM,0.0005,True,0.5275055011002201,0.4270854170834167,0.24764952990598119,0.34186837367473494,0.4326865373074615,0.252250450090018,0.27705541108221643,0.3078615723144629,0.5195039007801561,0.4662932586517303,0.4214842968593719,0.45509101820364073,0.4910982196439288,0.5275055011002201
5415,NORM,0.001,True,0.5475095019003801,0.4469893978795759,0.267253450690138,0.35547109421884376,0.45809161832366474,0.269253850770154,0.30586117223444687,0.32786557311462294,0.5423084616923385,0.480496099219844,0.4358871774354871,0.46949389877975595,0.5087017403480696,0.5475095019003801
5415,NORM,0.002,True,0.6317263452690538,0.5382076415283057,0.3842768553710742,0.45509101820364073,0.5521104220844169,0.40868173634726945,0.46709341868373677,0.4938987797559512,0.6317263452690538,0.5709141828365674,0.5243048609721944,0.5637127425485097,0.5959191838367673,0.6269253850770155
5415,NORM,0.005,True,0.8599719943988797,0.7911582316463293,0.7031406281256252,0.7295459091818364,0.8247649529905982,0.7253450690138028,0.785757151430286,0.7763552710542109,0.8599719943988797,0.8019603920784156,0.757751550310062,0.7965593118623725,0.8281656331266253,0.8533706741348269
6278,NORM,0.0005,True,0.4358871774354871,0.3110622124424885,0.14582916583316663,0.26125225045009004,0.22644528905781156,0.15803160632126426,0.15083016603320665,0.1892378475695139,0.3996799359871974,0.36087217443488695,0.3750750150030006,0.36967393478695737,0.4358871774354871,0.40308061612322466
6278,NORM,0.001,True,0.4436887377475495,0.3290658131626325,0.16663332666533306,0.28105621124224844,0.23964792958591719,0.17903580716143228,0.16403280656131225,0.20464092818563712,0.4206841368273655,0.3802760552110422,0.38867773554710944,0.3770754150830166,0.4436887377475495,0.41648329665933187
6278,NORM,0.002,True,0.5489097819563913,0.4348869773954791,0.26625325065013,0.3824764952990598,0.3434686937387478,0.3070614122824565,0.29365873174634927,0.34106821364272855,0.5139027805561113,0.4872974594918984,0.4956991398279656,0.4946989397879576,0.5489097819563913,0.5183036607321464
6278,NORM,0.005,True,0.8087617523504701,0.7161432286457292,0.534506901380276,0.6603320664132827,0.6123224644928986,0.6003200640128026,0.5919183836767353,0.6481296259251851,0.7719543908781756,0.7767553510702141,0.7781556311262252,0.7889577915583117,0.8087617523504701,0.8053610722144429
4210,NORM,0.0005,True,0.596119223844769,0.45989197839567914,0.28805761152230447,0.47229445889177835,0.4474894978995799,0.3234646929385877,0.3190638127625525,0.39707941588317663,0.596119223844769,0.5125025005001,0.4472894578915783,0.48289657931586316,0.5293058611722344,0.5461092218443688
4210,NORM,0.001,True,0.614122824564913,0.4796959391878376,0.3056611322264453,0.4878975795159032,0.47149429885977195,0.34106821364272855,0.34226845369073816,0.4234846969393879,0.614122824564913,0.5211042208441689,0.45509101820364073,0.4902980596119224,0.5389077815563112,0.5567113422684536
4210,NORM,0.002,True,0.6895379075815163,0.582116423284657,0.42568513702740546,0.5827165433086617,0.5827165433086617,0.4920984196839368,0.48949789957991596,0.5815163032606522,0.6895379075815163,0.5935187037407481,0.5351070214042809,0.5683136627325465,0.6117223444688937,0.6337267453490698
4210,NORM,0.005,True,0.8859771954390878,0.7883576715343068,0.7141428285657131,0.8059611922384476,0.8471694338867773,0.7613522704540908,0.7855571114222845,0.8451690338067613,0.8859771954390878,0.7563512702540508,0.7429485897179436,0.7645529105821164,0.7911582316463293,0.8267653530706142
11598,NORM,0.0005,True,0.6029205841168234,0.44788957791558315,0.27905581116223244,0.40228045609121826,0.5073014602920584,0.3126625325065013,0.33166633326665335,0.376875375075015,0.6029205841168234,0.5201040208041608,0.493498699739948,0.505501100220044,0.5387077415483097,0.39467893578715746
11598,NORM,0.001,True,0.6233246649329865,0.4685937187437487,0.29925985197039406,0.42088417683536705,0.5319063812762552,0.33446689337867574,0.3612722544508902,0.40428085617123427,0.6233246649329865,0.5421084216843368,0.5163032606521304,0.5277055411082217,0.5533106621324265,0.41428285657131425
11598,NORM,0.002,True,0.7001400280056012,0.5797159431886377,0.41088217643528707,0.5171034206841368,0.6285257051410282,0.4634926985397079,0.5031006201240248,0.5621124224844969,0.7001400280056012,0.621124224844969,0.5973194638927786,0.6041208241648329,0.6273254650930186,0.5177035407081416
11598,NORM,0.005,True,0.9005801160232046,0.8311662332466494,0.7245449089817964,0.7621524304860973,0.8687737547509502,0.7503500700140028,0.8097619523904781,0.8269653930786157,0.9005801160232046,0.8519703940788158,0.8387677535507101,0.835367073414683,0.8415683136627325,0.7969593918783757
19819,NORM,0.0005,True,0.5671134226845369,0.48149629925985193,0.3038607721544309,0.40828165633126623,0.5617123424684937,0.3224644928985797,0.35447089417883576,0.40888177635527106,0.5671134226845369,0.49329865973194637,0.5261052210442089,0.46969393878775756,0.5067013402680536,0.545509101820364
19819,NORM,0.001,True,0.5927185437087418,0.4998999799959992,0.33606721344268853,0.4280856171234247,0.5879175835167033,0.34766953390678135,0.391878375675135,0.4360872174434887,0.5927185437087418,0.5087017403480696,0.5437087417483497,0.4910982196439288,0.5297059411882377,0.5681136227245449
19819,NORM,0.002,True,0.6797359471894379,0.5947189437887577,0.45809161832366474,0.5261052210442089,0.6797359471894379,0.485497099419884,0.5537107421484296,0.5965193038607721,0.6719343868773755,0.5929185837167433,0.6349269853970794,0.5761152230446089,0.6055211042208442,0.6497299459891979
19819,NORM,0.005,True,0.910382076415283,0.854370874174835,0.779755951190238,0.8039607921584316,0.910382076415283,0.7961592318463693,0.8635727145429086,0.863372674534907,0.8815763152630526,0.8263652730546109,0.8649729945989197,0.8317663532706542,0.845369073814763,0.8779755951190238
15655,NORM,0.0005,True,0.5531106221244249,0.41588317663532703,0.34546909381876373,0.4440888177635527,0.5279055811162232,0.367873574714943,0.3806761352270454,0.41168233646729346,0.5531106221244249,0.42088417683536705,0.38587717543508704,0.39747949589917986,0.42008401680336066,0.47069413882776556
15655,NORM,0.001,True,0.5713142628525705,0.42998599719943986,0.367873574714943,0.45889177835567113,0.5523104620924185,0.3882776555311062,0.4052810562112423,0.4316863372674535,0.5713142628525705,0.4322864572914583,0.39367873574714946,0.40548109621924383,0.4282856571314263,0.4868973794758952
15655,NORM,0.002,True,0.6495299059811962,0.5230046009201841,0.4736947389477896,0.5381076215243049,0.6435287057411482,0.5079015803160633,0.5439087817563513,0.5597119423884777,0.6495299059811962,0.500500100020004,0.45529105821164234,0.47729545909181836,0.5067013402680536,0.5661132226445289
15655,NORM,0.005,True,0.8757751550310062,0.7586517303460693,0.7515503100620124,0.7551510302060412,0.8757751550310062,0.7621524304860973,0.840368073614723,0.8227645529105821,0.8571714342868574,0.6855371074214843,0.6417283456691338,0.6887377475495099,0.7285457091418284,0.786757351470294
8526,NORM,0.0005,True,0.46849369873974794,0.3741748349669934,0.126625325065013,0.22724544908981797,0.33046609321864373,0.14002800560112022,0.15403080616123224,0.19443888777755552,0.46849369873974794,0.4290858171634327,0.4196839367873575,0.41788357671534304,0.4398879775955191,0.4596919383876775
8526,NORM,0.001,True,0.4892978595719144,0.39747949589917986,0.14022804560912183,0.24004800960192038,0.35547109421884376,0.15383076615323066,0.18043608721744347,0.21704340868173636,0.4892978595719144,0.4478895779155831,0.44008801760352073,0.4394878975795159,0.46189237847569514,0.47909581916383276
8526,NORM,0.002,True,0.5865173034606921,0.49229845969193836,0.23344668933786758,0.33566713342668536,0.4536907381476295,0.2700540108021604,0.30006001200240046,0.36487297459491896,0.5865173034606921,0.5353070614122825,0.5309061812362472,0.5393078615723145,0.5571114222844569,0.5769153830766153
8526,NORM,0.005,True,0.837367473494699,0.750750150030006,0.5089017803560713,0.5999199839967994,0.7371474294858972,0.5579115823164633,0.6117223444688937,0.6947389477895579,0.837367473494699,0.7731546309261852,0.7643528705741148,0.8021604320864173,0.8001600320064013,0.8249649929985997
14452,NORM,0.0005,True,0.5205041008201641,0.3830766153230646,0.29745949189837967,0.33146629325865173,0.5101020204040808,0.2902580516103221,0.35747149429885977,0.34866973394678935,0.5205041008201641,0.5147029405881176,0.4212842568513703,0.40868173634726945,0.4368873774754951,0.3180636127225445
14452,NORM,0.001,True,0.5321064212842569,0.4029805961192239,0.32206441288257653,0.33826765353070615,0.5191038207641528,0.3028605721144229,0.3872774554910982,0.3584716943388678,0.5321064212842569,0.5303060612122424,0.4330866173234647,0.4186837367473495,0.4418883776755351,0.33346669333866774
14452,NORM,0.002,True,0.6073214642928586,0.498499699939988,0.4354870974194839,0.4326865373074615,0.589117823564713,0.42568513702740546,0.5321064212842569,0.47829565913182637,0.6015203040608121,0.6073214642928586,0.504500900180036,0.49249849969994,0.5181036207241448,0.40428085617123427
14452,NORM,0.005,True,0.8231646329265854,0.7084416883376676,0.709741948389678,0.6655331066213243,0.7695539107821564,0.6905381076215243,0.8081616323264653,0.709741948389678,0.78375675135027,0.8231646329265854,0.7065413082616523,0.6969393878775755,0.7071414282856572,0.6617323464692939
17544,NORM,0.0005,True,0.4998999799959992,0.368873774754951,0.1792358471694339,0.28985797159431886,0.34566913382676534,0.1922384476895379,0.20344068813762753,0.22964592918583718,0.4998999799959992,0.39847969593918786,0.40128025605121026,0.4166833366673335,0.3920784156831366,0.4168833766753351
17544,NORM,0.001,True,0.5191038207641528,0.3831766353270654,0.19343868773754752,0.3026605321064213,0.3690738147629526,0.20164032806561313,0.23044608921784357,0.2510502100420084,0.5191038207641528,0.4062812562512502,0.40888177635527106,0.4234846969393879,0.39727945589117825,0.42588517703540707
17544,NORM,0.002,True,0.6049209841968394,0.48389677935587116,0.30026005201040207,0.393878775755151,0.47789557911582314,0.32766553310662133,0.372874574914983,0.38867773554710944,0.6049209841968394,0.4898979795959192,0.4982996599319864,0.5161032206441288,0.4918983796759352,0.5217043408681736
17544,NORM,0.005,True,0.8225645129025805,0.7078415683136627,0.5817163432686537,0.6345269053810763,0.7605521104220844,0.6095219043808762,0.6887377475495099,0.6987397479495899,0.8225645129025805,0.6937387477495499,0.7169433886777355,0.7231446289257851,0.7185437087417483,0.7583516703340668
19308,NORM,0.0005,True,0.590118023604721,0.4074814962992599,0.21544308861772354,0.43248649729945987,0.3530706141228246,0.2534506901380276,0.240248049609922,0.3282656531306261,0.590118023604721,0.4918983796759352,0.4478895779155831,0.39847969593918786,0.41648329665933187,0.5163032606521304
19308,NORM,0.001,True,0.6091218243648729,0.4219843968793759,0.23064612922584518,0.4548909781956391,0.3766753350670134,0.2730546109221844,0.2580516103220644,0.3584716943388678,0.6091218243648729,0.5069013802760552,0.4576915383076615,0.4110822164432887,0.4328865773154631,0.5189037807561512
19308,NORM,0.002,True,0.6853370674134827,0.5347069413882777,0.34946989397879574,0.5529105821164233,0.4862972594518904,0.4254850970194039,0.3996799359871974,0.5349069813962792,0.6853370674134827,0.5797159431886377,0.535507101420284,0.5051010202040408,0.534506901380276,0.6287257451490298
19308,NORM,0.005,True,0.8865773154630926,0.7743548709741948,0.6527305461092219,0.8187637527505501,0.7771554310862172,0.7421484296859372,0.7175435087017403,0.8225645129025805,0.8777755551110222,0.7715543108621724,0.7325465093018604,0.7529505901180236,0.8191638327665534,0.8865773154630926
12118,NORM,0.0005,True,0.5407081416283257,0.41778355671134226,0.20864172834566913,0.35127025405081014,0.39627925585117024,0.23764752950590118,0.2434486897379476,0.29745949189837967,0.5407081416283257,0.5153030606121224,0.4530906181236247,0.4392878575715143,0.47489497899579913,0.538507701540308
12118,NORM,0.001,True,0.5619123824764953,0.4327865573114623,0.23024604920984196,0.3660732146429286,0.4186837367473495,0.2570514102820564,0.26765353070614123,0.31726345269053813,0.5619123824764953,0.5363072614522905,0.4680936187237448,0.4468893778755751,0.4888977795559112,0.5541108221644329
12118,NORM,0.002,True,0.6377275455091018,0.5357071414282857,0.34766953390678135,0.46569313862772554,0.530506101220244,0.3956791358271654,0.41328265653130625,0.47789557911582314,0.6377275455091018,0.6067213442688538,0.5409081816363273,0.541508301660332,0.5763152630526105,0.6357271454290858
12118,NORM,0.005,True,0.8579715943188637,0.7798559711942388,0.6405281056211243,0.7269453890778156,0.8267653530706142,0.6861372274454891,0.7315463092618524,0.77875575115023,0.8579715943188637,0.8091618323664733,0.7519503900780156,0.7809561912382477,0.7841568313662732,0.840368073614723
17773,NORM,0.0005,True,0.4812962592518504,0.4206841368273655,0.30686137227445487,0.3594718943788758,0.4344868973794759,0.3026605321064213,0.3322664532906581,0.35067013402680536,0.4174834966993399,0.4384876975395079,0.4320864172834567,0.42388477695539106,0.4312862572514503,0.4812962592518504
17773,NORM,0.001,True,0.4868973794758952,0.4318863772754551,0.32666533306661333,0.367873574714943,0.4492898579715943,0.3154630926185237,0.3576715343068614,0.3664732946589318,0.4290858171634327,0.4472894578915783,0.4398879775955191,0.4346869373874775,0.4384876975395079,0.4868973794758952
17773,NORM,0.002,True,0.5779155831166233,0.514002800560112,0.4380876175235047,0.44968993798759754,0.5339067813562712,0.4320864172834567,0.494498899779956,0.47489497899579913,0.5239047809561912,0.5291058211642329,0.5131026205241048,0.5149029805961193,0.5333066613322665,0.5779155831166233
17773,NORM,0.005,True,0.8207641528305661,0.7465493098619724,0.7281456291258251,0.6669333866773355,0.7705541108221644,0.7065413082616523,0.8085617123424685,0.7145429085817163,0.786757351470294,0.762752550510102,0.7205441088217643,0.7317463492698539,0.7613522704540908,0.8207641528305661
7911,NORM,0.0005,True,0.5143028605721144,0.34686937387477496,0.3024604920984197,0.38587717543508704,0.4274854970994199,0.31066213242648527,0.3232646529305861,0.352870574114823,0.34086817363472693,0.2966593318663733,0.33186637327465496,0.36767353470694136,0.49229845969193836,0.5143028605721144
7911,NORM,0.001,True,0.5297059411882377,0.36137227445489095,0.32666533306661333,0.40228045609121826,0.4478895779155831,0.3328665733146629,0.34546909381876373,0.3710742148429686,0.35167033406681336,0.3034606921384277,0.34106821364272855,0.381876375275055,0.5153030606121224,0.5297059411882377
7911,NORM,0.002,True,0.6207241448289658,0.4796959391878376,0.44388877775555113,0.4892978595719144,0.543508701740348,0.46769353870774155,0.4960992198439688,0.506501300260052,0.43048609721944386,0.381876375275055,0.41788357671534304,0.4700940188037607,0.6175235047009402,0.6207241448289658
7911,NORM,0.005,True,0.8869773954790958,0.7661532306461292,0.7629525905181036,0.754750950190038,0.7943588717743548,0.7693538707741548,0.8047609521904381,0.7751550310062012,0.6625325065013002,0.6081216243248649,0.6415283056611323,0.7579515903180636,0.8869773954790958,0.8537707541508301
1904,NORM,0.0005,True,0.6363272654530906,0.42798559711942386,0.268253650730146,0.36187237447489495,0.4482896579315863,0.27625525105021004,0.28705741148229647,0.33326665333066613,0.6363272654530906,0.5671134226845369,0.4540908181636327,0.40768153630726145,0.4604920984196839,0.49049809961992397
1904,NORM,0.001,True,0.6519303860772154,0.44738947789557915,0.29545909181836366,0.3764752950590118,0.46789357871574316,0.2948589717943589,0.3156631326265253,0.35427085417083415,0.6519303860772154,0.5845169033806762,0.47589517903580714,0.4268853770754151,0.4756951390278056,0.5087017403480696
1904,NORM,0.002,True,0.7285457091418284,0.5422084416883377,0.40108021604320865,0.4822964592918584,0.5597119423884777,0.4272854570914183,0.4594918983796759,0.511502300460092,0.7285457091418284,0.6679335867173435,0.5661132226445289,0.5247049409881976,0.5723144628925785,0.6081216243248649
1904,NORM,0.005,True,0.8965793158631726,0.8180636127225445,0.6989397879575915,0.7579515903180636,0.8195639127825565,0.7401480296059212,0.7743548709741949,0.8079615923184637,0.8965793158631726,0.8651730346069214,0.838367673534707,0.8165633126625325,0.8321664332866573,0.8607721544308862
9843,NORM,0.0005,True,0.5047009401880376,0.36947389477895576,0.14462892578515704,0.3734746949389878,0.28965793158631725,0.17963592718543708,0.16943388677735546,0.23364672934586916,0.5047009401880376,0.40868173634726945,0.3654730946189238,0.40668133626725345,0.4414882976595319,0.4302860572114423
9843,NORM,0.001,True,0.5259051810362072,0.3831766353270654,0.16043208641728346,0.38947789557911583,0.3032606521304261,0.1954390878175635,0.18483696739347868,0.2560512102420484,0.5259051810362072,0.42028405681136227,0.376875375075015,0.41208241648329663,0.4482896579315863,0.4382876575315063
9843,NORM,0.002,True,0.616123224644929,0.4776955391078216,0.26205241048209643,0.4902980596119224,0.40408081616323266,0.33066613322664534,0.31726345269053813,0.40228045609121826,0.616123224644929,0.510502100420084,0.46509301860372076,0.499499899979996,0.5433086617323465,0.5359071814362872
9843,NORM,0.005,True,0.8569713942788558,0.7115423084616923,0.5533106621324265,0.75375075015003,0.6725345069013803,0.6449289857971594,0.6335267053410683,0.7209441888377676,0.8569713942788558,0.7413482696539307,0.6705341068213643,0.7021404280856172,0.7431486297259452,0.7591518303660733
11924,NORM,0.0005,True,0.5121024204840968,0.4158831766353271,0.2548509701940388,0.4072814562912582,0.4340868173634727,0.28765753150630125,0.2900580116023205,0.352870574114823,0.5121024204840968,0.4148829765953191,0.4168833766753351,0.45929185837167436,0.4898979795959192,0.5111022204440888
11924,NORM,0.001,True,0.5323064612922584,0.42138427685537105,0.27065413082616524,0.41988397679535905,0.45149029805961194,0.3008601720344069,0.3112622524504901,0.37727545509101823,0.5323064612922584,0.42188437687537506,0.42088417683536705,0.46229245849169837,0.4966993398679736,0.5255051010202041
11924,NORM,0.002,True,0.613122624524905,0.5241048209641928,0.3872774554910982,0.5147029405881176,0.5625125025005001,0.4378875775155031,0.45649129825965196,0.533506701340268,0.613122624524905,0.5007001400280056,0.4996999399879976,0.5351070214042809,0.5749149829965993,0.5935187037407481
11924,NORM,0.005,True,0.8349669933986797,0.7548509701940388,0.6825365073014603,0.7463492698539708,0.8349669933986797,0.715743148629726,0.7643528705741148,0.7997599519903981,0.8115623124624926,0.6881376275255051,0.7045409081816363,0.7279455891178236,0.7633526705341068,0.7995599119823965
1241,NORM,0.0005,True,0.35167033406681336,0.21304260852170434,0.08681736347269454,0.15163032606521304,0.17763552710542108,0.08581716343268654,0.09161832366473295,0.10642128425685136,0.35167033406681336,0.2560512102420484,0.26785357071414284,0.25645129025805163,0.2484496899379876,0.30006001200240046
1241,NORM,0.001,True,0.3734746949389878,0.22694538907781558,0.09501900380076016,0.15983196639327865,0.19483896779355872,0.09461892378475695,0.10942188437687538,0.12002400480096019,0.3734746949389878,0.27045409081816363,0.27465493098619725,0.26965393078615724,0.2590518103620724,0.3104620924184837
1241,NORM,0.002,True,0.47109421884376873,0.32536507301460293,0.16263252650530105,0.23164632926585316,0.28985797159431886,0.17863572714542908,0.20844168833766755,0.22584516903380678,0.47109421884376873,0.36087217443488695,0.3692738547709542,0.3684736947389478,0.3616723344668934,0.41548309661932387
1241,NORM,0.005,True,0.7333466693338667,0.6018203640728146,0.38007601520304063,0.4374874974994999,0.5815163032606522,0.41708341668333665,0.47829565913182637,0.5007001400280056,0.7333466693338667,0.622124424884977,0.6243248649729946,0.6287257451490298,0.6573314662932587,0.6987397479495899
13651,NORM,0.0005,True,0.4946989397879576,0.3038607721544309,0.07841568313662732,0.15903180636127226,0.11402280456091218,0.07621524304860972,0.07021404280856171,0.10142028405681136,0.4946989397879576,0.48249649929986,0.46689337867573516,0.4528905781156231,0.44868973794758954,0.47209441888377673
13651,NORM,0.001,True,0.5187037407481496,0.3234646929385877,0.09501900380076016,0.1792358471694339,0.1300260052010402,0.08901780356071214,0.08541708341668333,0.1262252450490098,0.5187037407481496,0.5059011802360472,0.4852970594118824,0.46929385877175434,0.46769353870774155,0.4940988197639528
13651,NORM,0.002,True,0.6113222644528906,0.4135827165433087,0.16583316663332667,0.2656531306261252,0.1936387277455491,0.19383876775355072,0.1770354070814163,0.23444688937787558,0.6113222644528906,0.5955191038207641,0.5697139427885577,0.5631126225245049,0.5615123024604921,0.5837167433486697
13651,NORM,0.005,True,0.8691738347669534,0.676735347069414,0.4034806961392278,0.5447089417883577,0.4472894578915783,0.494498899779956,0.4392878575715143,0.5293058611722344,0.8691738347669534,0.8361672334466893,0.8087617523504701,0.8179635927185437,0.8253650730146029,0.8357671534306861
4721,NORM,0.0005,True,0.5191038207641528,0.3880776155231046,0.34766953390678135,0.39147829565913184,0.4222844568913783,0.3348669733946789,0.35367073414682937,0.374874974994999,0.5191038207641528,0.4398879775955191,0.33166633326665335,0.39927985597119425,0.3846769353870774,0.4072814562912582
4721,NORM,0.001,True,0.5377075415083017,0.40008001600320064,0.3732746549309862,0.40708141628325667,0.4380876175235047,0.35747149429885977,0.3784756951390278,0.39447889577915585,0.5377075415083017,0.45529105821164234,0.35067013402680536,0.40568113622724544,0.38867773554710944,0.41248249649929986
4721,NORM,0.002,True,0.6315263052610522,0.5054010802160432,0.48249649929986,0.496499299859972,0.5357071414282857,0.4976995399079816,0.5269053810762152,0.5235047009401881,0.6315263052610522,0.5495099019803961,0.4422884576915383,0.4918983796759352,0.4916983396679336,0.5131026205241048
4721,NORM,0.005,True,0.8637727545509102,0.7935587117423485,0.8093618723744749,0.7683536707341468,0.8123624724944989,0.8005601120224045,0.8481696339267853,0.7865573114622925,0.8637727545509102,0.834366873374675,0.7389477895579116,0.7583516703340668,0.7675535107021404,0.7693538707741548
1217,NORM,0.0005,True,0.22964592918583718,0.1287257451490298,0.03260652130426085,0.09581916383276655,0.060812162432486494,0.04600920184036807,0.038807761552310464,0.047209441888377675,0.21884376875375075,0.1712342468493699,0.16163232646529305,0.1896379275855171,0.19723944788957792,0.22964592918583718
1217,NORM,0.001,True,0.2416483296659332,0.13642728545709143,0.03720744148829766,0.10342068413682737,0.0644128825765153,0.052410482096419284,0.04400880176035207,0.05661132226445289,0.2388477695539108,0.1774354870974195,0.16943388677735546,0.19683936787357473,0.20004000800160032,0.2416483296659332
1217,NORM,0.002,True,0.33366673334666935,0.2049409881976395,0.07601520304060812,0.16223244648929785,0.10382076415283056,0.11002200440088018,0.08901780356071214,0.10802160432086418,0.3218643728745749,0.24764952990598119,0.2494498899779956,0.272254450890178,0.28145629125825167,0.33366673334666935
1217,NORM,0.005,True,0.5865173034606921,0.40548109621924383,0.20324064812962592,0.36487297459491896,0.24624924984997,0.2730546109221844,0.22984596919383876,0.29265853170634126,0.5865173034606921,0.4460892178435687,0.48009601920384076,0.4882976595319064,0.5269053810762152,0.5773154630926185
2052,NORM,0.0005,True,0.3282656531306261,0.26825365073014606,0.09541908381676335,0.24424884976995398,0.20904180836167233,0.10842168433686737,0.11022204440888178,0.14782956591318264,0.3118623724744949,0.3184636927385477,0.2956591318263653,0.2922584516903381,0.3152630526105221,0.3282656531306261
2052,NORM,0.001,True,0.33726745349069814,0.28125625125025,0.10902180436087218,0.2604520904180836,0.22204440888177635,0.1234246849369874,0.1232246449289858,0.16523304660932187,0.3166633326665333,0.3322664532906581,0.30206041208241646,0.3032606521304261,0.32026405281056214,0.33726745349069814
2052,NORM,0.002,True,0.4364872974594919,0.3804760952190438,0.19143828765753151,0.36287257451490296,0.3124624924984997,0.24084816963392677,0.22864572914582917,0.2950590118023605,0.4166833366673335,0.42968593718743747,0.39807961592318464,0.40748149629925984,0.4184836967393479,0.4364872974594919
2052,NORM,0.005,True,0.7145429085817163,0.6474294858971794,0.41888377675535104,0.6357271454290858,0.5597119423884777,0.5051010202040408,0.4956991398279656,0.6125225045009002,0.6793358671734346,0.7145429085817163,0.659131826365273,0.6805361072214443,0.663132626525305,0.7091418283656732
