stage,ecg_id,source_peak_index,r_peak_sample,r_peak_time_s,left_sample,right_sample,rr_prev_ms,rr_next_ms,valid,failure_reason,beat_index
stage2,96,0,217,0.434,,421.0,,816.0,False,edge_no_two_neighbors,-1
stage2,96,1,625,1.25,421.0,824.5,816.0,798.0,True,,0
stage2,96,2,1024,2.048,824.5,1222.5,798.0,794.0,True,,1
stage2,96,3,1421,2.842,1222.5,1619.5,794.0,794.0,True,,2
stage2,96,4,1818,3.636,1619.5,2015.5,794.0,790.0,True,,3
stage2,96,5,2213,4.426,2015.5,2409.0,790.0,784.0,True,,4
stage2,96,6,2605,5.21,2409.0,2802.0,784.0,788.0,True,,5
stage2,96,7,2999,5.998,2802.0,3196.5,788.0,790.0,True,,6
stage2,96,8,3394,6.788,3196.5,3591.5,790.0,790.0,True,,7
stage2,96,9,3789,7.578,3591.5,3988.0,790.0,796.0,True,,8
stage2,96,10,4187,8.374,3988.0,4386.5,796.0,798.0,True,,9
stage2,96,11,4586,9.172,4386.5,,798.0,,False,edge_no_two_neighbors,-1
stage2,104,0,340,0.68,,601.5,,1046.0,False,edge_no_two_neighbors,-1
stage2,104,1,863,1.726,601.5,1115.5,1046.0,1010.0,True,,0
stage2,104,2,1368,2.736,1115.5,1598.5,1010.0,922.0,True,,1
stage2,104,3,1829,3.658,1598.5,2041.0,922.0,848.0,True,,2
stage2,104,4,2253,4.506,2041.0,2476.0,848.0,892.0,True,,3
stage2,104,5,2699,5.398,2476.0,2955.5,892.0,1026.0,True,,4
stage2,104,6,3212,6.424,2955.5,3458.5,1026.0,986.0,True,,5
stage2,104,7,3705,7.41,3458.5,3925.5,986.0,882.0,True,,6
stage2,104,8,4146,8.292,3925.5,4367.0,882.0,884.0,True,,7
stage2,104,9,4588,9.176,4367.0,,884.0,,False,edge_no_two_neighbors,-1
stage2,138,0,45,0.09,,206.5,,646.0,False,edge_no_two_neighbors,-1
stage2,138,1,368,0.736,206.5,529.0,646.0,644.0,True,,0
stage2,138,2,690,1.38,529.0,852.0,644.0,648.0,True,,1
stage2,138,3,1014,2.028,852.0,1176.0,648.0,648.0,True,,2
stage2,138,4,1338,2.676,1176.0,1500.0,648.0,648.0,True,,3
stage2,138,5,1662,3.324,1500.0,1824.5,648.0,650.0,True,,4
stage2,138,6,1987,3.974,1824.5,2149.5,650.0,650.0,True,,5
stage2,138,7,2312,4.624,2149.5,2472.5,650.0,642.0,True,,6
stage2,138,8,2633,5.266,2472.5,2794.0,642.0,644.0,True,,7
stage2,138,9,2955,5.91,2794.0,3118.0,644.0,652.0,True,,8
stage2,138,10,3281,6.562,3118.0,3443.5,652.0,650.0,True,,9
stage2,138,11,3606,7.212,3443.5,3767.0,650.0,644.0,True,,10
stage2,138,12,3928,7.856,3767.0,4088.5,644.0,642.0,True,,11
stage2,138,13,4249,8.498,4088.5,4409.0,642.0,640.0,True,,12
stage2,138,14,4569,9.138,4409.0,4731.5,640.0,650.0,True,,13
stage2,138,15,4894,9.788,4731.5,,650.0,,False,edge_no_two_neighbors,-1
stage2,150,0,85,0.17,,411.0,,1304.0,False,edge_no_two_neighbors,-1
stage2,150,1,737,1.474,411.0,1040.0,1304.0,1212.0,True,,0
stage2,150,2,1343,2.686,1040.0,1656.5,1212.0,1254.0,True,,1
stage2,150,3,1970,3.94,1656.5,2268.5,1254.0,1194.0,True,,2
stage2,150,4,2567,5.134,2268.5,2867.5,1194.0,1202.0,True,,3
stage2,150,5,3168,6.336,2867.5,3475.5,1202.0,1230.0,True,,4
stage2,150,6,3783,7.566,3475.5,4074.5,1230.0,1166.0,True,,5
stage2,150,7,4366,8.732,4074.5,,1166.0,,False,edge_no_two_neighbors,-1
stage2,333,0,325,0.65,,517.5,,770.0,False,edge_no_two_neighbors,-1
stage2,333,1,710,1.42,517.5,911.0,770.0,804.0,True,,0
stage2,333,2,1112,2.224,911.0,1312.5,804.0,802.0,True,,1
stage2,333,3,1513,3.026,1312.5,1714.5,802.0,806.0,True,,2
stage2,333,4,1916,3.832,1714.5,2120.5,806.0,818.0,True,,3
stage2,333,5,2325,4.65,2120.5,2529.5,818.0,818.0,True,,4
stage2,333,6,2734,5.468,2529.5,2939.0,818.0,820.0,True,,5
stage2,333,7,3144,6.288,2939.0,3351.5,820.0,830.0,True,,6
stage2,333,8,3559,7.118,3351.5,3770.0,830.0,844.0,True,,7
stage2,333,9,3981,7.962,3770.0,4189.5,844.0,834.0,True,,8
stage2,333,10,4398,8.796,4189.5,4608.0,834.0,840.0,True,,9
stage2,333,11,4818,9.636,4608.0,,840.0,,False,edge_no_two_neighbors,-1
stage2,358,0,53,0.106,,226.5,,694.0,False,edge_no_two_neighbors,-1
stage2,358,1,400,0.8,226.5,631.0,694.0,924.0,True,,0
stage2,358,2,862,1.724,631.0,1090.5,924.0,914.0,True,,1
stage2,358,3,1319,2.638,1090.5,1552.5,914.0,934.0,True,,2
stage2,358,4,1786,3.572,1552.5,2024.0,934.0,952.0,True,,3
stage2,358,5,2262,4.524,2024.0,2499.5,952.0,950.0,True,,4
stage2,358,6,2737,5.474,2499.5,2972.0,950.0,940.0,True,,5
stage2,358,7,3207,6.414,2972.0,3445.0,940.0,952.0,True,,6
stage2,358,8,3683,7.366,3445.0,3921.0,952.0,952.0,True,,7
stage2,358,9,4159,8.318,3921.0,4392.5,952.0,934.0,True,,8
stage2,358,10,4626,9.252,4392.5,,934.0,,False,edge_no_two_neighbors,-1
stage2,443,0,225,0.45,,437.5,,850.0,False,edge_no_two_neighbors,-1
stage2,443,1,650,1.3,437.5,858.0,850.0,832.0,True,,0
stage2,443,2,1066,2.132,858.0,1273.0,832.0,828.0,True,,1
stage2,443,3,1480,2.96,1273.0,1689.0,828.0,836.0,True,,2
stage2,443,4,1898,3.796,1689.0,2106.5,836.0,834.0,True,,3
stage2,443,5,2315,4.63,2106.5,2522.0,834.0,828.0,True,,4
stage2,443,6,2729,5.458,2522.0,2942.0,828.0,852.0,True,,5
stage2,443,7,3155,6.31,2942.0,3364.5,852.0,838.0,True,,6
stage2,443,8,3574,7.148,3364.5,3785.5,838.0,846.0,True,,7
stage2,443,9,3997,7.994,3785.5,4210.5,846.0,854.0,True,,8
stage2,443,10,4424,8.848,4210.5,4637.0,854.0,852.0,True,,9
stage2,443,11,4850,9.7,4637.0,,852.0,,False,edge_no_two_neighbors,-1
stage2,578,0,12,0.024,,204.5,,770.0,False,edge_no_two_neighbors,-1
stage2,578,1,397,0.794,204.5,601.0,770.0,816.0,True,,0
stage2,578,2,805,1.61,601.0,1001.5,816.0,786.0,True,,1
stage2,578,3,1198,2.396,1001.5,1399.5,786.0,806.0,True,,2
stage2,578,4,1601,3.202,1399.5,1808.0,806.0,828.0,True,,3
stage2,578,5,2015,4.03,1808.0,2221.0,828.0,824.0,True,,4
stage2,578,6,2427,4.854,2221.0,2633.0,824.0,824.0,True,,5
stage2,578,7,2839,5.678,2633.0,3044.5,824.0,822.0,True,,6
stage2,578,8,3250,6.5,3044.5,3437.0,822.0,748.0,True,,7
stage2,578,9,3624,7.248,3437.0,3820.0,748.0,784.0,True,,8
stage2,578,10,4016,8.032,3820.0,4219.5,784.0,814.0,True,,9
stage2,578,11,4423,8.846,4219.5,4633.5,814.0,842.0,True,,10
stage2,578,12,4844,9.688,4633.5,,842.0,,False,edge_no_two_neighbors,-1
stage2,602,0,265,0.53,,475.5,,842.0,False,edge_no_two_neighbors,-1
stage2,602,1,686,1.372,475.5,893.5,842.0,830.0,True,,0
stage2,602,2,1101,2.202,893.5,1314.0,830.0,852.0,True,,1
stage2,602,3,1527,3.054,1314.0,1729.0,852.0,808.0,True,,2
stage2,602,4,1931,3.862,1729.0,2138.0,808.0,828.0,True,,3
stage2,602,5,2345,4.69,2138.0,2580.0,828.0,940.0,True,,4
stage2,602,6,2815,5.63,2580.0,3052.5,940.0,950.0,True,,5
stage2,602,7,3290,6.58,3052.5,3585.5,950.0,1182.0,True,,6
stage2,602,8,3881,7.762,3585.5,4149.0,1182.0,1072.0,True,,7
stage2,602,9,4417,8.834,4149.0,4654.5,1072.0,950.0,True,,8
stage2,602,10,4892,9.784,4654.5,,950.0,,False,edge_no_two_neighbors,-1
stage2,697,0,140,0.28,,275.5,,542.0,False,edge_no_two_neighbors,-1
stage2,697,1,411,0.822,275.5,660.5,542.0,998.0,True,,0
stage2,697,2,910,1.82,660.5,1103.0,998.0,772.0,True,,1
stage2,697,3,1296,2.592,1103.0,1447.0,772.0,604.0,True,,2
stage2,697,4,1598,3.196,1447.0,1787.5,604.0,758.0,True,,3
stage2,697,5,1977,3.954,1787.5,2164.0,758.0,748.0,True,,4
stage2,697,6,2351,4.702,2164.0,2482.0,748.0,524.0,True,,5
stage2,697,7,2613,5.226,2482.0,2895.5,524.0,1130.0,True,,6
stage2,697,8,3178,6.356,2895.5,3295.0,1130.0,468.0,True,,7
stage2,697,9,3412,6.824,3295.0,3540.5,468.0,514.0,True,,8
stage2,697,10,3669,7.338,3540.5,3800.0,514.0,524.0,True,,9
stage2,697,11,3931,7.862,3800.0,4083.0,524.0,608.0,True,,10
stage2,697,12,4235,8.47,4083.0,4359.0,608.0,496.0,True,,11
stage2,697,13,4483,8.966,4359.0,4701.0,496.0,872.0,True,,12
stage2,697,14,4919,9.838,4701.0,,872.0,,False,edge_no_two_neighbors,-1
stage2,900,0,381,0.762,,587.0,,824.0,False,edge_no_two_neighbors,-1
stage2,900,1,793,1.586,587.0,985.5,824.0,770.0,True,,0
stage2,900,2,1178,2.356,985.5,1371.0,770.0,772.0,True,,1
stage2,900,3,1564,3.128,1371.0,1752.0,772.0,752.0,True,,2
stage2,900,4,1940,3.88,1752.0,2124.5,752.0,738.0,True,,3
stage2,900,5,2309,4.618,2124.5,2501.0,738.0,768.0,True,,4
stage2,900,6,2693,5.386,2501.0,2884.0,768.0,764.0,True,,5
stage2,900,7,3075,6.15,2884.0,3263.5,764.0,754.0,True,,6
stage2,900,8,3452,6.904,3263.5,3638.0,754.0,744.0,True,,7
stage2,900,9,3824,7.648,3638.0,4003.5,744.0,718.0,True,,8
stage2,900,10,4183,8.366,4003.5,4367.5,718.0,738.0,True,,9
stage2,900,11,4552,9.104,4367.5,4734.0,738.0,728.0,True,,10
stage2,900,12,4916,9.832,4734.0,,728.0,,False,edge_no_two_neighbors,-1
stage2,933,0,333,0.666,,531.5,,794.0,False,edge_no_two_neighbors,-1
stage2,933,1,730,1.46,531.5,929.5,794.0,798.0,True,,0
stage2,933,2,1129,2.258,929.5,1336.0,798.0,828.0,True,,1
stage2,933,3,1543,3.086,1336.0,1761.0,828.0,872.0,True,,2
stage2,933,4,1979,3.958,1761.0,2205.5,872.0,906.0,True,,3
stage2,933,5,2432,4.864,2205.5,2655.0,906.0,892.0,True,,4
stage2,933,6,2878,5.756,2655.0,3102.5,892.0,898.0,True,,5
stage2,933,7,3327,6.654,3102.5,3549.0,898.0,888.0,True,,6
stage2,933,8,3771,7.542,3549.0,3990.0,888.0,876.0,True,,7
stage2,933,9,4209,8.418,3990.0,4420.0,876.0,844.0,True,,8
stage2,933,10,4631,9.262,4420.0,,844.0,,False,edge_no_two_neighbors,-1
stage2,1004,0,426,0.852,,621.0,,780.0,False,edge_no_two_neighbors,-1
stage2,1004,1,816,1.632,621.0,1011.0,780.0,780.0,True,,0
stage2,1004,2,1206,2.412,1011.0,1332.5,780.0,506.0,True,,1
stage2,1004,3,1459,2.918,1332.5,1743.0,506.0,1136.0,True,,2
stage2,1004,4,2027,4.054,1743.0,2213.0,1136.0,744.0,True,,3
stage2,1004,5,2399,4.798,2213.0,2594.5,744.0,782.0,True,,4
stage2,1004,6,2790,5.58,2594.5,2989.0,782.0,796.0,True,,5
stage2,1004,7,3188,6.376,2989.0,3398.0,796.0,840.0,True,,6
stage2,1004,8,3608,7.216,3398.0,3813.5,840.0,822.0,True,,7
stage2,1004,9,4019,8.038,3813.5,4230.0,822.0,844.0,True,,8
stage2,1004,10,4441,8.882,4230.0,4564.0,844.0,492.0,True,,9
stage2,1004,11,4687,9.374,4564.0,,492.0,,False,edge_no_two_neighbors,-1
stage2,1032,0,336,0.672,,524.5,,754.0,False,edge_no_two_neighbors,-1
stage2,1032,1,713,1.426,524.5,899.5,754.0,746.0,True,,0
stage2,1032,2,1086,2.172,899.5,1267.5,746.0,726.0,True,,1
stage2,1032,3,1449,2.898,1267.5,1636.5,726.0,750.0,True,,2
stage2,1032,4,1824,3.648,1636.5,2014.0,750.0,760.0,True,,3
stage2,1032,5,2204,4.408,2014.0,2394.0,760.0,760.0,True,,4
stage2,1032,6,2584,5.168,2394.0,2777.5,760.0,774.0,True,,5
stage2,1032,7,2971,5.942,2777.5,3164.0,774.0,772.0,True,,6
stage2,1032,8,3357,6.714,3164.0,3547.5,772.0,762.0,True,,7
stage2,1032,9,3738,7.476,3547.5,3928.5,762.0,762.0,True,,8
stage2,1032,10,4119,8.238,3928.5,4311.5,762.0,770.0,True,,9
stage2,1032,11,4504,9.008,4311.5,4697.5,770.0,774.0,True,,10
stage2,1032,12,4891,9.782,4697.5,,774.0,,False,edge_no_two_neighbors,-1
stage2,1154,0,370,0.74,,599.5,,918.0,False,edge_no_two_neighbors,-1
stage2,1154,1,829,1.658,599.5,1062.0,918.0,932.0,True,,0
stage2,1154,2,1295,2.59,1062.0,1527.0,932.0,928.0,True,,1
stage2,1154,3,1759,3.518,1527.0,1989.5,928.0,922.0,True,,2
stage2,1154,4,2220,4.44,1989.5,2437.5,922.0,870.0,True,,3
stage2,1154,5,2655,5.31,2437.5,2874.0,870.0,876.0,True,,4
stage2,1154,6,3093,6.186,2874.0,3309.5,876.0,866.0,True,,5
stage2,1154,7,3526,7.052,3309.5,3737.5,866.0,846.0,True,,6
stage2,1154,8,3949,7.898,3737.5,4179.5,846.0,922.0,True,,7
stage2,1154,9,4410,8.82,4179.5,4636.5,922.0,906.0,True,,8
stage2,1154,10,4863,9.726,4636.5,,906.0,,False,edge_no_two_neighbors,-1
stage2,1192,0,107,0.214,,308.0,,804.0,False,edge_no_two_neighbors,-1
stage2,1192,1,509,1.018,308.0,712.0,804.0,812.0,True,,0
stage2,1192,2,915,1.83,712.0,1120.0,812.0,820.0,True,,1
stage2,1192,3,1325,2.65,1120.0,1528.0,820.0,812.0,True,,2
stage2,1192,4,1731,3.462,1528.0,1932.5,812.0,806.0,True,,3
stage2,1192,5,2134,4.268,1932.5,2337.5,806.0,814.0,True,,4
stage2,1192,6,2541,5.082,2337.5,2746.5,814.0,822.0,True,,5
stage2,1192,7,2952,5.904,2746.5,3153.5,822.0,806.0,True,,6
stage2,1192,8,3355,6.71,3153.5,3557.0,806.0,808.0,True,,7
stage2,1192,9,3759,7.518,3557.0,3963.0,808.0,816.0,True,,8
stage2,1192,10,4167,8.334,3963.0,4369.0,816.0,808.0,True,,9
stage2,1192,11,4571,9.142,4369.0,,808.0,,False,edge_no_two_neighbors,-1
stage2,1217,0,110,0.22,,264.5,,618.0,False,edge_no_two_neighbors,-1
stage2,1217,1,419,0.838,264.5,574.5,618.0,622.0,True,,0
stage2,1217,2,730,1.46,574.5,884.0,622.0,616.0,True,,1
stage2,1217,3,1038,2.076,884.0,1190.5,616.0,610.0,True,,2
stage2,1217,4,1343,2.686,1190.5,1496.0,610.0,612.0,True,,3
stage2,1217,5,1649,3.298,1496.0,1803.0,612.0,616.0,True,,4
stage2,1217,6,1957,3.914,1803.0,2111.5,616.0,618.0,True,,5
stage2,1217,7,2266,4.532,2111.5,2420.0,618.0,616.0,True,,6
stage2,1217,8,2574,5.148,2420.0,2727.0,616.0,612.0,True,,7
stage2,1217,9,2880,5.76,2727.0,3032.0,612.0,608.0,True,,8
stage2,1217,10,3184,6.368,3032.0,3337.5,608.0,614.0,True,,9
stage2,1217,11,3491,6.982,3337.5,3645.5,614.0,618.0,True,,10
stage2,1217,12,3800,7.6,3645.5,3955.5,618.0,622.0,True,,11
stage2,1217,13,4111,8.222,3955.5,4265.5,622.0,618.0,True,,12
stage2,1217,14,4420,8.84,4265.5,4572.5,618.0,610.0,True,,13
stage2,1217,15,4725,9.45,4572.5,,610.0,,False,edge_no_two_neighbors,-1
stage2,1241,0,91,0.182,,259.5,,674.0,False,edge_no_two_neighbors,-1
stage2,1241,1,428,0.856,259.5,596.0,674.0,672.0,True,,0
stage2,1241,2,764,1.528,596.0,929.5,672.0,662.0,True,,1
stage2,1241,3,1095,2.19,929.5,1262.0,662.0,668.0,True,,2
stage2,1241,4,1429,2.858,1262.0,1603.0,668.0,696.0,True,,3
stage2,1241,5,1777,3.554,1603.0,1956.0,696.0,716.0,True,,4
stage2,1241,6,2135,4.27,1956.0,2316.5,716.0,726.0,True,,5
stage2,1241,7,2498,4.996,2316.5,2680.0,726.0,728.0,True,,6
stage2,1241,8,2862,5.724,2680.0,3041.0,728.0,716.0,True,,7
stage2,1241,9,3220,6.44,3041.0,3396.5,716.0,706.0,True,,8
stage2,1241,10,3573,7.146,3396.5,3744.0,706.0,684.0,True,,9
stage2,1241,11,3915,7.83,3744.0,4083.0,684.0,672.0,True,,10
stage2,1241,12,4251,8.502,4083.0,4421.5,672.0,682.0,True,,11
stage2,1241,13,4592,9.184,4421.5,4767.5,682.0,702.0,True,,12
stage2,1241,14,4943,9.886,4767.5,,702.0,,False,edge_no_two_neighbors,-1
stage2,1358,0,31,0.062,,233.0,,808.0,False,edge_no_two_neighbors,-1
stage2,1358,1,435,0.87,233.0,641.5,808.0,826.0,True,,0
stage2,1358,2,848,1.696,641.5,1056.5,826.0,834.0,True,,1
stage2,1358,3,1265,2.53,1056.5,1473.5,834.0,834.0,True,,2
stage2,1358,4,1682,3.364,1473.5,1888.5,834.0,826.0,True,,3
stage2,1358,5,2095,4.19,1888.5,2306.0,826.0,844.0,True,,4
stage2,1358,6,2517,5.034,2306.0,2729.5,844.0,850.0,True,,5
stage2,1358,7,2942,5.884,2729.5,3157.5,850.0,862.0,True,,6
stage2,1358,8,3373,6.746,3157.5,3587.5,862.0,858.0,True,,7
stage2,1358,9,3802,7.604,3587.5,4016.5,858.0,858.0,True,,8
stage2,1358,10,4231,8.462,4016.5,4447.0,858.0,864.0,True,,9
stage2,1358,11,4663,9.326,4447.0,,864.0,,False,edge_no_two_neighbors,-1
stage2,1385,0,397,0.794,,640.5,,974.0,False,edge_no_two_neighbors,-1
stage2,1385,1,884,1.768,640.5,1132.0,974.0,992.0,True,,0
stage2,1385,2,1380,2.76,1132.0,1629.5,992.0,998.0,True,,1
stage2,1385,3,1879,3.758,1629.5,2134.5,998.0,1022.0,True,,2
stage2,1385,4,2390,4.78,2134.5,2647.0,1022.0,1028.0,True,,3
stage2,1385,5,2904,5.808,2647.0,3163.0,1028.0,1036.0,True,,4
stage2,1385,6,3422,6.844,3163.0,3679.5,1036.0,1030.0,True,,5
stage2,1385,7,3937,7.874,3679.5,4198.0,1030.0,1044.0,True,,6
stage2,1385,8,4459,8.918,4198.0,,1044.0,,False,edge_no_two_neighbors,-1
stage2,1446,0,442,0.884,,712.0,,1080.0,False,edge_no_two_neighbors,-1
stage2,1446,1,982,1.964,712.0,1247.0,1080.0,1060.0,True,,0
stage2,1446,2,1512,3.024,1247.0,1779.0,1060.0,1068.0,True,,1
stage2,1446,3,2046,4.092,1779.0,2315.0,1068.0,1076.0,True,,2
stage2,1446,4,2584,5.168,2315.0,2849.5,1076.0,1062.0,True,,3
stage2,1446,5,3115,6.23,2849.5,3376.0,1062.0,1044.0,True,,4
stage2,1446,6,3637,7.274,3376.0,3895.5,1044.0,1034.0,True,,5
stage2,1446,7,4154,8.308,3895.5,4405.5,1034.0,1006.0,True,,6
stage2,1446,8,4657,9.314,4405.5,,1006.0,,False,edge_no_two_neighbors,-1
stage2,1508,0,65,0.13,,191.0,,504.0,False,edge_no_two_neighbors,-1
stage2,1508,1,317,0.634,191.0,406.0,504.0,356.0,True,,0
stage2,1508,2,495,0.99,406.0,606.5,356.0,446.0,True,,1
stage2,1508,3,718,1.436,606.5,885.0,446.0,668.0,True,,2
stage2,1508,4,1052,2.104,885.0,1158.5,668.0,426.0,True,,3
stage2,1508,5,1265,2.53,1158.5,1417.5,426.0,610.0,True,,4
stage2,1508,6,1570,3.14,1417.5,1694.5,610.0,498.0,True,,5
stage2,1508,7,1819,3.638,1694.5,1945.5,498.0,506.0,True,,6
stage2,1508,8,2072,4.144,1945.5,2197.0,506.0,500.0,True,,7
stage2,1508,9,2322,4.644,2197.0,2410.0,500.0,352.0,True,,8
stage2,1508,10,2498,4.996,2410.0,2656.0,352.0,632.0,True,,9
stage2,1508,11,2814,5.628,2656.0,2943.5,632.0,518.0,True,,10
stage2,1508,12,3073,6.146,2943.5,3188.5,518.0,462.0,True,,11
stage2,1508,13,3304,6.608,3188.5,3444.5,462.0,562.0,True,,12
stage2,1508,14,3585,7.17,3444.5,3708.5,562.0,494.0,True,,13
stage2,1508,15,3832,7.664,3708.5,3959.0,494.0,508.0,True,,14
stage2,1508,16,4086,8.172,3959.0,4211.5,508.0,502.0,True,,15
stage2,1508,17,4337,8.674,4211.5,4427.5,502.0,362.0,True,,16
stage2,1508,18,4518,9.036,4427.5,4676.5,362.0,634.0,True,,17
stage2,1508,19,4835,9.67,4676.5,,634.0,,False,edge_no_two_neighbors,-1
stage2,1691,0,321,0.642,,561.0,,960.0,False,edge_no_two_neighbors,-1
stage2,1691,1,801,1.602,561.0,1038.0,960.0,948.0,True,,0
stage2,1691,2,1275,2.55,1038.0,1502.0,948.0,908.0,True,,1
stage2,1691,3,1729,3.458,1502.0,1961.5,908.0,930.0,True,,2
stage2,1691,4,2194,4.388,1961.5,2429.0,930.0,940.0,True,,3
stage2,1691,5,2664,5.328,2429.0,2836.0,940.0,688.0,True,,4
stage2,1691,6,3008,6.016,2836.0,3303.5,688.0,1182.0,True,,5
stage2,1691,7,3599,7.198,3303.5,3836.0,1182.0,948.0,True,,6
stage2,1691,8,4073,8.146,3836.0,4307.0,948.0,936.0,True,,7
stage2,1691,9,4541,9.082,4307.0,,936.0,,False,edge_no_two_neighbors,-1
stage2,1702,0,66,0.132,,262.5,,786.0,False,edge_no_two_neighbors,-1
stage2,1702,1,459,0.918,262.5,743.0,786.0,1136.0,True,,0
stage2,1702,2,1027,2.054,743.0,1311.0,1136.0,1136.0,True,,1
stage2,1702,3,1595,3.19,1311.0,1857.0,1136.0,1048.0,True,,2
stage2,1702,4,2119,4.238,1857.0,2382.5,1048.0,1054.0,True,,3
stage2,1702,5,2646,5.292,2382.5,2914.0,1054.0,1072.0,True,,4
stage2,1702,6,3182,6.364,2914.0,3436.0,1072.0,1016.0,True,,5
stage2,1702,7,3690,7.38,3436.0,3951.5,1016.0,1046.0,True,,6
stage2,1702,8,4213,8.426,3951.5,4474.5,1046.0,1046.0,True,,7
stage2,1702,9,4736,9.472,4474.5,,1046.0,,False,edge_no_two_neighbors,-1
stage2,1779,0,337,0.674,,580.5,,974.0,False,edge_no_two_neighbors,-1
stage2,1779,1,824,1.648,580.5,1070.0,974.0,984.0,True,,0
stage2,1779,2,1316,2.632,1070.0,1552.0,984.0,944.0,True,,1
stage2,1779,3,1788,3.576,1552.0,2019.5,944.0,926.0,True,,2
stage2,1779,4,2251,4.502,2019.5,2480.5,926.0,918.0,True,,3
stage2,1779,5,2710,5.42,2480.5,2944.0,918.0,936.0,True,,4
stage2,1779,6,3178,6.356,2944.0,3416.5,936.0,954.0,True,,5
stage2,1779,7,3655,7.31,3416.5,3893.5,954.0,954.0,True,,6
stage2,1779,8,4132,8.264,3893.5,4367.0,954.0,940.0,True,,7
stage2,1779,9,4602,9.204,4367.0,,940.0,,False,edge_no_two_neighbors,-1
stage2,1904,0,10,0.02,,207.0,,788.0,False,edge_no_two_neighbors,-1
stage2,1904,1,404,0.808,207.0,616.0,788.0,848.0,True,,0
stage2,1904,2,828,1.656,616.0,1037.0,848.0,836.0,True,,1
stage2,1904,3,1246,2.492,1037.0,1456.0,836.0,840.0,True,,2
stage2,1904,4,1666,3.332,1456.0,1875.0,840.0,836.0,True,,3
stage2,1904,5,2084,4.168,1875.0,2290.5,836.0,826.0,True,,4
stage2,1904,6,2497,4.994,2290.5,2704.0,826.0,828.0,True,,5
stage2,1904,7,2911,5.822,2704.0,3122.5,828.0,846.0,True,,6
stage2,1904,8,3334,6.668,3122.5,3543.5,846.0,838.0,True,,7
stage2,1904,9,3753,7.506,3543.5,3963.5,838.0,842.0,True,,8
stage2,1904,10,4174,8.348,3963.5,4381.5,842.0,830.0,True,,9
stage2,1904,11,4589,9.178,4381.5,,830.0,,False,edge_no_two_neighbors,-1
stage2,1913,0,47,0.094,,264.5,,870.0,False,edge_no_two_neighbors,-1
stage2,1913,1,482,0.964,264.5,705.0,870.0,892.0,True,,0
stage2,1913,2,928,1.856,705.0,1153.0,892.0,900.0,True,,1
stage2,1913,3,1378,2.756,1153.0,1603.0,900.0,900.0,True,,2
stage2,1913,4,1828,3.656,1603.0,2049.0,900.0,884.0,True,,3
stage2,1913,5,2270,4.54,2049.0,2489.0,884.0,876.0,True,,4
stage2,1913,6,2708,5.416,2489.0,2933.5,876.0,902.0,True,,5
stage2,1913,7,3159,6.318,2933.5,3391.5,902.0,930.0,True,,6
stage2,1913,8,3624,7.248,3391.5,3854.5,930.0,922.0,True,,7
stage2,1913,9,4085,8.17,3854.5,4311.0,922.0,904.0,True,,8
stage2,1913,10,4537,9.074,4311.0,,904.0,,False,edge_no_two_neighbors,-1
stage2,1996,0,400,0.8,,625.5,,902.0,False,edge_no_two_neighbors,-1
stage2,1996,1,851,1.702,625.5,1077.0,902.0,904.0,True,,0
stage2,1996,2,1303,2.606,1077.0,1524.0,904.0,884.0,True,,1
stage2,1996,3,1745,3.49,1524.0,1968.5,884.0,894.0,True,,2
stage2,1996,4,2192,4.384,1968.5,2421.5,894.0,918.0,True,,3
stage2,1996,5,2651,5.302,2421.5,2875.0,918.0,896.0,True,,4
stage2,1996,6,3099,6.198,2875.0,3321.0,896.0,888.0,True,,5
stage2,1996,7,3543,7.086,3321.0,3768.5,888.0,902.0,True,,6
stage2,1996,8,3994,7.988,3768.5,4218.5,902.0,898.0,True,,7
stage2,1996,9,4443,8.886,4218.5,4664.0,898.0,884.0,True,,8
stage2,1996,10,4885,9.77,4664.0,,884.0,,False,edge_no_two_neighbors,-1
stage2,2005,0,95,0.19,,287.5,,770.0,False,edge_no_two_neighbors,-1
stage2,2005,1,480,0.96,287.5,679.0,770.0,796.0,True,,0
stage2,2005,2,878,1.756,679.0,1085.0,796.0,828.0,True,,1
stage2,2005,3,1292,2.584,1085.0,1502.5,828.0,842.0,True,,2
stage2,2005,4,1713,3.426,1502.5,1927.5,842.0,858.0,True,,3
stage2,2005,5,2142,4.284,1927.5,2357.5,858.0,862.0,True,,4
stage2,2005,6,2573,5.146,2357.5,2786.0,862.0,852.0,True,,5
stage2,2005,7,2999,5.998,2786.0,3209.0,852.0,840.0,True,,6
stage2,2005,8,3419,6.838,3209.0,3627.5,840.0,834.0,True,,7
stage2,2005,9,3836,7.672,3627.5,4044.5,834.0,834.0,True,,8
stage2,2005,10,4253,8.506,4044.5,4464.5,834.0,846.0,True,,9
stage2,2005,11,4676,9.352,4464.5,,846.0,,False,edge_no_two_neighbors,-1
stage2,2052,0,127,0.254,,298.5,,686.0,False,edge_no_two_neighbors,-1
stage2,2052,1,470,0.94,298.5,637.5,686.0,670.0,True,,0
stage2,2052,2,805,1.61,637.5,970.0,670.0,660.0,True,,1
stage2,2052,3,1135,2.27,970.0,1300.0,660.0,660.0,True,,2
stage2,2052,4,1465,2.93,1300.0,1628.0,660.0,652.0,True,,3
stage2,2052,5,1791,3.582,1628.0,1953.0,652.0,648.0,True,,4
stage2,2052,6,2115,4.23,1953.0,2278.5,648.0,654.0,True,,5
stage2,2052,7,2442,4.884,2278.5,2607.5,654.0,662.0,True,,6
stage2,2052,8,2773,5.546,2607.5,2937.5,662.0,658.0,True,,7
stage2,2052,9,3102,6.204,2937.5,3267.0,658.0,660.0,True,,8
stage2,2052,10,3432,6.864,3267.0,3598.5,660.0,666.0,True,,9
stage2,2052,11,3765,7.53,3598.5,3933.0,666.0,672.0,True,,10
stage2,2052,12,4101,8.202,3933.0,4268.5,672.0,670.0,True,,11
stage2,2052,13,4436,8.872,4268.5,4607.5,670.0,686.0,True,,12
stage2,2052,14,4779,9.558,4607.5,,686.0,,False,edge_no_two_neighbors,-1
stage2,2179,0,254,0.508,,483.0,,916.0,False,edge_no_two_neighbors,-1
stage2,2179,1,712,1.424,483.0,944.0,916.0,928.0,True,,0
stage2,2179,2,1176,2.352,944.0,1402.5,928.0,906.0,True,,1
stage2,2179,3,1629,3.258,1402.5,1848.0,906.0,876.0,True,,2
stage2,2179,4,2067,4.134,1848.0,2285.0,876.0,872.0,True,,3
stage2,2179,5,2503,5.006,2285.0,2728.0,872.0,900.0,True,,4
stage2,2179,6,2953,5.906,2728.0,3182.0,900.0,916.0,True,,5
stage2,2179,7,3411,6.822,3182.0,3637.5,916.0,906.0,True,,6
stage2,2179,8,3864,7.728,3637.5,4089.0,906.0,900.0,True,,7
stage2,2179,9,4314,8.628,4089.0,4543.5,900.0,918.0,True,,8
stage2,2179,10,4773,9.546,4543.5,,918.0,,False,edge_no_two_neighbors,-1
stage2,2186,0,287,0.574,,494.0,,828.0,False,edge_no_two_neighbors,-1
stage2,2186,1,701,1.402,494.0,905.0,828.0,816.0,True,,0
stage2,2186,2,1109,2.218,905.0,1310.5,816.0,806.0,True,,1
stage2,2186,3,1512,3.024,1310.5,1711.0,806.0,796.0,True,,2
stage2,2186,4,1910,3.82,1711.0,2108.0,796.0,792.0,True,,3
stage2,2186,5,2306,4.612,2108.0,2507.0,792.0,804.0,True,,4
stage2,2186,6,2708,5.416,2507.0,2910.5,804.0,810.0,True,,5
stage2,2186,7,3113,6.226,2910.5,3315.5,810.0,810.0,True,,6
stage2,2186,8,3518,7.036,3315.5,3719.5,810.0,806.0,True,,7
stage2,2186,9,3921,7.842,3719.5,4120.5,806.0,798.0,True,,8
stage2,2186,10,4320,8.64,4120.5,4521.0,798.0,804.0,True,,9
stage2,2186,11,4722,9.444,4521.0,,804.0,,False,edge_no_two_neighbors,-1
stage2,2197,0,229,0.458,,464.5,,942.0,False,edge_no_two_neighbors,-1
stage2,2197,1,700,1.4,464.5,934.0,942.0,936.0,True,,0
stage2,2197,2,1168,2.336,934.0,1396.5,936.0,914.0,True,,1
stage2,2197,3,1625,3.25,1396.5,1867.5,914.0,970.0,True,,2
stage2,2197,4,2110,4.22,1867.5,2354.0,970.0,976.0,True,,3
stage2,2197,5,2598,5.196,2354.0,2843.0,976.0,980.0,True,,4
stage2,2197,6,3088,6.176,2843.0,3320.5,980.0,930.0,True,,5
stage2,2197,7,3553,7.106,3320.5,3788.0,930.0,940.0,True,,6
stage2,2197,8,4023,8.046,3788.0,4271.5,940.0,994.0,True,,7
stage2,2197,9,4520,9.04,4271.5,,994.0,,False,edge_no_two_neighbors,-1
stage2,2491,0,178,0.356,,378.0,,800.0,False,edge_no_two_neighbors,-1
stage2,2491,1,578,1.156,378.0,780.5,800.0,810.0,True,,0
stage2,2491,2,983,1.966,780.5,1186.0,810.0,812.0,True,,1
stage2,2491,3,1389,2.778,1186.0,1591.0,812.0,808.0,True,,2
stage2,2491,4,1793,3.586,1591.0,1994.5,808.0,806.0,True,,3
stage2,2491,5,2196,4.392,1994.5,2397.5,806.0,806.0,True,,4
stage2,2491,6,2599,5.198,2397.5,2799.0,806.0,800.0,True,,5
stage2,2491,7,2999,5.998,2799.0,3200.0,800.0,804.0,True,,6
stage2,2491,8,3401,6.802,3200.0,3600.5,804.0,798.0,True,,7
stage2,2491,9,3800,7.6,3600.5,3999.0,798.0,796.0,True,,8
stage2,2491,10,4198,8.396,3999.0,4400.5,796.0,810.0,True,,9
stage2,2491,11,4603,9.206,4400.5,,810.0,,False,edge_no_two_neighbors,-1
stage2,2533,0,161,0.322,,354.5,,774.0,False,edge_no_two_neighbors,-1
stage2,2533,1,548,1.096,354.5,741.0,774.0,772.0,True,,0
stage2,2533,2,934,1.868,741.0,1135.5,772.0,806.0,True,,1
stage2,2533,3,1337,2.674,1135.5,1534.5,806.0,790.0,True,,2
stage2,2533,4,1732,3.464,1534.5,1928.5,790.0,786.0,True,,3
stage2,2533,5,2125,4.25,1928.5,2325.0,786.0,800.0,True,,4
stage2,2533,6,2525,5.05,2325.0,2719.5,800.0,778.0,True,,5
stage2,2533,7,2914,5.828,2719.5,3110.0,778.0,784.0,True,,6
stage2,2533,8,3306,6.612,3110.0,3503.0,784.0,788.0,True,,7
stage2,2533,9,3700,7.4,3503.0,3899.0,788.0,796.0,True,,8
stage2,2533,10,4098,8.196,3899.0,4290.5,796.0,770.0,True,,9
stage2,2533,11,4483,8.966,4290.5,4672.5,770.0,758.0,True,,10
stage2,2533,12,4862,9.724,4672.5,,758.0,,False,edge_no_two_neighbors,-1
stage2,2557,0,38,0.076,,319.5,,1126.0,False,edge_no_two_neighbors,-1
stage2,2557,1,601,1.202,319.5,888.0,1126.0,1148.0,True,,0
stage2,2557,2,1175,2.35,888.0,1461.0,1148.0,1144.0,True,,1
stage2,2557,3,1747,3.494,1461.0,2036.0,1144.0,1156.0,True,,2
stage2,2557,4,2325,4.65,2036.0,2614.5,1156.0,1158.0,True,,3
stage2,2557,5,2904,5.808,2614.5,3201.0,1158.0,1188.0,True,,4
stage2,2557,6,3498,6.996,3201.0,3784.5,1188.0,1146.0,True,,5
stage2,2557,7,4071,8.142,3784.5,4357.0,1146.0,1144.0,True,,6
stage2,2557,8,4643,9.286,4357.0,,1144.0,,False,edge_no_two_neighbors,-1
stage2,2647,0,443,0.886,,545.5,,410.0,False,edge_no_two_neighbors,-1
stage2,2647,1,648,1.296,545.5,860.5,410.0,850.0,True,,0
stage2,2647,2,1073,2.146,860.5,1372.5,850.0,1198.0,True,,1
stage2,2647,3,1672,3.344,1372.5,1973.0,1198.0,1204.0,True,,2
stage2,2647,4,2274,4.548,1973.0,2589.5,1204.0,1262.0,True,,3
stage2,2647,5,2905,5.81,2589.5,3224.5,1262.0,1278.0,True,,4
stage2,2647,6,3544,7.088,3224.5,3857.0,1278.0,1252.0,True,,5
stage2,2647,7,4170,8.34,3857.0,4449.0,1252.0,1116.0,True,,6
stage2,2647,8,4728,9.456,4449.0,,1116.0,,False,edge_no_two_neighbors,-1
stage2,2706,0,13,0.026,,244.5,,926.0,False,edge_no_two_neighbors,-1
stage2,2706,1,476,0.952,244.5,615.0,926.0,556.0,True,,0
stage2,2706,2,754,1.508,615.0,1060.5,556.0,1226.0,True,,1
stage2,2706,3,1367,2.734,1060.5,1571.5,1226.0,818.0,True,,2
stage2,2706,4,1776,3.552,1571.5,1971.5,818.0,782.0,True,,3
stage2,2706,5,2167,4.334,1971.5,2372.0,782.0,820.0,True,,4
stage2,2706,6,2577,5.154,2372.0,2785.0,820.0,832.0,True,,5
stage2,2706,7,2993,5.986,2785.0,3223.0,832.0,920.0,True,,6
stage2,2706,8,3453,6.906,3223.0,3695.5,920.0,970.0,True,,7
stage2,2706,9,3938,7.876,3695.5,4187.5,970.0,998.0,True,,8
stage2,2706,10,4437,8.874,4187.5,4683.5,998.0,986.0,True,,9
stage2,2706,11,4930,9.86,4683.5,,986.0,,False,edge_no_two_neighbors,-1
stage2,2762,0,511,1.022,,780.0,,1076.0,False,edge_no_two_neighbors,-1
stage2,2762,1,1049,2.098,780.0,1318.5,1076.0,1078.0,True,,0
stage2,2762,2,1588,3.176,1318.5,1860.5,1078.0,1090.0,True,,1
stage2,2762,3,2133,4.266,1860.5,2408.0,1090.0,1100.0,True,,2
stage2,2762,4,2683,5.366,2408.0,2952.5,1100.0,1078.0,True,,3
stage2,2762,5,3222,6.444,2952.5,3493.0,1078.0,1084.0,True,,4
stage2,2762,6,3764,7.528,3493.0,4029.5,1084.0,1062.0,True,,5
stage2,2762,7,4295,8.59,4029.5,4563.0,1062.0,1072.0,True,,6
stage2,2762,8,4831,9.662,4563.0,,1072.0,,False,edge_no_two_neighbors,-1
stage2,2784,0,40,0.08,,120.5,,322.0,False,edge_no_two_neighbors,-1
stage2,2784,1,201,0.402,120.5,381.5,322.0,722.0,True,,0
stage2,2784,2,562,1.124,381.5,705.5,722.0,574.0,True,,1
stage2,2784,3,849,1.698,705.5,964.0,574.0,460.0,True,,2
stage2,2784,4,1079,2.158,964.0,1209.5,460.0,522.0,True,,3
stage2,2784,5,1340,2.68,1209.5,1465.5,522.0,502.0,True,,4
stage2,2784,6,1591,3.182,1465.5,1779.5,502.0,754.0,True,,5
stage2,2784,7,1968,3.936,1779.5,2070.0,754.0,408.0,True,,6
stage2,2784,8,2172,4.344,2070.0,2326.5,408.0,618.0,True,,7
stage2,2784,9,2481,4.962,2326.5,2575.0,618.0,376.0,True,,8
stage2,2784,10,2669,5.338,2575.0,2777.5,376.0,434.0,True,,9
stage2,2784,11,2886,5.772,2777.5,2992.5,434.0,426.0,True,,10
stage2,2784,12,3099,6.198,2992.5,3278.0,426.0,716.0,True,,11
stage2,2784,13,3457,6.914,3278.0,3571.0,716.0,456.0,True,,12
stage2,2784,14,3685,7.37,3571.0,3840.0,456.0,620.0,True,,13
stage2,2784,15,3995,7.99,3840.0,4139.0,620.0,576.0,True,,14
stage2,2784,16,4283,8.566,4139.0,4386.5,576.0,414.0,True,,15
stage2,2784,17,4490,8.98,4386.5,4614.0,414.0,496.0,True,,16
stage2,2784,18,4738,9.476,4614.0,,496.0,,False,edge_no_two_neighbors,-1
stage2,2858,0,198,0.396,,448.5,,1002.0,False,edge_no_two_neighbors,-1
stage2,2858,1,699,1.398,448.5,949.5,1002.0,1002.0,True,,0
stage2,2858,2,1200,2.4,949.5,1448.5,1002.0,994.0,True,,1
stage2,2858,3,1697,3.394,1448.5,1943.5,994.0,986.0,True,,2
stage2,2858,4,2190,4.38,1943.5,2447.0,986.0,1028.0,True,,3
stage2,2858,5,2704,5.408,2447.0,2966.5,1028.0,1050.0,True,,4
stage2,2858,6,3229,6.458,2966.5,3485.0,1050.0,1024.0,True,,5
stage2,2858,7,3741,7.482,3485.0,3994.5,1024.0,1014.0,True,,6
stage2,2858,8,4248,8.496,3994.5,4502.5,1014.0,1018.0,True,,7
stage2,2858,9,4757,9.514,4502.5,,1018.0,,False,edge_no_two_neighbors,-1
stage2,3175,0,152,0.304,,416.0,,1056.0,False,edge_no_two_neighbors,-1
stage2,3175,1,680,1.36,416.0,951.5,1056.0,1086.0,True,,0
stage2,3175,2,1223,2.446,951.5,1482.0,1086.0,1036.0,True,,1
stage2,3175,3,1741,3.482,1482.0,2001.0,1036.0,1040.0,True,,2
stage2,3175,4,2261,4.522,2001.0,2535.0,1040.0,1096.0,True,,3
stage2,3175,5,2809,5.618,2535.0,3066.0,1096.0,1028.0,True,,4
stage2,3175,6,3323,6.646,3066.0,3575.0,1028.0,1008.0,True,,5
stage2,3175,7,3827,7.654,3575.0,4093.5,1008.0,1066.0,True,,6
stage2,3175,8,4360,8.72,4093.5,4611.5,1066.0,1006.0,True,,7
stage2,3175,9,4863,9.726,4611.5,,1006.0,,False,edge_no_two_neighbors,-1
stage2,3205,0,153,0.306,,349.0,,784.0,False,edge_no_two_neighbors,-1
stage2,3205,1,545,1.09,349.0,738.5,784.0,774.0,True,,0
stage2,3205,2,932,1.864,738.5,1125.0,774.0,772.0,True,,1
stage2,3205,3,1318,2.636,1125.0,1509.0,772.0,764.0,True,,2
stage2,3205,4,1700,3.4,1509.0,1893.0,764.0,772.0,True,,3
stage2,3205,5,2086,4.172,1893.0,2279.0,772.0,772.0,True,,4
stage2,3205,6,2472,4.944,2279.0,2666.5,772.0,778.0,True,,5
stage2,3205,7,2861,5.722,2666.5,3053.5,778.0,770.0,True,,6
stage2,3205,8,3246,6.492,3053.5,3439.0,770.0,772.0,True,,7
stage2,3205,9,3632,7.264,3439.0,3827.0,772.0,780.0,True,,8
stage2,3205,10,4022,8.044,3827.0,4217.5,780.0,782.0,True,,9
stage2,3205,11,4413,8.826,4217.5,4607.0,782.0,776.0,True,,10
stage2,3205,12,4801,9.602,4607.0,,776.0,,False,edge_no_two_neighbors,-1
stage2,3218,0,24,0.048,,239.0,,860.0,False,edge_no_two_neighbors,-1
stage2,3218,1,454,0.908,239.0,680.5,860.0,906.0,True,,0
stage2,3218,2,907,1.814,680.5,1133.5,906.0,906.0,True,,1
stage2,3218,3,1360,2.72,1133.5,1580.0,906.0,880.0,True,,2
stage2,3218,4,1800,3.6,1580.0,2017.5,880.0,870.0,True,,3
stage2,3218,5,2235,4.47,2017.5,2454.5,870.0,878.0,True,,4
stage2,3218,6,2674,5.348,2454.5,2895.0,878.0,884.0,True,,5
stage2,3218,7,3116,6.232,2895.0,3338.0,884.0,888.0,True,,6
stage2,3218,8,3560,7.12,3338.0,3776.0,888.0,864.0,True,,7
stage2,3218,9,3992,7.984,3776.0,4209.5,864.0,870.0,True,,8
stage2,3218,10,4427,8.854,4209.5,4647.0,870.0,880.0,True,,9
stage2,3218,11,4867,9.734,4647.0,,880.0,,False,edge_no_two_neighbors,-1
stage2,3228,0,56,0.112,,283.5,,910.0,False,edge_no_two_neighbors,-1
stage2,3228,1,511,1.022,283.5,742.5,910.0,926.0,True,,0
stage2,3228,2,974,1.948,742.5,1204.0,926.0,920.0,True,,1
stage2,3228,3,1434,2.868,1204.0,1662.0,920.0,912.0,True,,2
stage2,3228,4,1890,3.78,1662.0,2121.0,912.0,924.0,True,,3
stage2,3228,5,2352,4.704,2121.0,2585.5,924.0,934.0,True,,4
stage2,3228,6,2819,5.638,2585.5,3047.0,934.0,912.0,True,,5
stage2,3228,7,3275,6.55,3047.0,3500.0,912.0,900.0,True,,6
stage2,3228,8,3725,7.45,3500.0,3957.0,900.0,928.0,True,,7
stage2,3228,9,4189,8.378,3957.0,4421.5,928.0,930.0,True,,8
stage2,3228,10,4654,9.308,4421.5,,930.0,,False,edge_no_two_neighbors,-1
stage2,3229,0,259,0.518,,528.5,,1078.0,False,edge_no_two_neighbors,-1
stage2,3229,1,798,1.596,528.5,1060.5,1078.0,1050.0,True,,0
stage2,3229,2,1323,2.646,1060.5,1603.0,1050.0,1120.0,True,,1
stage2,3229,3,1883,3.766,1603.0,2159.5,1120.0,1106.0,True,,2
stage2,3229,4,2436,4.872,2159.5,2702.0,1106.0,1064.0,True,,3
stage2,3229,5,2968,5.936,2702.0,3241.0,1064.0,1092.0,True,,4
stage2,3229,6,3514,7.028,3241.0,3794.0,1092.0,1120.0,True,,5
stage2,3229,7,4074,8.148,3794.0,4344.0,1120.0,1080.0,True,,6
stage2,3229,8,4614,9.228,4344.0,,1080.0,,False,edge_no_two_neighbors,-1
stage2,3316,0,45,0.09,,311.5,,1066.0,False,edge_no_two_neighbors,-1
stage2,3316,1,578,1.156,311.5,854.0,1066.0,1104.0,True,,0
stage2,3316,2,1130,2.26,854.0,1415.5,1104.0,1142.0,True,,1
stage2,3316,3,1701,3.402,1415.5,1998.5,1142.0,1190.0,True,,2
stage2,3316,4,2296,4.592,1998.5,2589.0,1190.0,1172.0,True,,3
stage2,3316,5,2882,5.764,2589.0,3151.5,1172.0,1078.0,True,,4
stage2,3316,6,3421,6.842,3151.5,3699.0,1078.0,1112.0,True,,5
stage2,3316,7,3977,7.954,3699.0,4242.5,1112.0,1062.0,True,,6
stage2,3316,8,4508,9.016,4242.5,,1062.0,,False,edge_no_two_neighbors,-1
stage2,3373,0,307,0.614,,538.0,,924.0,False,edge_no_two_neighbors,-1
stage2,3373,1,769,1.538,538.0,1011.0,924.0,968.0,True,,0
stage2,3373,2,1253,2.506,1011.0,1537.0,968.0,1136.0,True,,1
stage2,3373,3,1821,3.642,1537.0,2080.5,1136.0,1038.0,True,,2
stage2,3373,4,2340,4.68,2080.5,2582.5,1038.0,970.0,True,,3
stage2,3373,5,2825,5.65,2582.5,3072.5,970.0,990.0,True,,4
stage2,3373,6,3320,6.64,3072.5,3575.5,990.0,1022.0,True,,5
stage2,3373,7,3831,7.662,3575.5,4080.5,1022.0,998.0,True,,6
stage2,3373,8,4330,8.66,4080.5,4567.0,998.0,948.0,True,,7
stage2,3373,9,4804,9.608,4567.0,,948.0,,False,edge_no_two_neighbors,-1
stage2,3388,0,275,0.55,,432.0,,628.0,False,edge_no_two_neighbors,-1
stage2,3388,1,589,1.178,432.0,754.0,628.0,660.0,True,,0
stage2,3388,2,919,1.838,754.0,1099.5,660.0,722.0,True,,1
stage2,3388,3,1280,2.56,1099.5,1394.0,722.0,456.0,True,,2
stage2,3388,4,1508,3.016,1394.0,1733.5,456.0,902.0,True,,3
stage2,3388,5,1959,3.918,1733.5,2136.0,902.0,708.0,True,,4
stage2,3388,6,2313,4.626,2136.0,2437.5,708.0,498.0,True,,5
stage2,3388,7,2562,5.124,2437.5,2762.5,498.0,802.0,True,,6
stage2,3388,8,2963,5.926,2762.5,3123.0,802.0,640.0,True,,7
stage2,3388,9,3283,6.566,3123.0,3434.0,640.0,604.0,True,,8
stage2,3388,10,3585,7.17,3434.0,3737.5,604.0,610.0,True,,9
stage2,3388,11,3890,7.78,3737.5,4043.0,610.0,612.0,True,,10
stage2,3388,12,4196,8.392,4043.0,4356.5,612.0,642.0,True,,11
stage2,3388,13,4517,9.034,4356.5,4681.5,642.0,658.0,True,,12
stage2,3388,14,4846,9.692,4681.5,,658.0,,False,edge_no_two_neighbors,-1
stage2,3392,0,44,0.088,,239.0,,780.0,False,edge_no_two_neighbors,-1
stage2,3392,1,434,0.868,239.0,637.5,780.0,814.0,True,,0
stage2,3392,2,841,1.682,637.5,1018.0,814.0,708.0,True,,1
stage2,3392,3,1195,2.39,1018.0,1377.5,708.0,730.0,True,,2
stage2,3392,4,1560,3.12,1377.5,1756.0,730.0,784.0,True,,3
stage2,3392,5,1952,3.904,1756.0,2164.5,784.0,850.0,True,,4
stage2,3392,6,2377,4.754,2164.5,2642.0,850.0,1060.0,True,,5
stage2,3392,7,2907,5.814,2642.0,3121.0,1060.0,856.0,True,,6
stage2,3392,8,3335,6.67,3121.0,3554.5,856.0,878.0,True,,7
stage2,3392,9,3774,7.548,3554.5,3947.0,878.0,692.0,True,,8
stage2,3392,10,4120,8.24,3947.0,4355.5,692.0,942.0,True,,9
stage2,3392,11,4591,9.182,4355.5,,942.0,,False,edge_no_two_neighbors,-1
stage2,3402,0,273,0.546,,440.5,,670.0,False,edge_no_two_neighbors,-1
stage2,3402,1,608,1.216,440.5,776.0,670.0,672.0,True,,0
stage2,3402,2,944,1.888,776.0,1108.0,672.0,656.0,True,,1
stage2,3402,3,1272,2.544,1108.0,1435.0,656.0,652.0,True,,2
stage2,3402,4,1598,3.196,1435.0,1761.5,652.0,654.0,True,,3
stage2,3402,5,1925,3.85,1761.5,2089.5,654.0,658.0,True,,4
stage2,3402,6,2254,4.508,2089.5,2423.5,658.0,678.0,True,,5
stage2,3402,7,2593,5.186,2423.5,2767.0,678.0,696.0,True,,6
stage2,3402,8,2941,5.882,2767.0,3111.5,696.0,682.0,True,,7
stage2,3402,9,3282,6.564,3111.5,3451.5,682.0,678.0,True,,8
stage2,3402,10,3621,7.242,3451.5,3797.5,678.0,706.0,True,,9
stage2,3402,11,3974,7.948,3797.5,4154.0,706.0,720.0,True,,10
stage2,3402,12,4334,8.668,4154.0,4514.5,720.0,722.0,True,,11
stage2,3402,13,4695,9.39,4514.5,,722.0,,False,edge_no_two_neighbors,-1
stage2,3421,0,186,0.372,,425.0,,956.0,False,edge_no_two_neighbors,-1
stage2,3421,1,664,1.328,425.0,902.5,956.0,954.0,True,,0
stage2,3421,2,1141,2.282,902.5,1379.5,954.0,954.0,True,,1
stage2,3421,3,1618,3.236,1379.5,1852.5,954.0,938.0,True,,2
stage2,3421,4,2087,4.174,1852.5,2323.5,938.0,946.0,True,,3
stage2,3421,5,2560,5.12,2323.5,2796.0,946.0,944.0,True,,4
stage2,3421,6,3032,6.064,2796.0,3265.5,944.0,934.0,True,,5
stage2,3421,7,3499,6.998,3265.5,3733.5,934.0,938.0,True,,6
stage2,3421,8,3968,7.936,3733.5,4203.0,938.0,940.0,True,,7
stage2,3421,9,4438,8.876,4203.0,4672.0,940.0,936.0,True,,8
stage2,3421,10,4906,9.812,4672.0,,936.0,,False,edge_no_two_neighbors,-1
stage2,3535,0,624,1.248,,1037.5,,1654.0,False,edge_no_two_neighbors,-1
stage2,3535,1,1451,2.902,1037.5,1875.0,1654.0,1696.0,True,,0
stage2,3535,2,2299,4.598,1875.0,2713.5,1696.0,1658.0,True,,1
stage2,3535,3,3128,6.256,2713.5,3547.0,1658.0,1676.0,True,,2
stage2,3535,4,3966,7.932,3547.0,4375.0,1676.0,1636.0,True,,3
stage2,3535,5,4784,9.568,4375.0,,1636.0,,False,edge_no_two_neighbors,-1
stage2,3621,0,53,0.106,,306.5,,1014.0,False,edge_no_two_neighbors,-1
stage2,3621,1,560,1.12,306.5,814.0,1014.0,1016.0,True,,0
stage2,3621,2,1068,2.136,814.0,1322.5,1016.0,1018.0,True,,1
stage2,3621,3,1577,3.154,1322.5,1831.5,1018.0,1018.0,True,,2
stage2,3621,4,2086,4.172,1831.5,2339.5,1018.0,1014.0,True,,3
stage2,3621,5,2593,5.186,2339.5,2852.5,1014.0,1038.0,True,,4
stage2,3621,6,3112,6.224,2852.5,3375.0,1038.0,1052.0,True,,5
stage2,3621,7,3638,7.276,3375.0,3898.5,1052.0,1042.0,True,,6
stage2,3621,8,4159,8.318,3898.5,4418.5,1042.0,1038.0,True,,7
stage2,3621,9,4678,9.356,4418.5,,1038.0,,False,edge_no_two_neighbors,-1
stage2,3753,0,64,0.128,,223.5,,638.0,False,edge_no_two_neighbors,-1
stage2,3753,1,383,0.766,223.5,556.0,638.0,692.0,True,,0
stage2,3753,2,729,1.458,556.0,911.5,692.0,730.0,True,,1
stage2,3753,3,1094,2.188,911.5,1275.5,730.0,726.0,True,,2
stage2,3753,4,1457,2.914,1275.5,1630.5,726.0,694.0,True,,3
stage2,3753,5,1804,3.608,1630.5,1979.0,694.0,700.0,True,,4
stage2,3753,6,2154,4.308,1979.0,2330.5,700.0,706.0,True,,5
stage2,3753,7,2507,5.014,2330.5,2688.0,706.0,724.0,True,,6
stage2,3753,8,2869,5.738,2688.0,3045.5,724.0,706.0,True,,7
stage2,3753,9,3222,6.444,3045.5,3391.0,706.0,676.0,True,,8
stage2,3753,10,3560,7.12,3391.0,3718.5,676.0,634.0,True,,9
stage2,3753,11,3877,7.754,3718.5,4032.0,634.0,620.0,True,,10
stage2,3753,12,4187,8.374,4032.0,4345.5,620.0,634.0,True,,11
stage2,3753,13,4504,9.008,4345.5,4679.0,634.0,700.0,True,,12
stage2,3753,14,4854,9.708,4679.0,,700.0,,False,edge_no_two_neighbors,-1
stage2,3768,0,206,0.412,,377.5,,686.0,False,edge_no_two_neighbors,-1
stage2,3768,1,549,1.098,377.5,722.5,686.0,694.0,True,,0
stage2,3768,2,896,1.792,722.5,1082.0,694.0,744.0,True,,1
stage2,3768,3,1268,2.536,1082.0,1478.5,744.0,842.0,True,,2
stage2,3768,4,1689,3.378,1478.5,1898.0,842.0,836.0,True,,3
stage2,3768,5,2107,4.214,1898.0,2308.0,836.0,804.0,True,,4
stage2,3768,6,2509,5.018,2308.0,2705.5,804.0,786.0,True,,5
stage2,3768,7,2902,5.804,2705.5,3091.5,786.0,758.0,True,,6
stage2,3768,8,3281,6.562,3091.5,3463.5,758.0,730.0,True,,7
stage2,3768,9,3646,7.292,3463.5,3828.0,730.0,728.0,True,,8
stage2,3768,10,4010,8.02,3828.0,4192.0,728.0,728.0,True,,9
stage2,3768,11,4374,8.748,4192.0,4569.0,728.0,780.0,True,,10
stage2,3768,12,4764,9.528,4569.0,,780.0,,False,edge_no_two_neighbors,-1
stage2,3778,0,102,0.204,,294.5,,770.0,False,edge_no_two_neighbors,-1
stage2,3778,1,487,0.974,294.5,677.0,770.0,760.0,True,,0
stage2,3778,2,867,1.734,677.0,1056.0,760.0,756.0,True,,1
stage2,3778,3,1245,2.49,1056.0,1427.0,756.0,728.0,True,,2
stage2,3778,4,1609,3.218,1427.0,1789.5,728.0,722.0,True,,3
stage2,3778,5,1970,3.94,1789.5,2152.0,722.0,728.0,True,,4
stage2,3778,6,2334,4.668,2152.0,2515.0,728.0,724.0,True,,5
stage2,3778,7,2696,5.392,2515.0,2885.0,724.0,756.0,True,,6
stage2,3778,8,3074,6.148,2885.0,3256.5,756.0,730.0,True,,7
stage2,3778,9,3439,6.878,3256.5,3622.5,730.0,734.0,True,,8
stage2,3778,10,3806,7.612,3622.5,3987.5,734.0,726.0,True,,9
stage2,3778,11,4169,8.338,3987.5,4359.5,726.0,762.0,True,,10
stage2,3778,12,4550,9.1,4359.5,4739.0,762.0,756.0,True,,11
stage2,3778,13,4928,9.856,4739.0,,756.0,,False,edge_no_two_neighbors,-1
stage2,3839,0,304,0.608,,513.0,,836.0,False,edge_no_two_neighbors,-1
stage2,3839,1,722,1.444,513.0,931.5,836.0,838.0,True,,0
stage2,3839,2,1141,2.282,931.5,1359.0,838.0,872.0,True,,1
stage2,3839,3,1577,3.154,1359.0,1797.0,872.0,880.0,True,,2
stage2,3839,4,2017,4.034,1797.0,2234.5,880.0,870.0,True,,3
stage2,3839,5,2452,4.904,2234.5,2669.0,870.0,868.0,True,,4
stage2,3839,6,2886,5.772,2669.0,3102.5,868.0,866.0,True,,5
stage2,3839,7,3319,6.638,3102.5,3532.5,866.0,854.0,True,,6
stage2,3839,8,3746,7.492,3532.5,3967.0,854.0,884.0,True,,7
stage2,3839,9,4188,8.376,3967.0,4406.0,884.0,872.0,True,,8
stage2,3839,10,4624,9.248,4406.0,,872.0,,False,edge_no_two_neighbors,-1
stage2,3840,0,262,0.524,,471.5,,838.0,False,edge_no_two_neighbors,-1
stage2,3840,1,681,1.362,471.5,891.0,838.0,840.0,True,,0
stage2,3840,2,1101,2.202,891.0,1306.0,840.0,820.0,True,,1
stage2,3840,3,1511,3.022,1306.0,1716.0,820.0,820.0,True,,2
stage2,3840,4,1921,3.842,1716.0,2129.0,820.0,832.0,True,,3
stage2,3840,5,2337,4.674,2129.0,2546.5,832.0,838.0,True,,4
stage2,3840,6,2756,5.512,2546.5,2960.0,838.0,816.0,True,,5
stage2,3840,7,3164,6.328,2960.0,3367.0,816.0,812.0,True,,6
stage2,3840,8,3570,7.14,3367.0,3779.5,812.0,838.0,True,,7
stage2,3840,9,3989,7.978,3779.5,4207.5,838.0,874.0,True,,8
stage2,3840,10,4426,8.852,4207.5,4637.0,874.0,844.0,True,,9
stage2,3840,11,4848,9.696,4637.0,,844.0,,False,edge_no_two_neighbors,-1
stage2,3845,0,260,0.52,,503.0,,972.0,False,edge_no_two_neighbors,-1
stage2,3845,1,746,1.492,503.0,981.0,972.0,940.0,True,,0
stage2,3845,2,1216,2.432,981.0,1440.5,940.0,898.0,True,,1
stage2,3845,3,1665,3.33,1440.5,1891.5,898.0,906.0,True,,2
stage2,3845,4,2118,4.236,1891.5,2352.0,906.0,936.0,True,,3
stage2,3845,5,2586,5.172,2352.0,2822.5,936.0,946.0,True,,4
stage2,3845,6,3059,6.118,2822.5,3288.5,946.0,918.0,True,,5
stage2,3845,7,3518,7.036,3288.5,3744.0,918.0,904.0,True,,6
stage2,3845,8,3970,7.94,3744.0,4200.0,904.0,920.0,True,,7
stage2,3845,9,4430,8.86,4200.0,4659.0,920.0,916.0,True,,8
stage2,3845,10,4888,9.776,4659.0,,916.0,,False,edge_no_two_neighbors,-1
stage2,3853,0,51,0.102,,232.5,,726.0,False,edge_no_two_neighbors,-1
stage2,3853,1,414,0.828,232.5,597.0,726.0,732.0,True,,0
stage2,3853,2,780,1.56,597.0,965.0,732.0,740.0,True,,1
stage2,3853,3,1150,2.3,965.0,1333.0,740.0,732.0,True,,2
stage2,3853,4,1516,3.032,1333.0,1699.5,732.0,734.0,True,,3
stage2,3853,5,1883,3.766,1699.5,2067.5,734.0,738.0,True,,4
stage2,3853,6,2252,4.504,2067.5,2437.0,738.0,740.0,True,,5
stage2,3853,7,2622,5.244,2437.0,2805.5,740.0,734.0,True,,6
stage2,3853,8,2989,5.978,2805.5,3173.0,734.0,736.0,True,,7
stage2,3853,9,3357,6.714,3173.0,3542.5,736.0,742.0,True,,8
stage2,3853,10,3728,7.456,3542.5,3913.5,742.0,742.0,True,,9
stage2,3853,11,4099,8.198,3913.5,4281.0,742.0,728.0,True,,10
stage2,3853,12,4463,8.926,4281.0,4645.0,728.0,728.0,True,,11
stage2,3853,13,4827,9.654,4645.0,,728.0,,False,edge_no_two_neighbors,-1
stage2,3922,0,354,0.708,,559.5,,822.0,False,edge_no_two_neighbors,-1
stage2,3922,1,765,1.53,559.5,973.0,822.0,832.0,True,,0
stage2,3922,2,1181,2.362,973.0,1391.5,832.0,842.0,True,,1
stage2,3922,3,1602,3.204,1391.5,1810.5,842.0,834.0,True,,2
stage2,3922,4,2019,4.038,1810.5,2223.5,834.0,818.0,True,,3
stage2,3922,5,2428,4.856,2223.5,2631.0,818.0,812.0,True,,4
stage2,3922,6,2834,5.668,2631.0,3038.0,812.0,816.0,True,,5
stage2,3922,7,3242,6.484,3038.0,3447.5,816.0,822.0,True,,6
stage2,3922,8,3653,7.306,3447.5,3860.5,822.0,830.0,True,,7
stage2,3922,9,4068,8.136,3860.5,4278.0,830.0,840.0,True,,8
stage2,3922,10,4488,8.976,4278.0,4700.5,840.0,850.0,True,,9
stage2,3922,11,4913,9.826,4700.5,,850.0,,False,edge_no_two_neighbors,-1
stage2,4022,0,282,0.564,,448.5,,666.0,False,edge_no_two_neighbors,-1
stage2,4022,1,615,1.23,448.5,769.0,666.0,616.0,True,,0
stage2,4022,2,923,1.846,769.0,1102.5,616.0,718.0,True,,1
stage2,4022,3,1282,2.564,1102.5,1545.0,718.0,1052.0,True,,2
stage2,4022,4,1808,3.616,1545.0,1993.5,1052.0,742.0,True,,3
stage2,4022,5,2179,4.358,1993.5,2381.0,742.0,808.0,True,,4
stage2,4022,6,2583,5.166,2381.0,2793.0,808.0,840.0,True,,5
stage2,4022,7,3003,6.006,2793.0,3198.5,840.0,782.0,True,,6
stage2,4022,8,3394,6.788,3198.5,3622.0,782.0,912.0,True,,7
stage2,4022,9,3850,7.7,3622.0,4207.0,912.0,1428.0,True,,8
stage2,4022,10,4564,9.128,4207.0,4744.0,1428.0,720.0,True,,9
stage2,4022,11,4924,9.848,4744.0,,720.0,,False,edge_no_two_neighbors,-1
stage2,4129,0,97,0.194,,256.0,,636.0,False,edge_no_two_neighbors,-1
stage2,4129,1,415,0.83,256.0,572.5,636.0,630.0,True,,0
stage2,4129,2,730,1.46,572.5,888.5,630.0,634.0,True,,1
stage2,4129,3,1047,2.094,888.5,1205.5,634.0,634.0,True,,2
stage2,4129,4,1364,2.728,1205.5,1523.0,634.0,636.0,True,,3
stage2,4129,5,1682,3.364,1523.0,1838.0,636.0,624.0,True,,4
stage2,4129,6,1994,3.988,1838.0,2150.5,624.0,626.0,True,,5
stage2,4129,7,2307,4.614,2150.5,2462.5,626.0,622.0,True,,6
stage2,4129,8,2618,5.236,2462.5,2773.5,622.0,622.0,True,,7
stage2,4129,9,2929,5.858,2773.5,3085.0,622.0,624.0,True,,8
stage2,4129,10,3241,6.482,3085.0,3395.0,624.0,616.0,True,,9
stage2,4129,11,3549,7.098,3395.0,3703.0,616.0,616.0,True,,10
stage2,4129,12,3857,7.714,3703.0,4015.5,616.0,634.0,True,,11
stage2,4129,13,4174,8.348,4015.5,4332.5,634.0,634.0,True,,12
stage2,4129,14,4491,8.982,4332.5,4649.0,634.0,632.0,True,,13
stage2,4129,15,4807,9.614,4649.0,,632.0,,False,edge_no_two_neighbors,-1
stage2,4144,0,114,0.228,,291.0,,708.0,False,edge_no_two_neighbors,-1
stage2,4144,1,468,0.936,291.0,644.5,708.0,706.0,True,,0
stage2,4144,2,821,1.642,644.5,995.0,706.0,696.0,True,,1
stage2,4144,3,1169,2.338,995.0,1344.5,696.0,702.0,True,,2
stage2,4144,4,1520,3.04,1344.5,1694.5,702.0,698.0,True,,3
stage2,4144,5,1869,3.738,1694.5,2041.5,698.0,690.0,True,,4
stage2,4144,6,2214,4.428,2041.5,2390.0,690.0,704.0,True,,5
stage2,4144,7,2566,5.132,2390.0,2746.0,704.0,720.0,True,,6
stage2,4144,8,2926,5.852,2746.0,3111.0,720.0,740.0,True,,7
stage2,4144,9,3296,6.592,3111.0,3480.5,740.0,738.0,True,,8
stage2,4144,10,3665,7.33,3480.5,3847.5,738.0,730.0,True,,9
stage2,4144,11,4030,8.06,3847.5,4213.0,730.0,732.0,True,,10
stage2,4144,12,4396,8.792,4213.0,4576.5,732.0,722.0,True,,11
stage2,4144,13,4757,9.514,4576.5,,722.0,,False,edge_no_two_neighbors,-1
stage2,4210,0,121,0.242,,341.0,,880.0,False,edge_no_two_neighbors,-1
stage2,4210,1,561,1.122,341.0,856.5,880.0,1182.0,True,,0
stage2,4210,2,1152,2.304,856.5,1431.0,1182.0,1116.0,True,,1
stage2,4210,3,1710,3.42,1431.0,1967.5,1116.0,1030.0,True,,2
stage2,4210,4,2225,4.45,1967.5,2469.5,1030.0,978.0,True,,3
stage2,4210,5,2714,5.428,2469.5,2989.0,978.0,1100.0,True,,4
stage2,4210,6,3264,6.528,2989.0,3536.5,1100.0,1090.0,True,,5
stage2,4210,7,3809,7.618,3536.5,4061.5,1090.0,1010.0,True,,6
stage2,4210,8,4314,8.628,4061.5,4576.5,1010.0,1050.0,True,,7
stage2,4210,9,4839,9.678,4576.5,,1050.0,,False,edge_no_two_neighbors,-1
stage2,4297,0,282,0.564,,455.0,,692.0,False,edge_no_two_neighbors,-1
stage2,4297,1,628,1.256,455.0,802.0,692.0,696.0,True,,0
stage2,4297,2,976,1.952,802.0,1152.5,696.0,706.0,True,,1
stage2,4297,3,1329,2.658,1152.5,1508.5,706.0,718.0,True,,2
stage2,4297,4,1688,3.376,1508.5,1865.0,718.0,708.0,True,,3
stage2,4297,5,2042,4.084,1865.0,2222.0,708.0,720.0,True,,4
stage2,4297,6,2402,4.804,2222.0,2574.5,720.0,690.0,True,,5
stage2,4297,7,2747,5.494,2574.5,2919.5,690.0,690.0,True,,6
stage2,4297,8,3092,6.184,2919.5,3270.0,690.0,712.0,True,,7
stage2,4297,9,3448,6.896,3270.0,3625.5,712.0,710.0,True,,8
stage2,4297,10,3803,7.606,3625.5,3979.5,710.0,706.0,True,,9
stage2,4297,11,4156,8.312,3979.5,4329.5,706.0,694.0,True,,10
stage2,4297,12,4503,9.006,4329.5,4675.0,694.0,688.0,True,,11
stage2,4297,13,4847,9.694,4675.0,,688.0,,False,edge_no_two_neighbors,-1
stage2,4323,0,165,0.33,,399.0,,936.0,False,edge_no_two_neighbors,-1
stage2,4323,1,633,1.266,399.0,847.5,936.0,858.0,True,,0
stage2,4323,2,1062,2.124,847.5,1288.0,858.0,904.0,True,,1
stage2,4323,3,1514,3.028,1288.0,1748.0,904.0,936.0,True,,2
stage2,4323,4,1982,3.964,1748.0,2213.0,936.0,924.0,True,,3
stage2,4323,5,2444,4.888,2213.0,2666.5,924.0,890.0,True,,4
stage2,4323,6,2889,5.778,2666.5,3133.0,890.0,976.0,True,,5
stage2,4323,7,3377,6.754,3133.0,3623.5,976.0,986.0,True,,6
stage2,4323,8,3870,7.74,3623.5,4117.5,986.0,990.0,True,,7
stage2,4323,9,4365,8.73,4117.5,4600.5,990.0,942.0,True,,8
stage2,4323,10,4836,9.672,4600.5,,942.0,,False,edge_no_two_neighbors,-1
stage2,4374,0,131,0.262,,468.5,,1350.0,False,edge_no_two_neighbors,-1
stage2,4374,1,806,1.612,468.5,1134.0,1350.0,1312.0,True,,0
stage2,4374,2,1462,2.924,1134.0,1791.5,1312.0,1318.0,True,,1
stage2,4374,3,2121,4.242,1791.5,2488.5,1318.0,1470.0,True,,2
stage2,4374,4,2856,5.712,2488.5,3210.0,1470.0,1416.0,True,,3
stage2,4374,5,3564,7.128,3210.0,3894.5,1416.0,1322.0,True,,4
stage2,4374,6,4225,8.45,3894.5,4556.5,1322.0,1326.0,True,,5
stage2,4374,7,4888,9.776,4556.5,,1326.0,,False,edge_no_two_neighbors,-1
stage2,4398,0,107,0.214,,351.5,,978.0,False,edge_no_two_neighbors,-1
stage2,4398,1,596,1.192,351.5,837.0,978.0,964.0,True,,0
stage2,4398,2,1078,2.156,837.0,1321.5,964.0,974.0,True,,1
stage2,4398,3,1565,3.13,1321.5,1752.5,974.0,750.0,True,,2
stage2,4398,4,1940,3.88,1752.5,2220.5,750.0,1122.0,True,,3
stage2,4398,5,2501,5.002,2220.5,2692.0,1122.0,764.0,True,,4
stage2,4398,6,2883,5.766,2692.0,3167.0,764.0,1136.0,True,,5
stage2,4398,7,3451,6.902,3167.0,3642.5,1136.0,766.0,True,,6
stage2,4398,8,3834,7.668,3642.5,4117.0,766.0,1132.0,True,,7
stage2,4398,9,4400,8.8,4117.0,4591.5,1132.0,766.0,True,,8
stage2,4398,10,4783,9.566,4591.5,,766.0,,False,edge_no_two_neighbors,-1
stage2,4406,0,166,0.332,,424.0,,1032.0,False,edge_no_two_neighbors,-1
stage2,4406,1,682,1.364,424.0,939.5,1032.0,1030.0,True,,0
stage2,4406,2,1197,2.394,939.5,1445.5,1030.0,994.0,True,,1
stage2,4406,3,1694,3.388,1445.5,1939.5,994.0,982.0,True,,2
stage2,4406,4,2185,4.37,1939.5,2440.0,982.0,1020.0,True,,3
stage2,4406,5,2695,5.39,2440.0,2952.5,1020.0,1030.0,True,,4
stage2,4406,6,3210,6.42,2952.5,3465.5,1030.0,1022.0,True,,5
stage2,4406,7,3721,7.442,3465.5,3969.5,1022.0,994.0,True,,6
stage2,4406,8,4218,8.436,3969.5,4458.0,994.0,960.0,True,,7
stage2,4406,9,4698,9.396,4458.0,,960.0,,False,edge_no_two_neighbors,-1
stage2,4481,0,447,0.894,,725.5,,1114.0,False,edge_no_two_neighbors,-1
stage2,4481,1,1004,2.008,725.5,1238.5,1114.0,938.0,True,,0
stage2,4481,2,1473,2.946,1238.5,1686.0,938.0,852.0,True,,1
stage2,4481,3,1899,3.798,1686.0,2119.0,852.0,880.0,True,,2
stage2,4481,4,2339,4.678,2119.0,2617.0,880.0,1112.0,True,,3
stage2,4481,5,2895,5.79,2617.0,3198.5,1112.0,1214.0,True,,4
stage2,4481,6,3502,7.004,3198.5,3795.0,1214.0,1172.0,True,,5
stage2,4481,7,4088,8.176,3795.0,4357.0,1172.0,1076.0,True,,6
stage2,4481,8,4626,9.252,4357.0,,1076.0,,False,edge_no_two_neighbors,-1
stage2,4716,0,406,0.812,,646.0,,960.0,False,edge_no_two_neighbors,-1
stage2,4716,1,886,1.772,646.0,1122.5,960.0,946.0,True,,0
stage2,4716,2,1359,2.718,1122.5,1599.0,946.0,960.0,True,,1
stage2,4716,3,1839,3.678,1599.0,2082.0,960.0,972.0,True,,2
stage2,4716,4,2325,4.65,2082.0,2565.0,972.0,960.0,True,,3
stage2,4716,5,2805,5.61,2565.0,3044.0,960.0,956.0,True,,4
stage2,4716,6,3283,6.566,3044.0,3522.5,956.0,958.0,True,,5
stage2,4716,7,3762,7.524,3522.5,4000.5,958.0,954.0,True,,6
stage2,4716,8,4239,8.478,4000.5,4477.0,954.0,952.0,True,,7
stage2,4716,9,4715,9.43,4477.0,,952.0,,False,edge_no_two_neighbors,-1
stage2,4721,0,396,0.792,,599.0,,812.0,False,edge_no_two_neighbors,-1
stage2,4721,1,802,1.604,599.0,1003.0,812.0,804.0,True,,0
stage2,4721,2,1204,2.408,1003.0,1409.0,804.0,820.0,True,,1
stage2,4721,3,1614,3.228,1409.0,1824.5,820.0,842.0,True,,2
stage2,4721,4,2035,4.07,1824.5,2245.5,842.0,842.0,True,,3
stage2,4721,5,2456,4.912,2245.5,2672.5,842.0,866.0,True,,4
stage2,4721,6,2889,5.778,2672.5,3107.5,866.0,874.0,True,,5
stage2,4721,7,3326,6.652,3107.5,3544.5,874.0,874.0,True,,6
stage2,4721,8,3763,7.526,3544.5,3979.5,874.0,866.0,True,,7
stage2,4721,9,4196,8.392,3979.5,4414.0,866.0,872.0,True,,8
stage2,4721,10,4632,9.264,4414.0,,872.0,,False,edge_no_two_neighbors,-1
stage2,4738,0,13,0.026,,319.5,,1226.0,False,edge_no_two_neighbors,-1
stage2,4738,1,626,1.252,319.5,951.0,1226.0,1300.0,True,,0
stage2,4738,2,1276,2.552,951.0,1605.0,1300.0,1316.0,True,,1
stage2,4738,3,1934,3.868,1605.0,2249.0,1316.0,1260.0,True,,2
stage2,4738,4,2564,5.128,2249.0,2892.0,1260.0,1312.0,True,,3
stage2,4738,5,3220,6.44,2892.0,3563.0,1312.0,1372.0,True,,4
stage2,4738,6,3906,7.812,3563.0,4230.0,1372.0,1296.0,True,,5
stage2,4738,7,4554,9.108,4230.0,,1296.0,,False,edge_no_two_neighbors,-1
stage2,4802,0,229,0.458,,476.0,,988.0,False,edge_no_two_neighbors,-1
stage2,4802,1,723,1.446,476.0,985.5,988.0,1050.0,True,,0
stage2,4802,2,1248,2.496,985.5,1503.5,1050.0,1022.0,True,,1
stage2,4802,3,1759,3.518,1503.5,2016.0,1022.0,1028.0,True,,2
stage2,4802,4,2273,4.546,2016.0,2530.5,1028.0,1030.0,True,,3
stage2,4802,5,2788,5.576,2530.5,3039.0,1030.0,1004.0,True,,4
stage2,4802,6,3290,6.58,3039.0,3529.0,1004.0,956.0,True,,5
stage2,4802,7,3768,7.536,3529.0,4005.5,956.0,950.0,True,,6
stage2,4802,8,4243,8.486,4005.5,4491.0,950.0,992.0,True,,7
stage2,4802,9,4739,9.478,4491.0,,992.0,,False,edge_no_two_neighbors,-1
stage2,4808,0,172,0.344,,417.0,,980.0,False,edge_no_two_neighbors,-1
stage2,4808,1,662,1.324,417.0,908.0,980.0,984.0,True,,0
stage2,4808,2,1154,2.308,908.0,1421.0,984.0,1068.0,True,,1
stage2,4808,3,1688,3.376,1421.0,1961.0,1068.0,1092.0,True,,2
stage2,4808,4,2234,4.468,1961.0,2506.0,1092.0,1088.0,True,,3
stage2,4808,5,2778,5.556,2506.0,3043.0,1088.0,1060.0,True,,4
stage2,4808,6,3308,6.616,3043.0,3580.5,1060.0,1090.0,True,,5
stage2,4808,7,3853,7.706,3580.5,4130.0,1090.0,1108.0,True,,6
stage2,4808,8,4407,8.814,4130.0,4669.5,1108.0,1050.0,True,,7
stage2,4808,9,4932,9.864,4669.5,,1050.0,,False,edge_no_two_neighbors,-1
stage2,4918,0,35,0.07,,278.0,,972.0,False,edge_no_two_neighbors,-1
stage2,4918,1,521,1.042,278.0,760.5,972.0,958.0,True,,0
stage2,4918,2,1000,2.0,760.5,1249.5,958.0,998.0,True,,1
stage2,4918,3,1499,2.998,1249.5,1750.5,998.0,1006.0,True,,2
stage2,4918,4,2002,4.004,1750.5,2250.0,1006.0,992.0,True,,3
stage2,4918,5,2498,4.996,2250.0,2737.5,992.0,958.0,True,,4
stage2,4918,6,2977,5.954,2737.5,3207.5,958.0,922.0,True,,5
stage2,4918,7,3438,6.876,3207.5,3680.0,922.0,968.0,True,,6
stage2,4918,8,3922,7.844,3680.0,4174.5,968.0,1010.0,True,,7
stage2,4918,9,4427,8.854,4174.5,4680.5,1010.0,1014.0,True,,8
stage2,4918,10,4934,9.868,4680.5,,1014.0,,False,edge_no_two_neighbors,-1
stage2,5178,0,239,0.478,,438.5,,798.0,False,edge_no_two_neighbors,-1
stage2,5178,1,638,1.276,438.5,831.0,798.0,772.0,True,,0
stage2,5178,2,1024,2.048,831.0,1227.0,772.0,812.0,True,,1
stage2,5178,3,1430,2.86,1227.0,1649.5,812.0,878.0,True,,2
stage2,5178,4,1869,3.738,1649.5,2076.5,878.0,830.0,True,,3
stage2,5178,5,2284,4.568,2076.5,2481.5,830.0,790.0,True,,4
stage2,5178,6,2679,5.358,2481.5,2873.0,790.0,776.0,True,,5
stage2,5178,7,3067,6.134,2873.0,3270.0,776.0,812.0,True,,6
stage2,5178,8,3473,6.946,3270.0,3681.5,812.0,834.0,True,,7
stage2,5178,9,3890,7.78,3681.5,4085.0,834.0,780.0,True,,8
stage2,5178,10,4280,8.56,4085.0,4472.0,780.0,768.0,True,,9
stage2,5178,11,4664,9.328,4472.0,,768.0,,False,edge_no_two_neighbors,-1
stage2,5323,0,97,0.194,,254.0,,628.0,False,edge_no_two_neighbors,-1
stage2,5323,1,411,0.822,254.0,570.0,628.0,636.0,True,,0
stage2,5323,2,729,1.458,570.0,885.0,636.0,624.0,True,,1
stage2,5323,3,1041,2.082,885.0,1195.5,624.0,618.0,True,,2
stage2,5323,4,1350,2.7,1195.5,1500.5,618.0,602.0,True,,3
stage2,5323,5,1651,3.302,1500.5,1799.5,602.0,594.0,True,,4
stage2,5323,6,1948,3.896,1799.5,2094.5,594.0,586.0,True,,5
stage2,5323,7,2241,4.482,2094.5,2385.5,586.0,578.0,True,,6
stage2,5323,8,2530,5.06,2385.5,2674.5,578.0,578.0,True,,7
stage2,5323,9,2819,5.638,2674.5,2965.0,578.0,584.0,True,,8
stage2,5323,10,3111,6.222,2965.0,3256.5,584.0,582.0,True,,9
stage2,5323,11,3402,6.804,3256.5,3548.5,582.0,586.0,True,,10
stage2,5323,12,3695,7.39,3548.5,3839.0,586.0,576.0,True,,11
stage2,5323,13,3983,7.966,3839.0,4123.5,576.0,562.0,True,,12
stage2,5323,14,4264,8.528,4123.5,4406.0,562.0,568.0,True,,13
stage2,5323,15,4548,9.096,4406.0,4692.5,568.0,578.0,True,,14
stage2,5323,16,4837,9.674,4692.5,,578.0,,False,edge_no_two_neighbors,-1
stage2,5415,0,230,0.46,,449.0,,876.0,False,edge_no_two_neighbors,-1
stage2,5415,1,668,1.336,449.0,891.0,876.0,892.0,True,,0
stage2,5415,2,1114,2.228,891.0,1336.0,892.0,888.0,True,,1
stage2,5415,3,1558,3.116,1336.0,1782.0,888.0,896.0,True,,2
stage2,5415,4,2006,4.012,1782.0,2217.5,896.0,846.0,True,,3
stage2,5415,5,2429,4.858,2217.5,2667.5,846.0,954.0,True,,4
stage2,5415,6,2906,5.812,2667.5,3149.5,954.0,974.0,True,,5
stage2,5415,7,3393,6.786,3149.5,3627.5,974.0,938.0,True,,6
stage2,5415,8,3862,7.724,3627.5,4091.0,938.0,916.0,True,,7
stage2,5415,9,4320,8.64,4091.0,4553.5,916.0,934.0,True,,8
stage2,5415,10,4787,9.574,4553.5,,934.0,,False,edge_no_two_neighbors,-1
stage2,5453,0,11,0.022,,230.5,,878.0,False,edge_no_two_neighbors,-1
stage2,5453,1,450,0.9,230.5,669.0,878.0,876.0,True,,0
stage2,5453,2,888,1.776,669.0,1103.5,876.0,862.0,True,,1
stage2,5453,3,1319,2.638,1103.5,1538.5,862.0,878.0,True,,2
stage2,5453,4,1758,3.516,1538.5,1989.0,878.0,924.0,True,,3
stage2,5453,5,2220,4.44,1989.0,2451.5,924.0,926.0,True,,4
stage2,5453,6,2683,5.366,2451.5,2911.0,926.0,912.0,True,,5
stage2,5453,7,3139,6.278,2911.0,3365.5,912.0,906.0,True,,6
stage2,5453,8,3592,7.184,3365.5,3817.5,906.0,902.0,True,,7
stage2,5453,9,4043,8.086,3817.5,4266.0,902.0,892.0,True,,8
stage2,5453,10,4489,8.978,4266.0,4675.0,892.0,744.0,True,,9
stage2,5453,11,4861,9.722,4675.0,,744.0,,False,edge_no_two_neighbors,-1
stage2,5457,0,71,0.142,,280.5,,838.0,False,edge_no_two_neighbors,-1
stage2,5457,1,490,0.98,280.5,709.0,838.0,876.0,True,,0
stage2,5457,2,928,1.856,709.0,1155.0,876.0,908.0,True,,1
stage2,5457,3,1382,2.764,1155.0,1602.5,908.0,882.0,True,,2
stage2,5457,4,1823,3.646,1602.5,2033.5,882.0,842.0,True,,3
stage2,5457,5,2244,4.488,2033.5,2445.5,842.0,806.0,True,,4
stage2,5457,6,2647,5.294,2445.5,2843.5,806.0,786.0,True,,5
stage2,5457,7,3040,6.08,2843.5,3240.0,786.0,800.0,True,,6
stage2,5457,8,3440,6.88,3240.0,3642.0,800.0,808.0,True,,7
stage2,5457,9,3844,7.688,3642.0,4051.5,808.0,830.0,True,,8
stage2,5457,10,4259,8.518,4051.5,4465.5,830.0,826.0,True,,9
stage2,5457,11,4672,9.344,4465.5,,826.0,,False,edge_no_two_neighbors,-1
stage2,5484,0,8,0.016,,198.0,,760.0,False,edge_no_two_neighbors,-1
stage2,5484,1,388,0.776,198.0,568.5,760.0,722.0,True,,0
stage2,5484,2,749,1.498,568.5,919.5,722.0,682.0,True,,1
stage2,5484,3,1090,2.18,919.5,1256.5,682.0,666.0,True,,2
stage2,5484,4,1423,2.846,1256.5,1591.5,666.0,674.0,True,,3
stage2,5484,5,1760,3.52,1591.5,1934.5,674.0,698.0,True,,4
stage2,5484,6,2109,4.218,1934.5,2301.0,698.0,768.0,True,,5
stage2,5484,7,2493,4.986,2301.0,2693.5,768.0,802.0,True,,6
stage2,5484,8,2894,5.788,2693.5,3093.5,802.0,798.0,True,,7
stage2,5484,9,3293,6.586,3093.5,3486.0,798.0,772.0,True,,8
stage2,5484,10,3679,7.358,3486.0,3863.5,772.0,738.0,True,,9
stage2,5484,11,4048,8.096,3863.5,4229.0,738.0,724.0,True,,10
stage2,5484,12,4410,8.82,4229.0,4591.0,724.0,724.0,True,,11
stage2,5484,13,4772,9.544,4591.0,,724.0,,False,edge_no_two_neighbors,-1
stage2,5534,0,306,0.612,,596.5,,1162.0,False,edge_no_two_neighbors,-1
stage2,5534,1,887,1.774,596.5,1179.5,1162.0,1170.0,True,,0
stage2,5534,2,1472,2.944,1179.5,1767.0,1170.0,1180.0,True,,1
stage2,5534,3,2062,4.124,1767.0,2375.5,1180.0,1254.0,True,,2
stage2,5534,4,2689,5.378,2375.5,2983.5,1254.0,1178.0,True,,3
stage2,5534,5,3278,6.556,2983.5,3578.5,1178.0,1202.0,True,,4
stage2,5534,6,3879,7.758,3578.5,4184.5,1202.0,1222.0,True,,5
stage2,5534,7,4490,8.98,4184.5,,1222.0,,False,edge_no_two_neighbors,-1
stage2,5550,0,316,0.632,,565.0,,996.0,False,edge_no_two_neighbors,-1
stage2,5550,1,814,1.628,565.0,1067.5,996.0,1014.0,True,,0
stage2,5550,2,1321,2.642,1067.5,1556.0,1014.0,940.0,True,,1
stage2,5550,3,1791,3.582,1556.0,2028.5,940.0,950.0,True,,2
stage2,5550,4,2266,4.532,2028.5,2511.5,950.0,982.0,True,,3
stage2,5550,5,2757,5.514,2511.5,3000.5,982.0,974.0,True,,4
stage2,5550,6,3244,6.488,3000.5,3505.5,974.0,1046.0,True,,5
stage2,5550,7,3767,7.534,3505.5,4032.5,1046.0,1062.0,True,,6
stage2,5550,8,4298,8.596,4032.5,4540.0,1062.0,968.0,True,,7
stage2,5550,9,4782,9.564,4540.0,,968.0,,False,edge_no_two_neighbors,-1
stage2,5657,0,16,0.032,,211.5,,782.0,False,edge_no_two_neighbors,-1
stage2,5657,1,407,0.814,211.5,613.5,782.0,826.0,True,,0
stage2,5657,2,820,1.64,613.5,1021.0,826.0,804.0,True,,1
stage2,5657,3,1222,2.444,1021.0,1423.5,804.0,806.0,True,,2
stage2,5657,4,1625,3.25,1423.5,1831.5,806.0,826.0,True,,3
stage2,5657,5,2038,4.076,1831.5,2238.5,826.0,802.0,True,,4
stage2,5657,6,2439,4.878,2238.5,2643.0,802.0,816.0,True,,5
stage2,5657,7,2847,5.694,2643.0,3055.5,816.0,834.0,True,,6
stage2,5657,8,3264,6.528,3055.5,3477.5,834.0,854.0,True,,7
stage2,5657,9,3691,7.382,3477.5,3900.5,854.0,838.0,True,,8
stage2,5657,10,4110,8.22,3900.5,4327.5,838.0,870.0,True,,9
stage2,5657,11,4545,9.09,4327.5,,870.0,,False,edge_no_two_neighbors,-1
stage2,5705,0,285,0.57,,488.0,,812.0,False,edge_no_two_neighbors,-1
stage2,5705,1,691,1.382,488.0,898.0,812.0,828.0,True,,0
stage2,5705,2,1105,2.21,898.0,1325.0,828.0,880.0,True,,1
stage2,5705,3,1545,3.09,1325.0,1753.5,880.0,834.0,True,,2
stage2,5705,4,1962,3.924,1753.5,2164.0,834.0,808.0,True,,3
stage2,5705,5,2366,4.732,2164.0,2567.5,808.0,806.0,True,,4
stage2,5705,6,2769,5.538,2567.5,2977.5,806.0,834.0,True,,5
stage2,5705,7,3186,6.372,2977.5,3392.0,834.0,824.0,True,,6
stage2,5705,8,3598,7.196,3392.0,3805.0,824.0,828.0,True,,7
stage2,5705,9,4012,8.024,3805.0,4215.0,828.0,812.0,True,,8
stage2,5705,10,4418,8.836,4215.0,4622.5,812.0,818.0,True,,9
stage2,5705,11,4827,9.654,4622.5,,818.0,,False,edge_no_two_neighbors,-1
stage2,5783,0,230,0.46,,508.5,,1114.0,False,edge_no_two_neighbors,-1
stage2,5783,1,787,1.574,508.5,1068.0,1114.0,1124.0,True,,0
stage2,5783,2,1349,2.698,1068.0,1650.0,1124.0,1204.0,True,,1
stage2,5783,3,1951,3.902,1650.0,2217.0,1204.0,1064.0,True,,2
stage2,5783,4,2483,4.966,2217.0,2792.0,1064.0,1236.0,True,,3
stage2,5783,5,3101,6.202,2792.0,3398.5,1236.0,1190.0,True,,4
stage2,5783,6,3696,7.392,3398.5,3968.5,1190.0,1090.0,True,,5
stage2,5783,7,4241,8.482,3968.5,4529.5,1090.0,1154.0,True,,6
stage2,5783,8,4818,9.636,4529.5,,1154.0,,False,edge_no_two_neighbors,-1
stage2,5823,0,332,0.664,,508.5,,706.0,False,edge_no_two_neighbors,-1
stage2,5823,1,685,1.37,508.5,860.5,706.0,702.0,True,,0
stage2,5823,2,1036,2.072,860.5,1208.5,702.0,690.0,True,,1
stage2,5823,3,1381,2.762,1208.5,1559.0,690.0,712.0,True,,2
stage2,5823,4,1737,3.474,1559.0,1911.5,712.0,698.0,True,,3
stage2,5823,5,2086,4.172,1911.5,2261.0,698.0,700.0,True,,4
stage2,5823,6,2436,4.872,2261.0,2608.5,700.0,690.0,True,,5
stage2,5823,7,2781,5.562,2608.5,2955.5,690.0,698.0,True,,6
stage2,5823,8,3130,6.26,2955.5,3306.5,698.0,706.0,True,,7
stage2,5823,9,3483,6.966,3306.5,3659.5,706.0,706.0,True,,8
stage2,5823,10,3836,7.672,3659.5,4011.0,706.0,700.0,True,,9
stage2,5823,11,4186,8.372,4011.0,4361.0,700.0,700.0,True,,10
stage2,5823,12,4536,9.072,4361.0,4712.5,700.0,706.0,True,,11
stage2,5823,13,4889,9.778,4712.5,,706.0,,False,edge_no_two_neighbors,-1
stage2,5843,0,428,0.856,,669.0,,964.0,False,edge_no_two_neighbors,-1
stage2,5843,1,910,1.82,669.0,1144.0,964.0,936.0,True,,0
stage2,5843,2,1378,2.756,1144.0,1610.5,936.0,930.0,True,,1
stage2,5843,3,1843,3.686,1610.5,2079.5,930.0,946.0,True,,2
stage2,5843,4,2316,4.632,2079.5,2538.5,946.0,890.0,True,,3
stage2,5843,5,2761,5.522,2538.5,2992.5,890.0,926.0,True,,4
stage2,5843,6,3224,6.448,2992.5,3461.0,926.0,948.0,True,,5
stage2,5843,7,3698,7.396,3461.0,3930.0,948.0,928.0,True,,6
stage2,5843,8,4162,8.324,3930.0,4401.0,928.0,956.0,True,,7
stage2,5843,9,4640,9.28,4401.0,,956.0,,False,edge_no_two_neighbors,-1
stage2,5887,0,54,0.108,,351.5,,1190.0,False,edge_no_two_neighbors,-1
stage2,5887,1,649,1.298,351.5,941.5,1190.0,1170.0,True,,0
stage2,5887,2,1234,2.468,941.5,1524.5,1170.0,1162.0,True,,1
stage2,5887,3,1815,3.63,1524.5,2107.0,1162.0,1168.0,True,,2
stage2,5887,4,2399,4.798,2107.0,2704.0,1168.0,1220.0,True,,3
stage2,5887,5,3009,6.018,2704.0,3317.0,1220.0,1232.0,True,,4
stage2,5887,6,3625,7.25,3317.0,3927.5,1232.0,1210.0,True,,5
stage2,5887,7,4230,8.46,3927.5,4527.5,1210.0,1190.0,True,,6
stage2,5887,8,4825,9.65,4527.5,,1190.0,,False,edge_no_two_neighbors,-1
stage2,5962,0,57,0.114,,245.5,,754.0,False,edge_no_two_neighbors,-1
stage2,5962,1,434,0.868,245.5,691.0,754.0,1028.0,True,,0
stage2,5962,2,948,1.896,691.0,1223.0,1028.0,1100.0,True,,1
stage2,5962,3,1498,2.996,1223.0,1769.0,1100.0,1084.0,True,,2
stage2,5962,4,2040,4.08,1769.0,2289.5,1084.0,998.0,True,,3
stage2,5962,5,2539,5.078,2289.5,2785.5,998.0,986.0,True,,4
stage2,5962,6,3032,6.064,2785.5,3282.5,986.0,1002.0,True,,5
stage2,5962,7,3533,7.066,3282.5,3787.5,1002.0,1018.0,True,,6
stage2,5962,8,4042,8.084,3787.5,4302.5,1018.0,1042.0,True,,7
stage2,5962,9,4563,9.126,4302.5,,1042.0,,False,edge_no_two_neighbors,-1
stage2,5984,0,41,0.082,,309.5,,1074.0,False,edge_no_two_neighbors,-1
stage2,5984,1,578,1.156,309.5,851.0,1074.0,1092.0,True,,0
stage2,5984,2,1124,2.248,851.0,1396.5,1092.0,1090.0,True,,1
stage2,5984,3,1669,3.338,1396.5,1938.5,1090.0,1078.0,True,,2
stage2,5984,4,2208,4.416,1938.5,2479.5,1078.0,1086.0,True,,3
stage2,5984,5,2751,5.502,2479.5,3019.5,1086.0,1074.0,True,,4
stage2,5984,6,3288,6.576,3019.5,3551.5,1074.0,1054.0,True,,5
stage2,5984,7,3815,7.63,3551.5,4081.0,1054.0,1064.0,True,,6
stage2,5984,8,4347,8.694,4081.0,4610.0,1064.0,1052.0,True,,7
stage2,5984,9,4873,9.746,4610.0,,1052.0,,False,edge_no_two_neighbors,-1
stage2,6051,0,303,0.606,,529.0,,904.0,False,edge_no_two_neighbors,-1
stage2,6051,1,755,1.51,529.0,984.5,904.0,918.0,True,,0
stage2,6051,2,1214,2.428,984.5,1447.5,918.0,934.0,True,,1
stage2,6051,3,1681,3.362,1447.5,1907.0,934.0,904.0,True,,2
stage2,6051,4,2133,4.266,1907.0,2347.5,904.0,858.0,True,,3
stage2,6051,5,2562,5.124,2347.5,2786.0,858.0,896.0,True,,4
stage2,6051,6,3010,6.02,2786.0,3243.0,896.0,932.0,True,,5
stage2,6051,7,3476,6.952,3243.0,3699.5,932.0,894.0,True,,6
stage2,6051,8,3923,7.846,3699.5,4136.5,894.0,854.0,True,,7
stage2,6051,9,4350,8.7,4136.5,4575.5,854.0,902.0,True,,8
stage2,6051,10,4801,9.602,4575.5,,902.0,,False,edge_no_two_neighbors,-1
stage2,6102,0,104,0.208,,315.5,,846.0,False,edge_no_two_neighbors,-1
stage2,6102,1,527,1.054,315.5,739.0,846.0,848.0,True,,0
stage2,6102,2,951,1.902,739.0,1164.0,848.0,852.0,True,,1
stage2,6102,3,1377,2.754,1164.0,1591.5,852.0,858.0,True,,2
stage2,6102,4,1806,3.612,1591.5,2023.5,858.0,870.0,True,,3
stage2,6102,5,2241,4.482,2023.5,2458.5,870.0,870.0,True,,4
stage2,6102,6,2676,5.352,2458.5,2892.5,870.0,866.0,True,,5
stage2,6102,7,3109,6.218,2892.5,3324.0,866.0,860.0,True,,6
stage2,6102,8,3539,7.078,3324.0,3753.0,860.0,856.0,True,,7
stage2,6102,9,3967,7.934,3753.0,4183.5,856.0,866.0,True,,8
stage2,6102,10,4400,8.8,4183.5,4619.0,866.0,876.0,True,,9
stage2,6102,11,4838,9.676,4619.0,,876.0,,False,edge_no_two_neighbors,-1
stage2,6146,0,92,0.184,,227.5,,542.0,False,edge_no_two_neighbors,-1
stage2,6146,1,363,0.726,227.5,606.0,542.0,972.0,True,,0
stage2,6146,2,849,1.698,606.0,1103.0,972.0,1016.0,True,,1
stage2,6146,3,1357,2.714,1103.0,1599.5,1016.0,970.0,True,,2
stage2,6146,4,1842,3.684,1599.5,2095.5,970.0,1014.0,True,,3
stage2,6146,5,2349,4.698,2095.5,2605.5,1014.0,1026.0,True,,4
stage2,6146,6,2862,5.724,2605.5,3103.5,1026.0,966.0,True,,5
stage2,6146,7,3345,6.69,3103.5,3600.0,966.0,1020.0,True,,6
stage2,6146,8,3855,7.71,3600.0,4107.5,1020.0,1010.0,True,,7
stage2,6146,9,4360,8.72,4107.5,4599.5,1010.0,958.0,True,,8
stage2,6146,10,4839,9.678,4599.5,,958.0,,False,edge_no_two_neighbors,-1
stage2,6250,0,20,0.04,,285.0,,1060.0,False,edge_no_two_neighbors,-1
stage2,6250,1,550,1.1,285.0,810.0,1060.0,1040.0,True,,0
stage2,6250,2,1070,2.14,810.0,1332.0,1040.0,1048.0,True,,1
stage2,6250,3,1594,3.188,1332.0,1860.0,1048.0,1064.0,True,,2
stage2,6250,4,2126,4.252,1860.0,2383.5,1064.0,1030.0,True,,3
stage2,6250,5,2641,5.282,2383.5,2903.5,1030.0,1050.0,True,,4
stage2,6250,6,3166,6.332,2903.5,3439.5,1050.0,1094.0,True,,5
stage2,6250,7,3713,7.426,3439.5,3976.0,1094.0,1052.0,True,,6
stage2,6250,8,4239,8.478,3976.0,4504.5,1052.0,1062.0,True,,7
stage2,6250,9,4770,9.54,4504.5,,1062.0,,False,edge_no_two_neighbors,-1
stage2,6278,0,122,0.244,,275.0,,612.0,False,edge_no_two_neighbors,-1
stage2,6278,1,428,0.856,275.0,582.0,612.0,616.0,True,,0
stage2,6278,2,736,1.472,582.0,891.0,616.0,620.0,True,,1
stage2,6278,3,1046,2.092,891.0,1200.5,620.0,618.0,True,,2
stage2,6278,4,1355,2.71,1200.5,1509.0,618.0,616.0,True,,3
stage2,6278,5,1663,3.326,1509.0,1817.0,616.0,616.0,True,,4
stage2,6278,6,1971,3.942,1817.0,2124.5,616.0,614.0,True,,5
stage2,6278,7,2278,4.556,2124.5,2431.5,614.0,614.0,True,,6
stage2,6278,8,2585,5.17,2431.5,2739.0,614.0,616.0,True,,7
stage2,6278,9,2893,5.786,2739.0,3048.0,616.0,620.0,True,,8
stage2,6278,10,3203,6.406,3048.0,3357.0,620.0,616.0,True,,9
stage2,6278,11,3511,7.022,3357.0,3664.0,616.0,612.0,True,,10
stage2,6278,12,3817,7.634,3664.0,3970.0,612.0,612.0,True,,11
stage2,6278,13,4123,8.246,3970.0,4276.0,612.0,612.0,True,,12
stage2,6278,14,4429,8.858,4276.0,4582.5,612.0,614.0,True,,13
stage2,6278,15,4736,9.472,4582.5,,614.0,,False,edge_no_two_neighbors,-1
stage2,6347,0,437,0.874,,706.0,,1076.0,False,edge_no_two_neighbors,-1
stage2,6347,1,975,1.95,706.0,1238.0,1076.0,1052.0,True,,0
stage2,6347,2,1501,3.002,1238.0,1767.5,1052.0,1066.0,True,,1
stage2,6347,3,2034,4.068,1767.5,2295.0,1066.0,1044.0,True,,2
stage2,6347,4,2556,5.112,2295.0,2809.0,1044.0,1012.0,True,,3
stage2,6347,5,3062,6.124,2809.0,3324.0,1012.0,1048.0,True,,4
stage2,6347,6,3586,7.172,3324.0,3843.5,1048.0,1030.0,True,,5
stage2,6347,7,4101,8.202,3843.5,4357.5,1030.0,1026.0,True,,6
stage2,6347,8,4614,9.228,4357.5,,1026.0,,False,edge_no_two_neighbors,-1
stage2,6401,0,254,0.508,,436.0,,728.0,False,edge_no_two_neighbors,-1
stage2,6401,1,618,1.236,436.0,804.5,728.0,746.0,True,,0
stage2,6401,2,991,1.982,804.5,1183.5,746.0,770.0,True,,1
stage2,6401,3,1376,2.752,1183.5,1624.5,770.0,994.0,True,,2
stage2,6401,4,1873,3.746,1624.5,2081.0,994.0,832.0,True,,3
stage2,6401,5,2289,4.578,2081.0,2414.0,832.0,500.0,True,,4
stage2,6401,6,2539,5.078,2414.0,2743.5,500.0,818.0,True,,5
stage2,6401,7,2948,5.896,2743.5,3107.5,818.0,638.0,True,,6
stage2,6401,8,3267,6.534,3107.5,3430.0,638.0,652.0,True,,7
stage2,6401,9,3593,7.186,3430.0,3772.5,652.0,718.0,True,,8
stage2,6401,10,3952,7.904,3772.5,4140.0,718.0,752.0,True,,9
stage2,6401,11,4328,8.656,4140.0,4536.0,752.0,832.0,True,,10
stage2,6401,12,4744,9.488,4536.0,,832.0,,False,edge_no_two_neighbors,-1
stage2,6534,0,249,0.498,,471.5,,890.0,False,edge_no_two_neighbors,-1
stage2,6534,1,694,1.388,471.5,912.0,890.0,872.0,True,,0
stage2,6534,2,1130,2.26,912.0,1344.5,872.0,858.0,True,,1
stage2,6534,3,1559,3.118,1344.5,1687.0,858.0,512.0,True,,2
stage2,6534,4,1815,3.63,1687.0,2066.0,512.0,1004.0,True,,3
stage2,6534,5,2317,4.634,2066.0,2555.0,1004.0,952.0,True,,4
stage2,6534,6,2793,5.586,2555.0,3030.5,952.0,950.0,True,,5
stage2,6534,7,3268,6.536,3030.5,3478.5,950.0,842.0,True,,6
stage2,6534,8,3689,7.378,3478.5,3925.5,842.0,946.0,True,,7
stage2,6534,9,4162,8.324,3925.5,4375.0,946.0,852.0,True,,8
stage2,6534,10,4588,9.176,4375.0,,852.0,,False,edge_no_two_neighbors,-1
stage2,6554,0,313,0.626,,526.5,,854.0,False,edge_no_two_neighbors,-1
stage2,6554,1,740,1.48,526.5,955.0,854.0,860.0,True,,0
stage2,6554,2,1170,2.34,955.0,1383.0,860.0,852.0,True,,1
stage2,6554,3,1596,3.192,1383.0,1807.5,852.0,846.0,True,,2
stage2,6554,4,2019,4.038,1807.5,2193.0,846.0,696.0,True,,3
stage2,6554,5,2367,4.734,2193.0,2613.5,696.0,986.0,True,,4
stage2,6554,6,2860,5.72,2613.5,3079.5,986.0,878.0,True,,5
stage2,6554,7,3299,6.598,3079.5,3503.0,878.0,816.0,True,,6
stage2,6554,8,3707,7.414,3503.0,3929.0,816.0,888.0,True,,7
stage2,6554,9,4151,8.302,3929.0,4361.0,888.0,840.0,True,,8
stage2,6554,10,4571,9.142,4361.0,,840.0,,False,edge_no_two_neighbors,-1
stage2,6611,0,358,0.716,,606.5,,994.0,False,edge_no_two_neighbors,-1
stage2,6611,1,855,1.71,606.5,1115.0,994.0,1040.0,True,,0
stage2,6611,2,1375,2.75,1115.0,1626.0,1040.0,1004.0,True,,1
stage2,6611,3,1877,3.754,1626.0,2125.5,1004.0,994.0,True,,2
stage2,6611,4,2374,4.748,2125.5,2629.5,994.0,1022.0,True,,3
stage2,6611,5,2885,5.77,2629.5,3128.5,1022.0,974.0,True,,4
stage2,6611,6,3372,6.744,3128.5,3623.0,974.0,1004.0,True,,5
stage2,6611,7,3874,7.748,3623.0,4132.5,1004.0,1034.0,True,,6
stage2,6611,8,4391,8.782,4132.5,4635.5,1034.0,978.0,True,,7
stage2,6611,9,4880,9.76,4635.5,,978.0,,False,edge_no_two_neighbors,-1
stage2,6624,0,96,0.192,,312.5,,866.0,False,edge_no_two_neighbors,-1
stage2,6624,1,529,1.058,312.5,749.0,866.0,880.0,True,,0
stage2,6624,2,969,1.938,749.0,1186.5,880.0,870.0,True,,1
stage2,6624,3,1404,2.808,1186.5,1623.0,870.0,876.0,True,,2
stage2,6624,4,1842,3.684,1623.0,2061.5,876.0,878.0,True,,3
stage2,6624,5,2281,4.562,2061.5,2498.0,878.0,868.0,True,,4
stage2,6624,6,2715,5.43,2498.0,2933.0,868.0,872.0,True,,5
stage2,6624,7,3151,6.302,2933.0,3370.0,872.0,876.0,True,,6
stage2,6624,8,3589,7.178,3370.0,3805.0,876.0,864.0,True,,7
stage2,6624,9,4021,8.042,3805.0,4239.5,864.0,874.0,True,,8
stage2,6624,10,4458,8.916,4239.5,4676.5,874.0,874.0,True,,9
stage2,6624,11,4895,9.79,4676.5,,874.0,,False,edge_no_two_neighbors,-1
stage2,6635,0,304,0.608,,519.0,,860.0,False,edge_no_two_neighbors,-1
stage2,6635,1,734,1.468,519.0,945.5,860.0,846.0,True,,0
stage2,6635,2,1157,2.314,945.5,1373.0,846.0,864.0,True,,1
stage2,6635,3,1589,3.178,1373.0,1796.5,864.0,830.0,True,,2
stage2,6635,4,2004,4.008,1796.5,2216.0,830.0,848.0,True,,3
stage2,6635,5,2428,4.856,2216.0,2638.5,848.0,842.0,True,,4
stage2,6635,6,2849,5.698,2638.5,3063.0,842.0,856.0,True,,5
stage2,6635,7,3277,6.554,3063.0,3480.5,856.0,814.0,True,,6
stage2,6635,8,3684,7.368,3480.5,3887.5,814.0,814.0,True,,7
stage2,6635,9,4091,8.182,3887.5,4298.0,814.0,828.0,True,,8
stage2,6635,10,4505,9.01,4298.0,4708.0,828.0,812.0,True,,9
stage2,6635,11,4911,9.822,4708.0,,812.0,,False,edge_no_two_neighbors,-1
stage2,6888,0,207,0.414,,508.5,,1206.0,False,edge_no_two_neighbors,-1
stage2,6888,1,810,1.62,508.5,1107.0,1206.0,1188.0,True,,0
stage2,6888,2,1404,2.808,1107.0,1665.0,1188.0,1044.0,True,,1
stage2,6888,3,1926,3.852,1665.0,2180.5,1044.0,1018.0,True,,2
stage2,6888,4,2435,4.87,2180.5,2714.0,1018.0,1116.0,True,,3
stage2,6888,5,2993,5.986,2714.0,3273.0,1116.0,1120.0,True,,4
stage2,6888,6,3553,7.106,3273.0,3829.5,1120.0,1106.0,True,,5
stage2,6888,7,4106,8.212,3829.5,4363.5,1106.0,1030.0,True,,6
stage2,6888,8,4621,9.242,4363.5,,1030.0,,False,edge_no_two_neighbors,-1
stage2,6930,0,383,0.766,,600.5,,870.0,False,edge_no_two_neighbors,-1
stage2,6930,1,818,1.636,600.5,1036.0,870.0,872.0,True,,0
stage2,6930,2,1254,2.508,1036.0,1469.0,872.0,860.0,True,,1
stage2,6930,3,1684,3.368,1469.0,1898.5,860.0,858.0,True,,2
stage2,6930,4,2113,4.226,1898.5,2330.0,858.0,868.0,True,,3
stage2,6930,5,2547,5.094,2330.0,2752.5,868.0,822.0,True,,4
stage2,6930,6,2958,5.916,2752.5,3166.0,822.0,832.0,True,,5
stage2,6930,7,3374,6.748,3166.0,3579.0,832.0,820.0,True,,6
stage2,6930,8,3784,7.568,3579.0,3987.5,820.0,814.0,True,,7
stage2,6930,9,4191,8.382,3987.5,4394.5,814.0,814.0,True,,8
stage2,6930,10,4598,9.196,4394.5,,814.0,,False,edge_no_two_neighbors,-1
stage2,7184,0,363,0.726,,659.0,,1184.0,False,edge_no_two_neighbors,-1
stage2,7184,1,955,1.91,659.0,1248.0,1184.0,1172.0,True,,0
stage2,7184,2,1541,3.082,1248.0,1827.5,1172.0,1146.0,True,,1
stage2,7184,3,2114,4.228,1827.5,2398.5,1146.0,1138.0,True,,2
stage2,7184,4,2683,5.366,2398.5,2959.5,1138.0,1106.0,True,,3
stage2,7184,5,3236,6.472,2959.5,3508.0,1106.0,1088.0,True,,4
stage2,7184,6,3780,7.56,3508.0,4058.0,1088.0,1112.0,True,,5
stage2,7184,7,4336,8.672,4058.0,4617.0,1112.0,1124.0,True,,6
stage2,7184,8,4898,9.796,4617.0,,1124.0,,False,edge_no_two_neighbors,-1
stage2,7198,0,488,0.976,,766.5,,1114.0,False,edge_no_two_neighbors,-1
stage2,7198,1,1045,2.09,766.5,1324.0,1114.0,1116.0,True,,0
stage2,7198,2,1603,3.206,1324.0,1879.0,1116.0,1104.0,True,,1
stage2,7198,3,2155,4.31,1879.0,2386.0,1104.0,924.0,True,,2
stage2,7198,4,2617,5.234,2386.0,2839.0,924.0,888.0,True,,3
stage2,7198,5,3061,6.122,2839.0,3280.5,888.0,878.0,True,,4
stage2,7198,6,3500,7.0,3280.5,3737.5,878.0,950.0,True,,5
stage2,7198,7,3975,7.95,3737.5,4325.5,950.0,1402.0,True,,6
stage2,7198,8,4676,9.352,4325.5,,1402.0,,False,edge_no_two_neighbors,-1
stage2,7410,0,266,0.532,,443.5,,710.0,False,edge_no_two_neighbors,-1
stage2,7410,1,621,1.242,443.5,797.0,710.0,704.0,True,,0
stage2,7410,2,973,1.946,797.0,1146.0,704.0,692.0,True,,1
stage2,7410,3,1319,2.638,1146.0,1490.5,692.0,686.0,True,,2
stage2,7410,4,1662,3.324,1490.5,1830.0,686.0,672.0,True,,3
stage2,7410,5,1998,3.996,1830.0,2163.5,672.0,662.0,True,,4
stage2,7410,6,2329,4.658,2163.5,2495.0,662.0,664.0,True,,5
stage2,7410,7,2661,5.322,2495.0,2826.5,664.0,662.0,True,,6
stage2,7410,8,2992,5.984,2826.5,3156.5,662.0,658.0,True,,7
stage2,7410,9,3321,6.642,3156.5,3487.5,658.0,666.0,True,,8
stage2,7410,10,3654,7.308,3487.5,3820.5,666.0,666.0,True,,9
stage2,7410,11,3987,7.974,3820.5,4152.5,666.0,662.0,True,,10
stage2,7410,12,4318,8.636,4152.5,4484.0,662.0,664.0,True,,11
stage2,7410,13,4650,9.3,4484.0,,664.0,,False,edge_no_two_neighbors,-1
stage2,7420,0,65,0.13,,283.0,,872.0,False,edge_no_two_neighbors,-1
stage2,7420,1,501,1.002,283.0,708.0,872.0,828.0,True,,0
stage2,7420,2,915,1.83,708.0,1119.0,828.0,816.0,True,,1
stage2,7420,3,1323,2.646,1119.0,1538.0,816.0,860.0,True,,2
stage2,7420,4,1753,3.506,1538.0,1969.0,860.0,864.0,True,,3
stage2,7420,5,2185,4.37,1969.0,2396.0,864.0,844.0,True,,4
stage2,7420,6,2607,5.214,2396.0,2822.0,844.0,860.0,True,,5
stage2,7420,7,3037,6.074,2822.0,3259.0,860.0,888.0,True,,6
stage2,7420,8,3481,6.962,3259.0,3702.0,888.0,884.0,True,,7
stage2,7420,9,3923,7.846,3702.0,4129.0,884.0,824.0,True,,8
stage2,7420,10,4335,8.67,4129.0,4537.5,824.0,810.0,True,,9
stage2,7420,11,4740,9.48,4537.5,,810.0,,False,edge_no_two_neighbors,-1
stage2,7439,0,136,0.272,,331.5,,782.0,False,edge_no_two_neighbors,-1
stage2,7439,1,527,1.054,331.5,742.5,782.0,862.0,True,,0
stage2,7439,2,958,1.916,742.5,1149.0,862.0,764.0,True,,1
stage2,7439,3,1340,2.68,1149.0,1551.0,764.0,844.0,True,,2
stage2,7439,4,1762,3.524,1551.0,1954.5,844.0,770.0,True,,3
stage2,7439,5,2147,4.294,1954.5,2367.0,770.0,880.0,True,,4
stage2,7439,6,2587,5.174,2367.0,2777.0,880.0,760.0,True,,5
stage2,7439,7,2967,5.934,2777.0,3166.0,760.0,796.0,True,,6
stage2,7439,8,3365,6.73,3166.0,3561.0,796.0,784.0,True,,7
stage2,7439,9,3757,7.514,3561.0,3982.5,784.0,902.0,True,,8
stage2,7439,10,4208,8.416,3982.5,4399.0,902.0,764.0,True,,9
stage2,7439,11,4590,9.18,4399.0,,764.0,,False,edge_no_two_neighbors,-1
stage2,7503,0,556,1.112,,857.0,,1204.0,False,edge_no_two_neighbors,-1
stage2,7503,1,1158,2.316,857.0,1460.0,1204.0,1208.0,True,,0
stage2,7503,2,1762,3.524,1460.0,2063.0,1208.0,1204.0,True,,1
stage2,7503,3,2364,4.728,2063.0,2672.0,1204.0,1232.0,True,,2
stage2,7503,4,2980,5.96,2672.0,3281.0,1232.0,1204.0,True,,3
stage2,7503,5,3582,7.164,3281.0,3886.0,1204.0,1216.0,True,,4
stage2,7503,6,4190,8.38,3886.0,4493.5,1216.0,1214.0,True,,5
stage2,7503,7,4797,9.594,4493.5,,1214.0,,False,edge_no_two_neighbors,-1
stage2,7564,0,482,0.964,,731.0,,996.0,False,edge_no_two_neighbors,-1
stage2,7564,1,980,1.96,731.0,1227.5,996.0,990.0,True,,0
stage2,7564,2,1475,2.95,1227.5,1720.5,990.0,982.0,True,,1
stage2,7564,3,1966,3.932,1720.5,2214.5,982.0,994.0,True,,2
stage2,7564,4,2463,4.926,2214.5,2704.0,994.0,964.0,True,,3
stage2,7564,5,2945,5.89,2704.0,3189.5,964.0,978.0,True,,4
stage2,7564,6,3434,6.868,3189.5,3679.0,978.0,980.0,True,,5
stage2,7564,7,3924,7.848,3679.0,4171.0,980.0,988.0,True,,6
stage2,7564,8,4418,8.836,4171.0,4667.0,988.0,996.0,True,,7
stage2,7564,9,4916,9.832,4667.0,,996.0,,False,edge_no_two_neighbors,-1
stage2,7659,0,164,0.328,,372.5,,834.0,False,edge_no_two_neighbors,-1
stage2,7659,1,581,1.162,372.5,792.5,834.0,846.0,True,,0
stage2,7659,2,1004,2.008,792.5,1218.0,846.0,856.0,True,,1
stage2,7659,3,1432,2.864,1218.0,1644.0,856.0,848.0,True,,2
stage2,7659,4,1856,3.712,1644.0,2063.5,848.0,830.0,True,,3
stage2,7659,5,2271,4.542,2063.5,2478.5,830.0,830.0,True,,4
stage2,7659,6,2686,5.372,2478.5,2892.5,830.0,826.0,True,,5
stage2,7659,7,3099,6.198,2892.5,3303.0,826.0,816.0,True,,6
stage2,7659,8,3507,7.014,3303.0,3708.0,816.0,804.0,True,,7
stage2,7659,9,3909,7.818,3708.0,4108.5,804.0,798.0,True,,8
stage2,7659,10,4308,8.616,4108.5,4509.5,798.0,806.0,True,,9
stage2,7659,11,4711,9.422,4509.5,,806.0,,False,edge_no_two_neighbors,-1
stage2,7844,0,82,0.164,,252.5,,682.0,False,edge_no_two_neighbors,-1
stage2,7844,1,423,0.846,252.5,592.0,682.0,676.0,True,,0
stage2,7844,2,761,1.522,592.0,930.0,676.0,676.0,True,,1
stage2,7844,3,1099,2.198,930.0,1266.0,676.0,668.0,True,,2
stage2,7844,4,1433,2.866,1266.0,1603.0,668.0,680.0,True,,3
stage2,7844,5,1773,3.546,1603.0,1941.5,680.0,674.0,True,,4
stage2,7844,6,2110,4.22,1941.5,2282.0,674.0,688.0,True,,5
stage2,7844,7,2454,4.908,2282.0,2625.0,688.0,684.0,True,,6
stage2,7844,8,2796,5.592,2625.0,2967.5,684.0,686.0,True,,7
stage2,7844,9,3139,6.278,2967.5,3308.5,686.0,678.0,True,,8
stage2,7844,10,3478,6.956,3308.5,3647.0,678.0,676.0,True,,9
stage2,7844,11,3816,7.632,3647.0,3985.0,676.0,676.0,True,,10
stage2,7844,12,4154,8.308,3985.0,4322.0,676.0,672.0,True,,11
stage2,7844,13,4490,8.98,4322.0,4661.5,672.0,686.0,True,,12
stage2,7844,14,4833,9.666,4661.5,,686.0,,False,edge_no_two_neighbors,-1
stage2,7911,0,49,0.098,,216.5,,670.0,False,edge_no_two_neighbors,-1
stage2,7911,1,384,0.768,216.5,552.5,670.0,674.0,True,,0
stage2,7911,2,721,1.442,552.5,892.0,674.0,684.0,True,,1
stage2,7911,3,1063,2.126,892.0,1233.0,684.0,680.0,True,,2
stage2,7911,4,1403,2.806,1233.0,1573.0,680.0,680.0,True,,3
stage2,7911,5,1743,3.486,1573.0,1913.5,680.0,682.0,True,,4
stage2,7911,6,2084,4.168,1913.5,2255.5,682.0,686.0,True,,5
stage2,7911,7,2427,4.854,2255.5,2599.5,686.0,690.0,True,,6
stage2,7911,8,2772,5.544,2599.5,2943.5,690.0,686.0,True,,7
stage2,7911,9,3115,6.23,2943.5,3285.5,686.0,682.0,True,,8
stage2,7911,10,3456,6.912,3285.5,3626.5,682.0,682.0,True,,9
stage2,7911,11,3797,7.594,3626.5,3969.0,682.0,688.0,True,,10
stage2,7911,12,4141,8.282,3969.0,4313.5,688.0,690.0,True,,11
stage2,7911,13,4486,8.972,4313.5,4657.5,690.0,686.0,True,,12
stage2,7911,14,4829,9.658,4657.5,,686.0,,False,edge_no_two_neighbors,-1
stage2,8022,0,288,0.576,,518.0,,920.0,False,edge_no_two_neighbors,-1
stage2,8022,1,748,1.496,518.0,980.5,920.0,930.0,True,,0
stage2,8022,2,1213,2.426,980.5,1446.5,930.0,934.0,True,,1
stage2,8022,3,1680,3.36,1446.5,1900.0,934.0,880.0,True,,2
stage2,8022,4,2120,4.24,1900.0,2349.0,880.0,916.0,True,,3
stage2,8022,5,2578,5.156,2349.0,2809.0,916.0,924.0,True,,4
stage2,8022,6,3040,6.08,2809.0,3274.5,924.0,938.0,True,,5
stage2,8022,7,3509,7.018,3274.5,3734.5,938.0,902.0,True,,6
stage2,8022,8,3960,7.92,3734.5,4197.0,902.0,948.0,True,,7
stage2,8022,9,4434,8.868,4197.0,4669.5,948.0,942.0,True,,8
stage2,8022,10,4905,9.81,4669.5,,942.0,,False,edge_no_two_neighbors,-1
stage2,8049,0,278,0.556,,453.5,,702.0,False,edge_no_two_neighbors,-1
stage2,8049,1,629,1.258,453.5,804.5,702.0,702.0,True,,0
stage2,8049,2,980,1.96,804.5,1155.5,702.0,702.0,True,,1
stage2,8049,3,1331,2.662,1155.5,1506.5,702.0,702.0,True,,2
stage2,8049,4,1682,3.364,1506.5,1855.5,702.0,694.0,True,,3
stage2,8049,5,2029,4.058,1855.5,2205.0,694.0,704.0,True,,4
stage2,8049,6,2381,4.762,2205.0,2556.0,704.0,700.0,True,,5
stage2,8049,7,2731,5.462,2556.0,2905.5,700.0,698.0,True,,6
stage2,8049,8,3080,6.16,2905.5,3255.0,698.0,700.0,True,,7
stage2,8049,9,3430,6.86,3255.0,3604.5,700.0,698.0,True,,8
stage2,8049,10,3779,7.558,3604.5,3955.5,698.0,706.0,True,,9
stage2,8049,11,4132,8.264,3955.5,4308.5,706.0,706.0,True,,10
stage2,8049,12,4485,8.97,4308.5,4661.0,706.0,704.0,True,,11
stage2,8049,13,4837,9.674,4661.0,,704.0,,False,edge_no_two_neighbors,-1
stage2,8211,0,168,0.336,,401.0,,932.0,False,edge_no_two_neighbors,-1
stage2,8211,1,634,1.268,401.0,860.5,932.0,906.0,True,,0
stage2,8211,2,1087,2.174,860.5,1316.0,906.0,916.0,True,,1
stage2,8211,3,1545,3.09,1316.0,1776.0,916.0,924.0,True,,2
stage2,8211,4,2007,4.014,1776.0,2231.0,924.0,896.0,True,,3
stage2,8211,5,2455,4.91,2231.0,2674.0,896.0,876.0,True,,4
stage2,8211,6,2893,5.786,2674.0,3114.0,876.0,884.0,True,,5
stage2,8211,7,3335,6.67,3114.0,3560.0,884.0,900.0,True,,6
stage2,8211,8,3785,7.57,3560.0,4005.0,900.0,880.0,True,,7
stage2,8211,9,4225,8.45,4005.0,4446.0,880.0,884.0,True,,8
stage2,8211,10,4667,9.334,4446.0,,884.0,,False,edge_no_two_neighbors,-1
stage2,8308,0,234,0.468,,384.5,,602.0,False,edge_no_two_neighbors,-1
stage2,8308,1,535,1.07,384.5,696.0,602.0,644.0,True,,0
stage2,8308,2,857,1.714,696.0,1017.5,644.0,642.0,True,,1
stage2,8308,3,1178,2.356,1017.5,1309.0,642.0,524.0,True,,2
stage2,8308,4,1440,2.88,1309.0,1597.5,524.0,630.0,True,,3
stage2,8308,5,1755,3.51,1597.5,1938.5,630.0,734.0,True,,4
stage2,8308,6,2122,4.244,1938.5,2300.5,734.0,714.0,True,,5
stage2,8308,7,2479,4.958,2300.5,2722.0,714.0,972.0,True,,6
stage2,8308,8,2965,5.93,2722.0,3103.0,972.0,552.0,True,,7
stage2,8308,9,3241,6.482,3103.0,3444.5,552.0,814.0,True,,8
stage2,8308,10,3648,7.296,3444.5,3819.0,814.0,684.0,True,,9
stage2,8308,11,3990,7.98,3819.0,4133.5,684.0,574.0,True,,10
stage2,8308,12,4277,8.554,4133.5,4493.0,574.0,864.0,True,,11
stage2,8308,13,4709,9.418,4493.0,,864.0,,False,edge_no_two_neighbors,-1
stage2,8314,0,308,0.616,,504.0,,784.0,False,edge_no_two_neighbors,-1
stage2,8314,1,700,1.4,504.0,908.5,784.0,834.0,True,,0
stage2,8314,2,1117,2.234,908.5,1329.5,834.0,850.0,True,,1
stage2,8314,3,1542,3.084,1329.5,1747.0,850.0,820.0,True,,2
stage2,8314,4,1952,3.904,1747.0,2163.0,820.0,844.0,True,,3
stage2,8314,5,2374,4.748,2163.0,2578.5,844.0,818.0,True,,4
stage2,8314,6,2783,5.566,2578.5,2985.0,818.0,808.0,True,,5
stage2,8314,7,3187,6.374,2985.0,3397.0,808.0,840.0,True,,6
stage2,8314,8,3607,7.214,3397.0,3820.5,840.0,854.0,True,,7
stage2,8314,9,4034,8.068,3820.5,4245.5,854.0,846.0,True,,8
stage2,8314,10,4457,8.914,4245.5,4665.0,846.0,832.0,True,,9
stage2,8314,11,4873,9.746,4665.0,,832.0,,False,edge_no_two_neighbors,-1
stage2,8315,0,404,0.808,,685.0,,1124.0,False,edge_no_two_neighbors,-1
stage2,8315,1,966,1.932,685.0,1242.0,1124.0,1104.0,True,,0
stage2,8315,2,1518,3.036,1242.0,1797.5,1104.0,1118.0,True,,1
stage2,8315,3,2077,4.154,1797.5,2356.0,1118.0,1116.0,True,,2
stage2,8315,4,2635,5.27,2356.0,2918.0,1116.0,1132.0,True,,3
stage2,8315,5,3201,6.402,2918.0,3484.5,1132.0,1134.0,True,,4
stage2,8315,6,3768,7.536,3484.5,4049.0,1134.0,1124.0,True,,5
stage2,8315,7,4330,8.66,4049.0,4615.0,1124.0,1140.0,True,,6
stage2,8315,8,4900,9.8,4615.0,,1140.0,,False,edge_no_two_neighbors,-1
stage2,8385,0,121,0.242,,265.0,,576.0,False,edge_no_two_neighbors,-1
stage2,8385,1,409,0.818,265.0,553.0,576.0,576.0,True,,0
stage2,8385,2,697,1.394,553.0,841.5,576.0,578.0,True,,1
stage2,8385,3,986,1.972,841.5,1130.0,578.0,576.0,True,,2
stage2,8385,4,1274,2.548,1130.0,1418.5,576.0,578.0,True,,3
stage2,8385,5,1563,3.126,1418.5,1707.0,578.0,576.0,True,,4
stage2,8385,6,1851,3.702,1707.0,1995.0,576.0,576.0,True,,5
stage2,8385,7,2139,4.278,1995.0,2283.0,576.0,576.0,True,,6
stage2,8385,8,2427,4.854,2283.0,2570.0,576.0,572.0,True,,7
stage2,8385,9,2713,5.426,2570.0,2856.5,572.0,574.0,True,,8
stage2,8385,10,3000,6.0,2856.5,3143.0,574.0,572.0,True,,9
stage2,8385,11,3286,6.572,3143.0,3428.0,572.0,568.0,True,,10
stage2,8385,12,3570,7.14,3428.0,3711.5,568.0,566.0,True,,11
stage2,8385,13,3853,7.706,3711.5,3995.0,566.0,568.0,True,,12
stage2,8385,14,4137,8.274,3995.0,4278.5,568.0,566.0,True,,13
stage2,8385,15,4420,8.84,4278.5,4562.0,566.0,568.0,True,,14
stage2,8385,16,4704,9.408,4562.0,,568.0,,False,edge_no_two_neighbors,-1
stage2,8456,0,144,0.288,,322.0,,712.0,False,edge_no_two_neighbors,-1
stage2,8456,1,500,1.0,322.0,678.0,712.0,712.0,True,,0
stage2,8456,2,856,1.712,678.0,1035.5,712.0,718.0,True,,1
stage2,8456,3,1215,2.43,1035.5,1393.0,718.0,712.0,True,,2
stage2,8456,4,1571,3.142,1393.0,1749.0,712.0,712.0,True,,3
stage2,8456,5,1927,3.854,1749.0,2106.5,712.0,718.0,True,,4
stage2,8456,6,2286,4.572,2106.5,2464.0,718.0,712.0,True,,5
stage2,8456,7,2642,5.284,2464.0,2822.0,712.0,720.0,True,,6
stage2,8456,8,3002,6.004,2822.0,3182.5,720.0,722.0,True,,7
stage2,8456,9,3363,6.726,3182.5,3542.5,722.0,718.0,True,,8
stage2,8456,10,3722,7.444,3542.5,3899.0,718.0,708.0,True,,9
stage2,8456,11,4076,8.152,3899.0,4252.5,708.0,706.0,True,,10
stage2,8456,12,4429,8.858,4252.5,4606.5,706.0,710.0,True,,11
stage2,8456,13,4784,9.568,4606.5,,710.0,,False,edge_no_two_neighbors,-1
stage2,8526,0,258,0.516,,507.0,,996.0,False,edge_no_two_neighbors,-1
stage2,8526,1,756,1.512,507.0,1011.0,996.0,1020.0,True,,0
stage2,8526,2,1266,2.532,1011.0,1522.0,1020.0,1024.0,True,,1
stage2,8526,3,1778,3.556,1522.0,2024.0,1024.0,984.0,True,,2
stage2,8526,4,2270,4.54,2024.0,2518.5,984.0,994.0,True,,3
stage2,8526,5,2767,5.534,2518.5,3019.5,994.0,1010.0,True,,4
stage2,8526,6,3272,6.544,3019.5,3525.0,1010.0,1012.0,True,,5
stage2,8526,7,3778,7.556,3525.0,4022.0,1012.0,976.0,True,,6
stage2,8526,8,4266,8.532,4022.0,4513.5,976.0,990.0,True,,7
stage2,8526,9,4761,9.522,4513.5,,990.0,,False,edge_no_two_neighbors,-1
stage2,8649,0,166,0.332,,388.0,,888.0,False,edge_no_two_neighbors,-1
stage2,8649,1,610,1.22,388.0,837.0,888.0,908.0,True,,0
stage2,8649,2,1064,2.128,837.0,1291.5,908.0,910.0,True,,1
stage2,8649,3,1519,3.038,1291.5,1746.5,910.0,910.0,True,,2
stage2,8649,4,1974,3.948,1746.5,2202.5,910.0,914.0,True,,3
stage2,8649,5,2431,4.862,2202.5,2666.0,914.0,940.0,True,,4
stage2,8649,6,2901,5.802,2666.0,3136.5,940.0,942.0,True,,5
stage2,8649,7,3372,6.744,3136.5,3606.5,942.0,938.0,True,,6
stage2,8649,8,3841,7.682,3606.5,4076.5,938.0,942.0,True,,7
stage2,8649,9,4312,8.624,4076.5,4544.5,942.0,930.0,True,,8
stage2,8649,10,4777,9.554,4544.5,,930.0,,False,edge_no_two_neighbors,-1
stage2,8718,0,61,0.122,,228.0,,668.0,False,edge_no_two_neighbors,-1
stage2,8718,1,395,0.79,228.0,562.5,668.0,670.0,True,,0
stage2,8718,2,730,1.46,562.5,897.5,670.0,670.0,True,,1
stage2,8718,3,1065,2.13,897.5,1233.5,670.0,674.0,True,,2
stage2,8718,4,1402,2.804,1233.5,1569.0,674.0,668.0,True,,3
stage2,8718,5,1736,3.472,1569.0,1903.0,668.0,668.0,True,,4
stage2,8718,6,2070,4.14,1903.0,2238.5,668.0,674.0,True,,5
stage2,8718,7,2407,4.814,2238.5,2576.0,674.0,676.0,True,,6
stage2,8718,8,2745,5.49,2576.0,2913.0,676.0,672.0,True,,7
stage2,8718,9,3081,6.162,2913.0,3246.0,672.0,660.0,True,,8
stage2,8718,10,3411,6.822,3246.0,3578.0,660.0,668.0,True,,9
stage2,8718,11,3745,7.49,3578.0,3912.5,668.0,670.0,True,,10
stage2,8718,12,4080,8.16,3912.5,4244.0,670.0,656.0,True,,11
stage2,8718,13,4408,8.816,4244.0,4573.5,656.0,662.0,True,,12
stage2,8718,14,4739,9.478,4573.5,,662.0,,False,edge_no_two_neighbors,-1
stage2,8806,0,123,0.246,,321.5,,794.0,False,edge_no_two_neighbors,-1
stage2,8806,1,520,1.04,321.5,723.5,794.0,814.0,True,,0
stage2,8806,2,927,1.854,723.5,1125.0,814.0,792.0,True,,1
stage2,8806,3,1323,2.646,1125.0,1524.0,792.0,804.0,True,,2
stage2,8806,4,1725,3.45,1524.0,1924.0,804.0,796.0,True,,3
stage2,8806,5,2123,4.246,1924.0,2327.0,796.0,816.0,True,,4
stage2,8806,6,2531,5.062,2327.0,2736.5,816.0,822.0,True,,5
stage2,8806,7,2942,5.884,2736.5,3145.0,822.0,812.0,True,,6
stage2,8806,8,3348,6.696,3145.0,3547.0,812.0,796.0,True,,7
stage2,8806,9,3746,7.492,3547.0,3951.5,796.0,822.0,True,,8
stage2,8806,10,4157,8.314,3951.5,4366.5,822.0,838.0,True,,9
stage2,8806,11,4576,9.152,4366.5,,838.0,,False,edge_no_two_neighbors,-1
stage2,8871,0,311,0.622,,534.5,,894.0,False,edge_no_two_neighbors,-1
stage2,8871,1,758,1.516,534.5,980.5,894.0,890.0,True,,0
stage2,8871,2,1203,2.406,980.5,1429.0,890.0,904.0,True,,1
stage2,8871,3,1655,3.31,1429.0,1878.0,904.0,892.0,True,,2
stage2,8871,4,2101,4.202,1878.0,2323.0,892.0,888.0,True,,3
stage2,8871,5,2545,5.09,2323.0,2770.5,888.0,902.0,True,,4
stage2,8871,6,2996,5.992,2770.5,3222.0,902.0,904.0,True,,5
stage2,8871,7,3448,6.896,3222.0,3670.5,904.0,890.0,True,,6
stage2,8871,8,3893,7.786,3670.5,4120.5,890.0,910.0,True,,7
stage2,8871,9,4348,8.696,4120.5,4570.5,910.0,890.0,True,,8
stage2,8871,10,4793,9.586,4570.5,,890.0,,False,edge_no_two_neighbors,-1
stage2,8878,0,320,0.64,,543.5,,894.0,False,edge_no_two_neighbors,-1
stage2,8878,1,767,1.534,543.5,990.5,894.0,894.0,True,,0
stage2,8878,2,1214,2.428,990.5,1437.0,894.0,892.0,True,,1
stage2,8878,3,1660,3.32,1437.0,1884.0,892.0,896.0,True,,2
stage2,8878,4,2108,4.216,1884.0,2333.0,896.0,900.0,True,,3
stage2,8878,5,2558,5.116,2333.0,2782.0,900.0,896.0,True,,4
stage2,8878,6,3006,6.012,2782.0,3230.5,896.0,898.0,True,,5
stage2,8878,7,3455,6.91,3230.5,3678.5,898.0,894.0,True,,6
stage2,8878,8,3902,7.804,3678.5,4125.5,894.0,894.0,True,,7
stage2,8878,9,4349,8.698,4125.5,4573.0,894.0,896.0,True,,8
stage2,8878,10,4797,9.594,4573.0,,896.0,,False,edge_no_two_neighbors,-1
stage2,8940,0,387,0.774,,616.5,,918.0,False,edge_no_two_neighbors,-1
stage2,8940,1,846,1.692,616.5,1071.5,918.0,902.0,True,,0
stage2,8940,2,1297,2.594,1071.5,1528.0,902.0,924.0,True,,1
stage2,8940,3,1759,3.518,1528.0,1988.0,924.0,916.0,True,,2
stage2,8940,4,2217,4.434,1988.0,2443.5,916.0,906.0,True,,3
stage2,8940,5,2670,5.34,2443.5,2895.5,906.0,902.0,True,,4
stage2,8940,6,3121,6.242,2895.5,3350.0,902.0,916.0,True,,5
stage2,8940,7,3579,7.158,3350.0,3809.5,916.0,922.0,True,,6
stage2,8940,8,4040,8.08,3809.5,4270.5,922.0,922.0,True,,7
stage2,8940,9,4501,9.002,4270.5,,922.0,,False,edge_no_two_neighbors,-1
stage2,9005,0,8,0.016,,178.0,,680.0,False,edge_no_two_neighbors,-1
stage2,9005,1,348,0.696,178.0,519.5,680.0,686.0,True,,0
stage2,9005,2,691,1.382,519.5,861.0,686.0,680.0,True,,1
stage2,9005,3,1031,2.062,861.0,1203.0,680.0,688.0,True,,2
stage2,9005,4,1375,2.75,1203.0,1550.5,688.0,702.0,True,,3
stage2,9005,5,1726,3.452,1550.5,1902.5,702.0,706.0,True,,4
stage2,9005,6,2079,4.158,1902.5,2255.5,706.0,706.0,True,,5
stage2,9005,7,2432,4.864,2255.5,2605.5,706.0,694.0,True,,6
stage2,9005,8,2779,5.558,2605.5,2952.0,694.0,692.0,True,,7
stage2,9005,9,3125,6.25,2952.0,3297.0,692.0,688.0,True,,8
stage2,9005,10,3469,6.938,3297.0,3644.0,688.0,700.0,True,,9
stage2,9005,11,3819,7.638,3644.0,3992.0,700.0,692.0,True,,10
stage2,9005,12,4165,8.33,3992.0,4336.5,692.0,686.0,True,,11
stage2,9005,13,4508,9.016,4336.5,4679.0,686.0,684.0,True,,12
stage2,9005,14,4850,9.7,4679.0,,684.0,,False,edge_no_two_neighbors,-1
stage2,9057,0,54,0.108,,273.0,,876.0,False,edge_no_two_neighbors,-1
stage2,9057,1,492,0.984,273.0,717.5,876.0,902.0,True,,0
stage2,9057,2,943,1.886,717.5,1176.0,902.0,932.0,True,,1
stage2,9057,3,1409,2.818,1176.0,1643.5,932.0,938.0,True,,2
stage2,9057,4,1878,3.756,1643.5,2105.5,938.0,910.0,True,,3
stage2,9057,5,2333,4.666,2105.5,2558.5,910.0,902.0,True,,4
stage2,9057,6,2784,5.568,2558.5,3014.5,902.0,922.0,True,,5
stage2,9057,7,3245,6.49,3014.5,3478.0,922.0,932.0,True,,6
stage2,9057,8,3711,7.422,3478.0,3937.0,932.0,904.0,True,,7
stage2,9057,9,4163,8.326,3937.0,4398.0,904.0,940.0,True,,8
stage2,9057,10,4633,9.266,4398.0,,940.0,,False,edge_no_two_neighbors,-1
stage2,9112,0,194,0.388,,384.5,,762.0,False,edge_no_two_neighbors,-1
stage2,9112,1,575,1.15,384.5,769.5,762.0,778.0,True,,0
stage2,9112,2,964,1.928,769.5,1154.0,778.0,760.0,True,,1
stage2,9112,3,1344,2.688,1154.0,1542.0,760.0,792.0,True,,2
stage2,9112,4,1740,3.48,1542.0,1932.5,792.0,770.0,True,,3
stage2,9112,5,2125,4.25,1932.5,2320.0,770.0,780.0,True,,4
stage2,9112,6,2515,5.03,2320.0,2716.0,780.0,804.0,True,,5
stage2,9112,7,2917,5.834,2716.0,3111.5,804.0,778.0,True,,6
stage2,9112,8,3306,6.612,3111.5,3508.0,778.0,808.0,True,,7
stage2,9112,9,3710,7.42,3508.0,3914.0,808.0,816.0,True,,8
stage2,9112,10,4118,8.236,3914.0,4323.5,816.0,822.0,True,,9
stage2,9112,11,4529,9.058,4323.5,4731.5,822.0,810.0,True,,10
stage2,9112,12,4934,9.868,4731.5,,810.0,,False,edge_no_two_neighbors,-1
stage2,9285,0,327,0.654,,529.5,,810.0,False,edge_no_two_neighbors,-1
stage2,9285,1,732,1.464,529.5,929.0,810.0,788.0,True,,0
stage2,9285,2,1126,2.252,929.0,1354.5,788.0,914.0,True,,1
stage2,9285,3,1583,3.166,1354.5,1834.5,914.0,1006.0,True,,2
stage2,9285,4,2086,4.172,1834.5,2321.0,1006.0,940.0,True,,3
stage2,9285,5,2556,5.112,2321.0,2791.0,940.0,940.0,True,,4
stage2,9285,6,3026,6.052,2791.0,3261.0,940.0,940.0,True,,5
stage2,9285,7,3496,6.992,3261.0,3729.0,940.0,932.0,True,,6
stage2,9285,8,3962,7.924,3729.0,4184.0,932.0,888.0,True,,7
stage2,9285,9,4406,8.812,4184.0,4618.5,888.0,850.0,True,,8
stage2,9285,10,4831,9.662,4618.5,,850.0,,False,edge_no_two_neighbors,-1
stage2,9535,0,402,0.804,,644.0,,968.0,False,edge_no_two_neighbors,-1
stage2,9535,1,886,1.772,644.0,1134.5,968.0,994.0,True,,0
stage2,9535,2,1383,2.766,1134.5,1629.0,994.0,984.0,True,,1
stage2,9535,3,1875,3.75,1629.0,2118.0,984.0,972.0,True,,2
stage2,9535,4,2361,4.722,2118.0,2610.0,972.0,996.0,True,,3
stage2,9535,5,2859,5.718,2610.0,3108.0,996.0,996.0,True,,4
stage2,9535,6,3357,6.714,3108.0,3600.0,996.0,972.0,True,,5
stage2,9535,7,3843,7.686,3600.0,4086.0,972.0,972.0,True,,6
stage2,9535,8,4329,8.658,4086.0,4571.5,972.0,970.0,True,,7
stage2,9535,9,4814,9.628,4571.5,,970.0,,False,edge_no_two_neighbors,-1
stage2,9568,0,118,0.236,,338.0,,880.0,False,edge_no_two_neighbors,-1
stage2,9568,1,558,1.116,338.0,780.5,880.0,890.0,True,,0
stage2,9568,2,1003,2.006,780.5,1224.5,890.0,886.0,True,,1
stage2,9568,3,1446,2.892,1224.5,1662.5,886.0,866.0,True,,2
stage2,9568,4,1879,3.758,1662.5,2097.5,866.0,874.0,True,,3
stage2,9568,5,2316,4.632,2097.5,2535.0,874.0,876.0,True,,4
stage2,9568,6,2754,5.508,2535.0,2970.5,876.0,866.0,True,,5
stage2,9568,7,3187,6.374,2970.5,3407.5,866.0,882.0,True,,6
stage2,9568,8,3628,7.256,3407.5,3850.5,882.0,890.0,True,,7
stage2,9568,9,4073,8.146,3850.5,4292.0,890.0,876.0,True,,8
stage2,9568,10,4511,9.022,4292.0,4719.5,876.0,834.0,True,,9
stage2,9568,11,4928,9.856,4719.5,,834.0,,False,edge_no_two_neighbors,-1
stage2,9605,0,148,0.296,,352.0,,816.0,False,edge_no_two_neighbors,-1
stage2,9605,1,556,1.112,352.0,760.0,816.0,816.0,True,,0
stage2,9605,2,964,1.928,760.0,1163.5,816.0,798.0,True,,1
stage2,9605,3,1363,2.726,1163.5,1564.0,798.0,804.0,True,,2
stage2,9605,4,1765,3.53,1564.0,1963.5,804.0,794.0,True,,3
stage2,9605,5,2162,4.324,1963.5,2358.0,794.0,784.0,True,,4
stage2,9605,6,2554,5.108,2358.0,2752.0,784.0,792.0,True,,5
stage2,9605,7,2950,5.9,2752.0,3146.5,792.0,786.0,True,,6
stage2,9605,8,3343,6.686,3146.5,3542.0,786.0,796.0,True,,7
stage2,9605,9,3741,7.482,3542.0,3946.0,796.0,820.0,True,,8
stage2,9605,10,4151,8.302,3946.0,4358.5,820.0,830.0,True,,9
stage2,9605,11,4566,9.132,4358.5,,830.0,,False,edge_no_two_neighbors,-1
stage2,9747,0,130,0.26,,298.0,,672.0,False,edge_no_two_neighbors,-1
stage2,9747,1,466,0.932,298.0,631.5,672.0,662.0,True,,0
stage2,9747,2,797,1.594,631.5,964.5,662.0,670.0,True,,1
stage2,9747,3,1132,2.264,964.5,1300.5,670.0,674.0,True,,2
stage2,9747,4,1469,2.938,1300.5,1638.5,674.0,678.0,True,,3
stage2,9747,5,1808,3.616,1638.5,1976.5,678.0,674.0,True,,4
stage2,9747,6,2145,4.29,1976.5,2318.5,674.0,694.0,True,,5
stage2,9747,7,2492,4.984,2318.5,2669.0,694.0,708.0,True,,6
stage2,9747,8,2846,5.692,2669.0,3021.5,708.0,702.0,True,,7
stage2,9747,9,3197,6.394,3021.5,3374.0,702.0,708.0,True,,8
stage2,9747,10,3551,7.102,3374.0,3728.0,708.0,708.0,True,,9
stage2,9747,11,3905,7.81,3728.0,4080.0,708.0,700.0,True,,10
stage2,9747,12,4255,8.51,4080.0,4428.0,700.0,692.0,True,,11
stage2,9747,13,4601,9.202,4428.0,4767.5,692.0,666.0,True,,12
stage2,9747,14,4934,9.868,4767.5,,666.0,,False,edge_no_two_neighbors,-1
stage2,9782,0,27,0.054,,233.0,,824.0,False,edge_no_two_neighbors,-1
stage2,9782,1,439,0.878,233.0,653.5,824.0,858.0,True,,0
stage2,9782,2,868,1.736,653.5,1079.5,858.0,846.0,True,,1
stage2,9782,3,1291,2.582,1079.5,1505.0,846.0,856.0,True,,2
stage2,9782,4,1719,3.438,1505.0,1928.0,856.0,836.0,True,,3
stage2,9782,5,2137,4.274,1928.0,2340.5,836.0,814.0,True,,4
stage2,9782,6,2544,5.088,2340.5,2747.0,814.0,812.0,True,,5
stage2,9782,7,2950,5.9,2747.0,3158.0,812.0,832.0,True,,6
stage2,9782,8,3366,6.732,3158.0,3572.0,832.0,824.0,True,,7
stage2,9782,9,3778,7.556,3572.0,3982.5,824.0,818.0,True,,8
stage2,9782,10,4187,8.374,3982.5,4392.5,818.0,822.0,True,,9
stage2,9782,11,4598,9.196,4392.5,,822.0,,False,edge_no_two_neighbors,-1
stage2,9801,0,312,0.624,,591.0,,1116.0,False,edge_no_two_neighbors,-1
stage2,9801,1,870,1.74,591.0,1142.0,1116.0,1088.0,True,,0
stage2,9801,2,1414,2.828,1142.0,1677.0,1088.0,1052.0,True,,1
stage2,9801,3,1940,3.88,1677.0,2203.0,1052.0,1052.0,True,,2
stage2,9801,4,2466,4.932,2203.0,2732.5,1052.0,1066.0,True,,3
stage2,9801,5,2999,5.998,2732.5,3262.5,1066.0,1054.0,True,,4
stage2,9801,6,3526,7.052,3262.5,3794.0,1054.0,1072.0,True,,5
stage2,9801,7,4062,8.124,3794.0,4323.0,1072.0,1044.0,True,,6
stage2,9801,8,4584,9.168,4323.0,,1044.0,,False,edge_no_two_neighbors,-1
stage2,9805,0,416,0.832,,673.0,,1028.0,False,edge_no_two_neighbors,-1
stage2,9805,1,930,1.86,673.0,1189.0,1028.0,1036.0,True,,0
stage2,9805,2,1448,2.896,1189.0,1708.5,1036.0,1042.0,True,,1
stage2,9805,3,1969,3.938,1708.5,2222.0,1042.0,1012.0,True,,2
stage2,9805,4,2475,4.95,2222.0,2736.0,1012.0,1044.0,True,,3
stage2,9805,5,2997,5.994,2736.0,3258.0,1044.0,1044.0,True,,4
stage2,9805,6,3519,7.038,3258.0,3771.5,1044.0,1010.0,True,,5
stage2,9805,7,4024,8.048,3771.5,4277.5,1010.0,1014.0,True,,6
stage2,9805,8,4531,9.062,4277.5,,1014.0,,False,edge_no_two_neighbors,-1
stage2,9843,0,233,0.466,,534.5,,1206.0,False,edge_no_two_neighbors,-1
stage2,9843,1,836,1.672,534.5,1137.0,1206.0,1204.0,True,,0
stage2,9843,2,1438,2.876,1137.0,1732.5,1204.0,1178.0,True,,1
stage2,9843,3,2027,4.054,1732.5,2315.0,1178.0,1152.0,True,,2
stage2,9843,4,2603,5.206,2315.0,2894.5,1152.0,1166.0,True,,3
stage2,9843,5,3186,6.372,2894.5,3485.5,1166.0,1198.0,True,,4
stage2,9843,6,3785,7.57,3485.5,4084.5,1198.0,1198.0,True,,5
stage2,9843,7,4384,8.768,4084.5,,1198.0,,False,edge_no_two_neighbors,-1
stage2,9868,0,446,0.892,,686.5,,962.0,False,edge_no_two_neighbors,-1
stage2,9868,1,927,1.854,686.5,1162.0,962.0,940.0,True,,0
stage2,9868,2,1397,2.794,1162.0,1615.5,940.0,874.0,True,,1
stage2,9868,3,1834,3.668,1615.5,2042.0,874.0,832.0,True,,2
stage2,9868,4,2250,4.5,2042.0,2461.0,832.0,844.0,True,,3
stage2,9868,5,2672,5.344,2461.0,2899.5,844.0,910.0,True,,4
stage2,9868,6,3127,6.254,2899.5,3369.5,910.0,970.0,True,,5
stage2,9868,7,3612,7.224,3369.5,3864.0,970.0,1008.0,True,,6
stage2,9868,8,4116,8.232,3864.0,4343.5,1008.0,910.0,True,,7
stage2,9868,9,4571,9.142,4343.5,,910.0,,False,edge_no_two_neighbors,-1
stage2,10121,0,89,0.178,,221.5,,530.0,False,edge_no_two_neighbors,-1
stage2,10121,1,354,0.708,221.5,498.0,530.0,576.0,True,,0
stage2,10121,2,642,1.284,498.0,773.5,576.0,526.0,True,,1
stage2,10121,3,905,1.81,773.5,1047.5,526.0,570.0,True,,2
stage2,10121,4,1190,2.38,1047.5,1321.0,570.0,524.0,True,,3
stage2,10121,5,1452,2.904,1321.0,1595.5,524.0,574.0,True,,4
stage2,10121,6,1739,3.478,1595.5,1872.5,574.0,534.0,True,,5
stage2,10121,7,2006,4.012,1872.5,2151.5,534.0,582.0,True,,6
stage2,10121,8,2297,4.594,2151.5,2429.5,582.0,530.0,True,,7
stage2,10121,9,2562,5.124,2429.5,2705.5,530.0,574.0,True,,8
stage2,10121,10,2849,5.698,2705.5,2982.0,574.0,532.0,True,,9
stage2,10121,11,3115,6.23,2982.0,3261.0,532.0,584.0,True,,10
stage2,10121,12,3407,6.814,3261.0,3542.0,584.0,540.0,True,,11
stage2,10121,13,3677,7.354,3542.0,3822.0,540.0,580.0,True,,12
stage2,10121,14,3967,7.934,3822.0,4099.5,580.0,530.0,True,,13
stage2,10121,15,4232,8.464,4099.5,4379.0,530.0,588.0,True,,14
stage2,10121,16,4526,9.052,4379.0,4661.0,588.0,540.0,True,,15
stage2,10121,17,4796,9.592,4661.0,,540.0,,False,edge_no_two_neighbors,-1
stage2,10129,0,179,0.358,,467.5,,1154.0,False,edge_no_two_neighbors,-1
stage2,10129,1,756,1.512,467.5,1061.5,1154.0,1222.0,True,,0
stage2,10129,2,1367,2.734,1061.5,1656.5,1222.0,1158.0,True,,1
stage2,10129,3,1946,3.892,1656.5,2244.5,1158.0,1194.0,True,,2
stage2,10129,4,2543,5.086,2244.5,2833.0,1194.0,1160.0,True,,3
stage2,10129,5,3123,6.246,2833.0,3397.5,1160.0,1098.0,True,,4
stage2,10129,6,3672,7.344,3397.5,3960.5,1098.0,1154.0,True,,5
stage2,10129,7,4249,8.498,3960.5,4541.5,1154.0,1170.0,True,,6
stage2,10129,8,4834,9.668,4541.5,,1170.0,,False,edge_no_two_neighbors,-1
stage2,10239,0,449,0.898,,680.5,,926.0,False,edge_no_two_neighbors,-1
stage2,10239,1,912,1.824,680.5,1143.5,926.0,926.0,True,,0
stage2,10239,2,1375,2.75,1143.5,1607.5,926.0,930.0,True,,1
stage2,10239,3,1840,3.68,1607.5,2074.0,930.0,936.0,True,,2
stage2,10239,4,2308,4.616,2074.0,2531.5,936.0,894.0,True,,3
stage2,10239,5,2755,5.51,2531.5,2987.5,894.0,930.0,True,,4
stage2,10239,6,3220,6.44,2987.5,3455.5,930.0,942.0,True,,5
stage2,10239,7,3691,7.382,3455.5,3925.5,942.0,938.0,True,,6
stage2,10239,8,4160,8.32,3925.5,4383.0,938.0,892.0,True,,7
stage2,10239,9,4606,9.212,4383.0,,892.0,,False,edge_no_two_neighbors,-1
stage2,10551,0,179,0.358,,457.0,,1112.0,False,edge_no_two_neighbors,-1
stage2,10551,1,735,1.47,457.0,1015.0,1112.0,1120.0,True,,0
stage2,10551,2,1295,2.59,1015.0,1572.5,1120.0,1110.0,True,,1
stage2,10551,3,1850,3.7,1572.5,2131.5,1110.0,1126.0,True,,2
stage2,10551,4,2413,4.826,2131.5,2704.0,1126.0,1164.0,True,,3
stage2,10551,5,2995,5.99,2704.0,3283.5,1164.0,1154.0,True,,4
stage2,10551,6,3572,7.144,3283.5,3859.0,1154.0,1148.0,True,,5
stage2,10551,7,4146,8.292,3859.0,4428.0,1148.0,1128.0,True,,6
stage2,10551,8,4710,9.42,4428.0,,1128.0,,False,edge_no_two_neighbors,-1
stage2,10602,0,302,0.604,,504.5,,810.0,False,edge_no_two_neighbors,-1
stage2,10602,1,707,1.414,504.5,912.0,810.0,820.0,True,,0
stage2,10602,2,1117,2.234,912.0,1321.0,820.0,816.0,True,,1
stage2,10602,3,1525,3.05,1321.0,1727.0,816.0,808.0,True,,2
stage2,10602,4,1929,3.858,1727.0,2136.5,808.0,830.0,True,,3
stage2,10602,5,2344,4.688,2136.5,2551.5,830.0,830.0,True,,4
stage2,10602,6,2759,5.518,2551.5,2966.5,830.0,830.0,True,,5
stage2,10602,7,3174,6.348,2966.5,3381.0,830.0,828.0,True,,6
stage2,10602,8,3588,7.176,3381.0,3792.5,828.0,818.0,True,,7
stage2,10602,9,3997,7.994,3792.5,4204.5,818.0,830.0,True,,8
stage2,10602,10,4412,8.824,4204.5,4615.5,830.0,814.0,True,,9
stage2,10602,11,4819,9.638,4615.5,,814.0,,False,edge_no_two_neighbors,-1
stage2,10672,0,536,1.072,,663.5,,510.0,False,edge_no_two_neighbors,-1
stage2,10672,1,791,1.582,663.5,1169.0,510.0,1512.0,True,,0
stage2,10672,2,1547,3.094,1169.0,1686.0,1512.0,556.0,True,,1
stage2,10672,3,1825,3.65,1686.0,2193.5,556.0,1474.0,True,,2
stage2,10672,4,2562,5.124,2193.5,2695.5,1474.0,534.0,True,,3
stage2,10672,5,2829,5.658,2695.5,3197.0,534.0,1472.0,True,,4
stage2,10672,6,3565,7.13,3197.0,3699.5,1472.0,538.0,True,,5
stage2,10672,7,3834,7.668,3699.5,4198.5,538.0,1458.0,True,,6
stage2,10672,8,4563,9.126,4198.5,4698.0,1458.0,540.0,True,,7
stage2,10672,9,4833,9.666,4698.0,,540.0,,False,edge_no_two_neighbors,-1
stage2,10702,0,166,0.332,,437.5,,1086.0,False,edge_no_two_neighbors,-1
stage2,10702,1,709,1.418,437.5,982.0,1086.0,1092.0,True,,0
stage2,10702,2,1255,2.51,982.0,1520.5,1092.0,1062.0,True,,1
stage2,10702,3,1786,3.572,1520.5,2041.0,1062.0,1020.0,True,,2
stage2,10702,4,2296,4.592,2041.0,2546.0,1020.0,1000.0,True,,3
stage2,10702,5,2796,5.592,2546.0,3050.5,1000.0,1018.0,True,,4
stage2,10702,6,3305,6.61,3050.5,3568.0,1018.0,1052.0,True,,5
stage2,10702,7,3831,7.662,3568.0,4093.5,1052.0,1050.0,True,,6
stage2,10702,8,4356,8.712,4093.5,4614.0,1050.0,1032.0,True,,7
stage2,10702,9,4872,9.744,4614.0,,1032.0,,False,edge_no_two_neighbors,-1
stage2,10703,0,250,0.5,,412.0,,648.0,False,edge_no_two_neighbors,-1
stage2,10703,1,574,1.148,412.0,737.5,648.0,654.0,True,,0
stage2,10703,2,901,1.802,737.5,1062.0,654.0,644.0,True,,1
stage2,10703,3,1223,2.446,1062.0,1381.5,644.0,634.0,True,,2
stage2,10703,4,1540,3.08,1381.5,1694.5,634.0,618.0,True,,3
stage2,10703,5,1849,3.698,1694.5,2006.5,618.0,630.0,True,,4
stage2,10703,6,2164,4.328,2006.5,2320.5,630.0,626.0,True,,5
stage2,10703,7,2477,4.954,2320.5,2637.0,626.0,640.0,True,,6
stage2,10703,8,2797,5.594,2637.0,2959.0,640.0,648.0,True,,7
stage2,10703,9,3121,6.242,2959.0,3286.5,648.0,662.0,True,,8
stage2,10703,10,3452,6.904,3286.5,3620.0,662.0,672.0,True,,9
stage2,10703,11,3788,7.576,3620.0,3957.0,672.0,676.0,True,,10
stage2,10703,12,4126,8.252,3957.0,4292.0,676.0,664.0,True,,11
stage2,10703,13,4458,8.916,4292.0,4623.5,664.0,662.0,True,,12
stage2,10703,14,4789,9.578,4623.5,,662.0,,False,edge_no_two_neighbors,-1
stage2,10746,0,289,0.578,,554.0,,1060.0,False,edge_no_two_neighbors,-1
stage2,10746,1,819,1.638,554.0,1089.0,1060.0,1080.0,True,,0
stage2,10746,2,1359,2.718,1089.0,1645.5,1080.0,1146.0,True,,1
stage2,10746,3,1932,3.864,1645.5,2212.5,1146.0,1122.0,True,,2
stage2,10746,4,2493,4.986,2212.5,2778.5,1122.0,1142.0,True,,3
stage2,10746,5,3064,6.128,2778.5,3351.5,1142.0,1150.0,True,,4
stage2,10746,6,3639,7.278,3351.5,3923.0,1150.0,1136.0,True,,5
stage2,10746,7,4207,8.414,3923.0,4493.5,1136.0,1146.0,True,,6
stage2,10746,8,4780,9.56,4493.5,,1146.0,,False,edge_no_two_neighbors,-1
stage2,10811,0,66,0.132,,315.5,,998.0,False,edge_no_two_neighbors,-1
stage2,10811,1,565,1.13,315.5,816.5,998.0,1006.0,True,,0
stage2,10811,2,1068,2.136,816.5,1331.5,1006.0,1054.0,True,,1
stage2,10811,3,1595,3.19,1331.5,1857.5,1054.0,1050.0,True,,2
stage2,10811,4,2120,4.24,1857.5,2369.5,1050.0,998.0,True,,3
stage2,10811,5,2619,5.238,2369.5,2860.5,998.0,966.0,True,,4
stage2,10811,6,3102,6.204,2860.5,3342.5,966.0,962.0,True,,5
stage2,10811,7,3583,7.166,3342.5,3829.5,962.0,986.0,True,,6
stage2,10811,8,4076,8.152,3829.5,4330.0,986.0,1016.0,True,,7
stage2,10811,9,4584,9.168,4330.0,,1016.0,,False,edge_no_two_neighbors,-1
stage2,10907,0,388,0.776,,631.0,,972.0,False,edge_no_two_neighbors,-1
stage2,10907,1,874,1.748,631.0,1121.0,972.0,988.0,True,,0
stage2,10907,2,1368,2.736,1121.0,1614.5,988.0,986.0,True,,1
stage2,10907,3,1861,3.722,1614.5,2104.0,986.0,972.0,True,,2
stage2,10907,4,2347,4.694,2104.0,2592.0,972.0,980.0,True,,3
stage2,10907,5,2837,5.674,2592.0,3088.0,980.0,1004.0,True,,4
stage2,10907,6,3339,6.678,3088.0,3590.0,1004.0,1004.0,True,,5
stage2,10907,7,3841,7.682,3590.0,4089.0,1004.0,992.0,True,,6
stage2,10907,8,4337,8.674,4089.0,4583.0,992.0,984.0,True,,7
stage2,10907,9,4829,9.658,4583.0,,984.0,,False,edge_no_two_neighbors,-1
stage2,10971,0,160,0.32,,381.5,,886.0,False,edge_no_two_neighbors,-1
stage2,10971,1,603,1.206,381.5,832.0,886.0,916.0,True,,0
stage2,10971,2,1061,2.122,832.0,1290.0,916.0,916.0,True,,1
stage2,10971,3,1519,3.038,1290.0,1743.5,916.0,898.0,True,,2
stage2,10971,4,1968,3.936,1743.5,2186.5,898.0,874.0,True,,3
stage2,10971,5,2405,4.81,2186.5,2619.5,874.0,858.0,True,,4
stage2,10971,6,2834,5.668,2619.5,3046.5,858.0,850.0,True,,5
stage2,10971,7,3259,6.518,3046.5,3471.0,850.0,848.0,True,,6
stage2,10971,8,3683,7.366,3471.0,3898.0,848.0,860.0,True,,7
stage2,10971,9,4113,8.226,3898.0,4322.0,860.0,836.0,True,,8
stage2,10971,10,4531,9.062,4322.0,4732.0,836.0,804.0,True,,9
stage2,10971,11,4933,9.866,4732.0,,804.0,,False,edge_no_two_neighbors,-1
stage2,10989,0,154,0.308,,397.5,,974.0,False,edge_no_two_neighbors,-1
stage2,10989,1,641,1.282,397.5,882.0,974.0,964.0,True,,0
stage2,10989,2,1123,2.246,882.0,1355.0,964.0,928.0,True,,1
stage2,10989,3,1587,3.174,1355.0,1816.5,928.0,918.0,True,,2
stage2,10989,4,2046,4.092,1816.5,2285.5,918.0,958.0,True,,3
stage2,10989,5,2525,5.05,2285.5,2772.0,958.0,988.0,True,,4
stage2,10989,6,3019,6.038,2772.0,3267.0,988.0,992.0,True,,5
stage2,10989,7,3515,7.03,3267.0,3757.0,992.0,968.0,True,,6
stage2,10989,8,3999,7.998,3757.0,4234.5,968.0,942.0,True,,7
stage2,10989,9,4470,8.94,4234.5,4702.0,942.0,928.0,True,,8
stage2,10989,10,4934,9.868,4702.0,,928.0,,False,edge_no_two_neighbors,-1
stage2,10992,0,317,0.634,,505.0,,752.0,False,edge_no_two_neighbors,-1
stage2,10992,1,693,1.386,505.0,886.5,752.0,774.0,True,,0
stage2,10992,2,1080,2.16,886.5,1274.5,774.0,778.0,True,,1
stage2,10992,3,1469,2.938,1274.5,1664.0,778.0,780.0,True,,2
stage2,10992,4,1859,3.718,1664.0,2055.0,780.0,784.0,True,,3
stage2,10992,5,2251,4.502,2055.0,2447.5,784.0,786.0,True,,4
stage2,10992,6,2644,5.288,2447.5,2842.0,786.0,792.0,True,,5
stage2,10992,7,3040,6.08,2842.0,3236.0,792.0,784.0,True,,6
stage2,10992,8,3432,6.864,3236.0,3626.0,784.0,776.0,True,,7
stage2,10992,9,3820,7.64,3626.0,4014.0,776.0,776.0,True,,8
stage2,10992,10,4208,8.416,4014.0,4406.0,776.0,792.0,True,,9
stage2,10992,11,4604,9.208,4406.0,,792.0,,False,edge_no_two_neighbors,-1
stage2,11011,0,59,0.118,,228.0,,676.0,False,edge_no_two_neighbors,-1
stage2,11011,1,397,0.794,228.0,563.5,676.0,666.0,True,,0
stage2,11011,2,730,1.46,563.5,895.0,666.0,660.0,True,,1
stage2,11011,3,1060,2.12,895.0,1226.0,660.0,664.0,True,,2
stage2,11011,4,1392,2.784,1226.0,1555.5,664.0,654.0,True,,3
stage2,11011,5,1719,3.438,1555.5,1887.0,654.0,672.0,True,,4
stage2,11011,6,2055,4.11,1887.0,2225.0,672.0,680.0,True,,5
stage2,11011,7,2395,4.79,2225.0,2565.0,680.0,680.0,True,,6
stage2,11011,8,2735,5.47,2565.0,2905.0,680.0,680.0,True,,7
stage2,11011,9,3075,6.15,2905.0,3239.0,680.0,656.0,True,,8
stage2,11011,10,3403,6.806,3239.0,3565.5,656.0,650.0,True,,9
stage2,11011,11,3728,7.456,3565.5,3889.0,650.0,644.0,True,,10
stage2,11011,12,4050,8.1,3889.0,4210.0,644.0,640.0,True,,11
stage2,11011,13,4370,8.74,4210.0,4527.5,640.0,630.0,True,,12
stage2,11011,14,4685,9.37,4527.5,,630.0,,False,edge_no_two_neighbors,-1
stage2,11163,0,221,0.442,,414.0,,772.0,False,edge_no_two_neighbors,-1
stage2,11163,1,607,1.214,414.0,798.5,772.0,766.0,True,,0
stage2,11163,2,990,1.98,798.5,1181.5,766.0,766.0,True,,1
stage2,11163,3,1373,2.746,1181.5,1560.5,766.0,750.0,True,,2
stage2,11163,4,1748,3.496,1560.5,1934.0,750.0,744.0,True,,3
stage2,11163,5,2120,4.24,1934.0,2307.5,744.0,750.0,True,,4
stage2,11163,6,2495,4.99,2307.5,2683.5,750.0,754.0,True,,5
stage2,11163,7,2872,5.744,2683.5,3066.5,754.0,778.0,True,,6
stage2,11163,8,3261,6.522,3066.5,3456.0,778.0,780.0,True,,7
stage2,11163,9,3651,7.302,3456.0,3844.0,780.0,772.0,True,,8
stage2,11163,10,4037,8.074,3844.0,4224.5,772.0,750.0,True,,9
stage2,11163,11,4412,8.824,4224.5,4601.0,750.0,756.0,True,,10
stage2,11163,12,4790,9.58,4601.0,,756.0,,False,edge_no_two_neighbors,-1
stage2,11337,0,18,0.036,,159.0,,564.0,False,edge_no_two_neighbors,-1
stage2,11337,1,300,0.6,159.0,442.0,564.0,568.0,True,,0
stage2,11337,2,584,1.168,442.0,725.0,568.0,564.0,True,,1
stage2,11337,3,866,1.732,725.0,1006.5,564.0,562.0,True,,2
stage2,11337,4,1147,2.294,1006.5,1286.5,562.0,558.0,True,,3
stage2,11337,5,1426,2.852,1286.5,1565.5,558.0,558.0,True,,4
stage2,11337,6,1705,3.41,1565.5,1844.0,558.0,556.0,True,,5
stage2,11337,7,1983,3.966,1844.0,2118.5,556.0,542.0,True,,6
stage2,11337,8,2254,4.508,2118.5,2391.0,542.0,548.0,True,,7
stage2,11337,9,2528,5.056,2391.0,2666.0,548.0,552.0,True,,8
stage2,11337,10,2804,5.608,2666.0,2940.5,552.0,546.0,True,,9
stage2,11337,11,3077,6.154,2940.5,3211.5,546.0,538.0,True,,10
stage2,11337,12,3346,6.692,3211.5,3479.0,538.0,532.0,True,,11
stage2,11337,13,3612,7.224,3479.0,3746.0,532.0,536.0,True,,12
stage2,11337,14,3880,7.76,3746.0,4015.5,536.0,542.0,True,,13
stage2,11337,15,4151,8.302,4015.5,4286.5,542.0,542.0,True,,14
stage2,11337,16,4422,8.844,4286.5,4556.5,542.0,538.0,True,,15
stage2,11337,17,4691,9.382,4556.5,,538.0,,False,edge_no_two_neighbors,-1
stage2,11338,0,383,0.766,,667.0,,1136.0,False,edge_no_two_neighbors,-1
stage2,11338,1,951,1.902,667.0,1238.0,1136.0,1148.0,True,,0
stage2,11338,2,1525,3.05,1238.0,1794.5,1148.0,1078.0,True,,1
stage2,11338,3,2064,4.128,1794.5,2336.0,1078.0,1088.0,True,,2
stage2,11338,4,2608,5.216,2336.0,2906.5,1088.0,1194.0,True,,3
stage2,11338,5,3205,6.41,2906.5,3496.0,1194.0,1164.0,True,,4
stage2,11338,6,3787,7.574,3496.0,4066.5,1164.0,1118.0,True,,5
stage2,11338,7,4346,8.692,4066.5,4627.0,1118.0,1124.0,True,,6
stage2,11338,8,4908,9.816,4627.0,,1124.0,,False,edge_no_two_neighbors,-1
stage2,11404,0,265,0.53,,496.5,,926.0,False,edge_no_two_neighbors,-1
stage2,11404,1,728,1.456,496.5,962.0,926.0,936.0,True,,0
stage2,11404,2,1196,2.392,962.0,1428.5,936.0,930.0,True,,1
stage2,11404,3,1661,3.322,1428.5,1889.5,930.0,914.0,True,,2
stage2,11404,4,2118,4.236,1889.5,2333.5,914.0,862.0,True,,3
stage2,11404,5,2549,5.098,2333.5,2758.5,862.0,838.0,True,,4
stage2,11404,6,2968,5.936,2758.5,3186.0,838.0,872.0,True,,5
stage2,11404,7,3404,6.808,3186.0,3626.5,872.0,890.0,True,,6
stage2,11404,8,3849,7.698,3626.5,4075.0,890.0,904.0,True,,7
stage2,11404,9,4301,8.602,4075.0,4524.0,904.0,892.0,True,,8
stage2,11404,10,4747,9.494,4524.0,,892.0,,False,edge_no_two_neighbors,-1
stage2,11518,0,298,0.596,,573.5,,1102.0,False,edge_no_two_neighbors,-1
stage2,11518,1,849,1.698,573.5,1115.0,1102.0,1064.0,True,,0
stage2,11518,2,1381,2.762,1115.0,1652.5,1064.0,1086.0,True,,1
stage2,11518,3,1924,3.848,1652.5,2197.5,1086.0,1094.0,True,,2
stage2,11518,4,2471,4.942,2197.5,2740.0,1094.0,1076.0,True,,3
stage2,11518,5,3009,6.018,2740.0,3275.5,1076.0,1066.0,True,,4
stage2,11518,6,3542,7.084,3275.5,3813.0,1066.0,1084.0,True,,5
stage2,11518,7,4084,8.168,3813.0,4353.0,1084.0,1076.0,True,,6
stage2,11518,8,4622,9.244,4353.0,,1076.0,,False,edge_no_two_neighbors,-1
stage2,11526,0,404,0.808,,652.0,,992.0,False,edge_no_two_neighbors,-1
stage2,11526,1,900,1.8,652.0,1139.0,992.0,956.0,True,,0
stage2,11526,2,1378,2.756,1139.0,1617.5,956.0,958.0,True,,1
stage2,11526,3,1857,3.714,1617.5,2098.5,958.0,966.0,True,,2
stage2,11526,4,2340,4.68,2098.5,2581.5,966.0,966.0,True,,3
stage2,11526,5,2823,5.646,2581.5,3065.5,966.0,970.0,True,,4
stage2,11526,6,3308,6.616,3065.5,3551.0,970.0,972.0,True,,5
stage2,11526,7,3794,7.588,3551.0,4034.5,972.0,962.0,True,,6
stage2,11526,8,4275,8.55,4034.5,4516.5,962.0,966.0,True,,7
stage2,11526,9,4758,9.516,4516.5,,966.0,,False,edge_no_two_neighbors,-1
stage2,11598,0,250,0.5,,529.5,,1118.0,False,edge_no_two_neighbors,-1
stage2,11598,1,809,1.618,529.5,1102.5,1118.0,1174.0,True,,0
stage2,11598,2,1396,2.792,1102.5,1665.0,1174.0,1076.0,True,,1
stage2,11598,3,1934,3.868,1665.0,2213.5,1076.0,1118.0,True,,2
stage2,11598,4,2493,4.986,2213.5,2798.5,1118.0,1222.0,True,,3
stage2,11598,5,3104,6.208,2798.5,3400.0,1222.0,1184.0,True,,4
stage2,11598,6,3696,7.392,3400.0,3978.5,1184.0,1130.0,True,,5
stage2,11598,7,4261,8.522,3978.5,4562.5,1130.0,1206.0,True,,6
stage2,11598,8,4864,9.728,4562.5,,1206.0,,False,edge_no_two_neighbors,-1
stage2,11707,0,199,0.398,,465.5,,1066.0,False,edge_no_two_neighbors,-1
stage2,11707,1,732,1.464,465.5,971.0,1066.0,956.0,True,,0
stage2,11707,2,1210,2.42,971.0,1478.0,956.0,1072.0,True,,1
stage2,11707,3,1746,3.492,1478.0,2006.0,1072.0,1040.0,True,,2
stage2,11707,4,2266,4.532,2006.0,2508.0,1040.0,968.0,True,,3
stage2,11707,5,2750,5.5,2508.0,3031.0,968.0,1124.0,True,,4
stage2,11707,6,3312,6.624,3031.0,3562.5,1124.0,1002.0,True,,5
stage2,11707,7,3813,7.626,3562.5,4068.0,1002.0,1020.0,True,,6
stage2,11707,8,4323,8.646,4068.0,4587.5,1020.0,1058.0,True,,7
stage2,11707,9,4852,9.704,4587.5,,1058.0,,False,edge_no_two_neighbors,-1
stage2,11906,0,93,0.186,,287.0,,776.0,False,edge_no_two_neighbors,-1
stage2,11906,1,481,0.962,287.0,672.5,776.0,766.0,True,,0
stage2,11906,2,864,1.728,672.5,1056.5,766.0,770.0,True,,1
stage2,11906,3,1249,2.498,1056.5,1436.0,770.0,748.0,True,,2
stage2,11906,4,1623,3.246,1436.0,1808.0,748.0,740.0,True,,3
stage2,11906,5,1993,3.986,1808.0,2181.0,740.0,752.0,True,,4
stage2,11906,6,2369,4.738,2181.0,2571.5,752.0,810.0,True,,5
stage2,11906,7,2774,5.548,2571.5,2971.0,810.0,788.0,True,,6
stage2,11906,8,3168,6.336,2971.0,3368.0,788.0,800.0,True,,7
stage2,11906,9,3568,7.136,3368.0,3763.0,800.0,780.0,True,,8
stage2,11906,10,3958,7.916,3763.0,4153.0,780.0,780.0,True,,9
stage2,11906,11,4348,8.696,4153.0,4545.5,780.0,790.0,True,,10
stage2,11906,12,4743,9.486,4545.5,,790.0,,False,edge_no_two_neighbors,-1
stage2,11920,0,104,0.208,,331.0,,908.0,False,edge_no_two_neighbors,-1
stage2,11920,1,558,1.116,331.0,785.5,908.0,910.0,True,,0
stage2,11920,2,1013,2.026,785.5,1240.5,910.0,910.0,True,,1
stage2,11920,3,1468,2.936,1240.5,1694.0,910.0,904.0,True,,2
stage2,11920,4,1920,3.84,1694.0,2145.0,904.0,900.0,True,,3
stage2,11920,5,2370,4.74,2145.0,2601.5,900.0,926.0,True,,4
stage2,11920,6,2833,5.666,2601.5,3059.0,926.0,904.0,True,,5
stage2,11920,7,3285,6.57,3059.0,3511.0,904.0,904.0,True,,6
stage2,11920,8,3737,7.474,3511.0,3965.0,904.0,912.0,True,,7
stage2,11920,9,4193,8.386,3965.0,4419.0,912.0,904.0,True,,8
stage2,11920,10,4645,9.29,4419.0,,904.0,,False,edge_no_two_neighbors,-1
stage2,11924,0,56,0.112,,268.0,,848.0,False,edge_no_two_neighbors,-1
stage2,11924,1,480,0.96,268.0,754.0,848.0,1096.0,True,,0
stage2,11924,2,1028,2.056,754.0,1296.0,1096.0,1072.0,True,,1
stage2,11924,3,1564,3.128,1296.0,1811.0,1072.0,988.0,True,,2
stage2,11924,4,2058,4.116,1811.0,2291.0,988.0,932.0,True,,3
stage2,11924,5,2524,5.048,2291.0,2765.0,932.0,964.0,True,,4
stage2,11924,6,3006,6.012,2765.0,3261.0,964.0,1020.0,True,,5
stage2,11924,7,3516,7.032,3261.0,3788.5,1020.0,1090.0,True,,6
stage2,11924,8,4061,8.122,3788.5,4333.0,1090.0,1088.0,True,,7
stage2,11924,9,4605,9.21,4333.0,,1088.0,,False,edge_no_two_neighbors,-1
stage2,11961,0,244,0.488,,429.0,,740.0,False,edge_no_two_neighbors,-1
stage2,11961,1,614,1.228,429.0,803.0,740.0,756.0,True,,0
stage2,11961,2,992,1.984,803.0,1177.0,756.0,740.0,True,,1
stage2,11961,3,1362,2.724,1177.0,1546.5,740.0,738.0,True,,2
stage2,11961,4,1731,3.462,1546.5,1920.5,738.0,758.0,True,,3
stage2,11961,5,2110,4.22,1920.5,2296.5,758.0,746.0,True,,4
stage2,11961,6,2483,4.966,2296.5,2667.0,746.0,736.0,True,,5
stage2,11961,7,2851,5.702,2667.0,3034.0,736.0,732.0,True,,6
stage2,11961,8,3217,6.434,3034.0,3393.5,732.0,706.0,True,,7
stage2,11961,9,3570,7.14,3393.5,3744.0,706.0,696.0,True,,8
stage2,11961,10,3918,7.836,3744.0,4094.5,696.0,706.0,True,,9
stage2,11961,11,4271,8.542,4094.5,4438.0,706.0,668.0,True,,10
stage2,11961,12,4605,9.21,4438.0,4766.5,668.0,646.0,True,,11
stage2,11961,13,4928,9.856,4766.5,,646.0,,False,edge_no_two_neighbors,-1
stage2,12064,0,43,0.086,,253.5,,842.0,False,edge_no_two_neighbors,-1
stage2,12064,1,464,0.928,253.5,680.5,842.0,866.0,True,,0
stage2,12064,2,897,1.794,680.5,1110.5,866.0,854.0,True,,1
stage2,12064,3,1324,2.648,1110.5,1539.5,854.0,862.0,True,,2
stage2,12064,4,1755,3.51,1539.5,1977.5,862.0,890.0,True,,3
stage2,12064,5,2200,4.4,1977.5,2418.5,890.0,874.0,True,,4
stage2,12064,6,2637,5.274,2418.5,2853.0,874.0,864.0,True,,5
stage2,12064,7,3069,6.138,2853.0,3281.0,864.0,848.0,True,,6
stage2,12064,8,3493,6.986,3281.0,3701.5,848.0,834.0,True,,7
stage2,12064,9,3910,7.82,3701.5,4126.0,834.0,864.0,True,,8
stage2,12064,10,4342,8.684,4126.0,4554.0,864.0,848.0,True,,9
stage2,12064,11,4766,9.532,4554.0,,848.0,,False,edge_no_two_neighbors,-1
stage2,12087,0,312,0.624,,518.5,,826.0,False,edge_no_two_neighbors,-1
stage2,12087,1,725,1.45,518.5,933.5,826.0,834.0,True,,0
stage2,12087,2,1142,2.284,933.5,1350.5,834.0,834.0,True,,1
stage2,12087,3,1559,3.118,1350.5,1767.5,834.0,834.0,True,,2
stage2,12087,4,1976,3.952,1767.5,2184.0,834.0,832.0,True,,3
stage2,12087,5,2392,4.784,2184.0,2601.5,832.0,838.0,True,,4
stage2,12087,6,2811,5.622,2601.5,3021.0,838.0,840.0,True,,5
stage2,12087,7,3231,6.462,3021.0,3441.0,840.0,840.0,True,,6
stage2,12087,8,3651,7.302,3441.0,3861.5,840.0,842.0,True,,7
stage2,12087,9,4072,8.144,3861.5,4279.5,842.0,830.0,True,,8
stage2,12087,10,4487,8.974,4279.5,4695.0,830.0,832.0,True,,9
stage2,12087,11,4903,9.806,4695.0,,832.0,,False,edge_no_two_neighbors,-1
stage2,12118,0,364,0.728,,655.0,,1164.0,False,edge_no_two_neighbors,-1
stage2,12118,1,946,1.892,655.0,1234.5,1164.0,1154.0,True,,0
stage2,12118,2,1523,3.046,1234.5,1799.5,1154.0,1106.0,True,,1
stage2,12118,3,2076,4.152,1799.5,2361.0,1106.0,1140.0,True,,2
stage2,12118,4,2646,5.292,2361.0,2932.0,1140.0,1144.0,True,,3
stage2,12118,5,3218,6.436,2932.0,3499.5,1144.0,1126.0,True,,4
stage2,12118,6,3781,7.562,3499.5,4052.5,1126.0,1086.0,True,,5
stage2,12118,7,4324,8.648,4052.5,4614.0,1086.0,1160.0,True,,6
stage2,12118,8,4904,9.808,4614.0,,1160.0,,False,edge_no_two_neighbors,-1
stage2,12255,0,31,0.062,,374.0,,1372.0,False,edge_no_two_neighbors,-1
stage2,12255,1,717,1.434,374.0,1079.5,1372.0,1450.0,True,,0
stage2,12255,2,1442,2.884,1079.5,1800.0,1450.0,1432.0,True,,1
stage2,12255,3,2158,4.316,1800.0,2488.5,1432.0,1322.0,True,,2
stage2,12255,4,2819,5.638,2488.5,3171.0,1322.0,1408.0,True,,3
stage2,12255,5,3523,7.046,3171.0,3891.0,1408.0,1472.0,True,,4
stage2,12255,6,4259,8.518,3891.0,4597.5,1472.0,1354.0,True,,5
stage2,12255,7,4936,9.872,4597.5,,1354.0,,False,edge_no_two_neighbors,-1
stage2,12320,0,39,0.078,,259.5,,882.0,False,edge_no_two_neighbors,-1
stage2,12320,1,480,0.96,259.5,706.5,882.0,906.0,True,,0
stage2,12320,2,933,1.866,706.5,1159.5,906.0,906.0,True,,1
stage2,12320,3,1386,2.772,1159.5,1608.5,906.0,890.0,True,,2
stage2,12320,4,1831,3.662,1608.5,2051.5,890.0,882.0,True,,3
stage2,12320,5,2272,4.544,2051.5,2477.0,882.0,820.0,True,,4
stage2,12320,6,2682,5.364,2477.0,2872.0,820.0,760.0,True,,5
stage2,12320,7,3062,6.124,2872.0,3256.0,760.0,776.0,True,,6
stage2,12320,8,3450,6.9,3256.0,3662.0,776.0,848.0,True,,7
stage2,12320,9,3874,7.748,3662.0,4114.0,848.0,960.0,True,,8
stage2,12320,10,4354,8.708,4114.0,4601.0,960.0,988.0,True,,9
stage2,12320,11,4848,9.696,4601.0,,988.0,,False,edge_no_two_neighbors,-1
stage2,12379,0,20,0.04,,285.5,,1062.0,False,edge_no_two_neighbors,-1
stage2,12379,1,551,1.102,285.5,809.5,1062.0,1034.0,True,,0
stage2,12379,2,1068,2.136,809.5,1344.5,1034.0,1106.0,True,,1
stage2,12379,3,1621,3.242,1344.5,1895.5,1106.0,1098.0,True,,2
stage2,12379,4,2170,4.34,1895.5,2430.5,1098.0,1042.0,True,,3
stage2,12379,5,2691,5.382,2430.5,2938.0,1042.0,988.0,True,,4
stage2,12379,6,3185,6.37,2938.0,3448.5,988.0,1054.0,True,,5
stage2,12379,7,3712,7.424,3448.5,3973.0,1054.0,1044.0,True,,6
stage2,12379,8,4234,8.468,3973.0,4510.5,1044.0,1106.0,True,,7
stage2,12379,9,4787,9.574,4510.5,,1106.0,,False,edge_no_two_neighbors,-1
stage2,12434,0,377,0.754,,593.0,,864.0,False,edge_no_two_neighbors,-1
stage2,12434,1,809,1.618,593.0,1026.5,864.0,870.0,True,,0
stage2,12434,2,1244,2.488,1026.5,1458.5,870.0,858.0,True,,1
stage2,12434,3,1673,3.346,1458.5,1886.0,858.0,852.0,True,,2
stage2,12434,4,2099,4.198,1886.0,2311.0,852.0,848.0,True,,3
stage2,12434,5,2523,5.046,2311.0,2739.0,848.0,864.0,True,,4
stage2,12434,6,2955,5.91,2739.0,3170.5,864.0,862.0,True,,5
stage2,12434,7,3386,6.772,3170.5,3600.5,862.0,858.0,True,,6
stage2,12434,8,3815,7.63,3600.5,4028.5,858.0,854.0,True,,7
stage2,12434,9,4242,8.484,4028.5,4459.5,854.0,870.0,True,,8
stage2,12434,10,4677,9.354,4459.5,,870.0,,False,edge_no_two_neighbors,-1
stage2,12628,0,406,0.812,,632.0,,904.0,False,edge_no_two_neighbors,-1
stage2,12628,1,858,1.716,632.0,1121.5,904.0,1054.0,True,,0
stage2,12628,2,1385,2.77,1121.5,1614.5,1054.0,918.0,True,,1
stage2,12628,3,1844,3.688,1614.5,2075.0,918.0,924.0,True,,2
stage2,12628,4,2306,4.612,2075.0,2547.0,924.0,964.0,True,,3
stage2,12628,5,2788,5.576,2547.0,3023.0,964.0,940.0,True,,4
stage2,12628,6,3258,6.516,3023.0,3496.5,940.0,954.0,True,,5
stage2,12628,7,3735,7.47,3496.5,3993.5,954.0,1034.0,True,,6
stage2,12628,8,4252,8.504,3993.5,4494.0,1034.0,968.0,True,,7
stage2,12628,9,4736,9.472,4494.0,,968.0,,False,edge_no_two_neighbors,-1
stage2,12663,0,152,0.304,,367.0,,860.0,False,edge_no_two_neighbors,-1
stage2,12663,1,582,1.164,367.0,779.5,860.0,790.0,True,,0
stage2,12663,2,977,1.954,779.5,1186.5,790.0,838.0,True,,1
stage2,12663,3,1396,2.792,1186.5,1617.5,838.0,886.0,True,,2
stage2,12663,4,1839,3.678,1617.5,2067.5,886.0,914.0,True,,3
stage2,12663,5,2296,4.592,2067.5,2545.0,914.0,996.0,True,,4
stage2,12663,6,2794,5.588,2545.0,3021.5,996.0,910.0,True,,5
stage2,12663,7,3249,6.498,3021.5,3447.0,910.0,792.0,True,,6
stage2,12663,8,3645,7.29,3447.0,3889.0,792.0,976.0,True,,7
stage2,12663,9,4133,8.266,3889.0,4384.0,976.0,1004.0,True,,8
stage2,12663,10,4635,9.27,4384.0,,1004.0,,False,edge_no_two_neighbors,-1
stage2,12706,0,362,0.724,,591.0,,916.0,False,edge_no_two_neighbors,-1
stage2,12706,1,820,1.64,591.0,1044.5,916.0,898.0,True,,0
stage2,12706,2,1269,2.538,1044.5,1496.0,898.0,908.0,True,,1
stage2,12706,3,1723,3.446,1496.0,1939.0,908.0,864.0,True,,2
stage2,12706,4,2155,4.31,1939.0,2373.5,864.0,874.0,True,,3
stage2,12706,5,2592,5.184,2373.5,2827.5,874.0,942.0,True,,4
stage2,12706,6,3063,6.126,2827.5,3290.5,942.0,910.0,True,,5
stage2,12706,7,3518,7.036,3290.5,3737.0,910.0,876.0,True,,6
stage2,12706,8,3956,7.912,3737.0,4182.0,876.0,904.0,True,,7
stage2,12706,9,4408,8.816,4182.0,4637.0,904.0,916.0,True,,8
stage2,12706,10,4866,9.732,4637.0,,916.0,,False,edge_no_two_neighbors,-1
stage2,12736,0,157,0.314,,337.5,,722.0,False,edge_no_two_neighbors,-1
stage2,12736,1,518,1.036,337.5,708.0,722.0,760.0,True,,0
stage2,12736,2,898,1.796,708.0,1092.0,760.0,776.0,True,,1
stage2,12736,3,1286,2.572,1092.0,1482.5,776.0,786.0,True,,2
stage2,12736,4,1679,3.358,1482.5,1872.0,786.0,772.0,True,,3
stage2,12736,5,2065,4.13,1872.0,2262.5,772.0,790.0,True,,4
stage2,12736,6,2460,4.92,2262.5,2662.0,790.0,808.0,True,,5
stage2,12736,7,2864,5.728,2662.0,3059.0,808.0,780.0,True,,6
stage2,12736,8,3254,6.508,3059.0,3439.5,780.0,742.0,True,,7
stage2,12736,9,3625,7.25,3439.5,3817.0,742.0,768.0,True,,8
stage2,12736,10,4009,8.018,3817.0,4205.0,768.0,784.0,True,,9
stage2,12736,11,4401,8.802,4205.0,4598.5,784.0,790.0,True,,10
stage2,12736,12,4796,9.592,4598.5,,790.0,,False,edge_no_two_neighbors,-1
stage2,12781,0,18,0.036,,252.0,,936.0,False,edge_no_two_neighbors,-1
stage2,12781,1,486,0.972,252.0,708.0,936.0,888.0,True,,0
stage2,12781,2,930,1.86,708.0,1209.0,888.0,1116.0,True,,1
stage2,12781,3,1488,2.976,1209.0,1742.0,1116.0,1016.0,True,,2
stage2,12781,4,1996,3.992,1742.0,2257.0,1016.0,1044.0,True,,3
stage2,12781,5,2518,5.036,2257.0,2777.0,1044.0,1036.0,True,,4
stage2,12781,6,3036,6.072,2777.0,3290.0,1036.0,1016.0,True,,5
stage2,12781,7,3544,7.088,3290.0,3801.0,1016.0,1028.0,True,,6
stage2,12781,8,4058,8.116,3801.0,4311.5,1028.0,1014.0,True,,7
stage2,12781,9,4565,9.13,4311.5,,1014.0,,False,edge_no_two_neighbors,-1
stage2,12840,0,269,0.538,,521.0,,1008.0,False,edge_no_two_neighbors,-1
stage2,12840,1,773,1.546,521.0,1046.0,1008.0,1092.0,True,,0
stage2,12840,2,1319,2.638,1046.0,1569.5,1092.0,1002.0,True,,1
stage2,12840,3,1820,3.64,1569.5,2074.5,1002.0,1018.0,True,,2
stage2,12840,4,2329,4.658,2074.5,2572.0,1018.0,972.0,True,,3
stage2,12840,5,2815,5.63,2572.0,3070.5,972.0,1022.0,True,,4
stage2,12840,6,3326,6.652,3070.5,3601.0,1022.0,1100.0,True,,5
stage2,12840,7,3876,7.752,3601.0,4130.5,1100.0,1018.0,True,,6
stage2,12840,8,4385,8.77,4130.5,4645.0,1018.0,1040.0,True,,7
stage2,12840,9,4905,9.81,4645.0,,1040.0,,False,edge_no_two_neighbors,-1
stage2,12845,0,254,0.508,,454.5,,802.0,False,edge_no_two_neighbors,-1
stage2,12845,1,655,1.31,454.5,872.0,802.0,868.0,True,,0
stage2,12845,2,1089,2.178,872.0,1310.5,868.0,886.0,True,,1
stage2,12845,3,1532,3.064,1310.5,1751.0,886.0,876.0,True,,2
stage2,12845,4,1970,3.94,1751.0,2170.5,876.0,802.0,True,,3
stage2,12845,5,2371,4.742,2170.5,2576.0,802.0,820.0,True,,4
stage2,12845,6,2781,5.562,2576.0,2996.0,820.0,860.0,True,,5
stage2,12845,7,3211,6.422,2996.0,3430.5,860.0,878.0,True,,6
stage2,12845,8,3650,7.3,3430.5,3865.0,878.0,860.0,True,,7
stage2,12845,9,4080,8.16,3865.0,4288.0,860.0,832.0,True,,8
stage2,12845,10,4496,8.992,4288.0,4711.5,832.0,862.0,True,,9
stage2,12845,11,4927,9.854,4711.5,,862.0,,False,edge_no_two_neighbors,-1
stage2,12884,0,178,0.356,,418.5,,962.0,False,edge_no_two_neighbors,-1
stage2,12884,1,659,1.318,418.5,903.0,962.0,976.0,True,,0
stage2,12884,2,1147,2.294,903.0,1391.5,976.0,978.0,True,,1
stage2,12884,3,1636,3.272,1391.5,1876.5,978.0,962.0,True,,2
stage2,12884,4,2117,4.234,1876.5,2361.5,962.0,978.0,True,,3
stage2,12884,5,2606,5.212,2361.5,2847.0,978.0,964.0,True,,4
stage2,12884,6,3088,6.176,2847.0,3328.0,964.0,960.0,True,,5
stage2,12884,7,3568,7.136,3328.0,3803.0,960.0,940.0,True,,6
stage2,12884,8,4038,8.076,3803.0,4275.0,940.0,948.0,True,,7
stage2,12884,9,4512,9.024,4275.0,,948.0,,False,edge_no_two_neighbors,-1
stage2,12887,0,217,0.434,,394.0,,708.0,False,edge_no_two_neighbors,-1
stage2,12887,1,571,1.142,394.0,749.5,708.0,714.0,True,,0
stage2,12887,2,928,1.856,749.5,1114.5,714.0,746.0,True,,1
stage2,12887,3,1301,2.602,1114.5,1493.0,746.0,768.0,True,,2
stage2,12887,4,1685,3.37,1493.0,1869.5,768.0,738.0,True,,3
stage2,12887,5,2054,4.108,1869.5,2238.0,738.0,736.0,True,,4
stage2,12887,6,2422,4.844,2238.0,2613.5,736.0,766.0,True,,5
stage2,12887,7,2805,5.61,2613.5,2996.5,766.0,766.0,True,,6
stage2,12887,8,3188,6.376,2996.5,3367.5,766.0,718.0,True,,7
stage2,12887,9,3547,7.094,3367.5,3723.0,718.0,704.0,True,,8
stage2,12887,10,3899,7.798,3723.0,4073.0,704.0,696.0,True,,9
stage2,12887,11,4247,8.494,4073.0,4423.5,696.0,706.0,True,,10
stage2,12887,12,4600,9.2,4423.5,4768.0,706.0,672.0,True,,11
stage2,12887,13,4936,9.872,4768.0,,672.0,,False,edge_no_two_neighbors,-1
stage2,12904,0,231,0.462,,361.5,,522.0,False,edge_no_two_neighbors,-1
stage2,12904,1,492,0.984,361.5,623.5,522.0,526.0,True,,0
stage2,12904,2,755,1.51,623.5,887.0,526.0,528.0,True,,1
stage2,12904,3,1019,2.038,887.0,1151.5,528.0,530.0,True,,2
stage2,12904,4,1284,2.568,1151.5,1417.5,530.0,534.0,True,,3
stage2,12904,5,1551,3.102,1417.5,1685.0,534.0,536.0,True,,4
stage2,12904,6,1819,3.638,1685.0,1953.0,536.0,536.0,True,,5
stage2,12904,7,2087,4.174,1953.0,2221.0,536.0,536.0,True,,6
stage2,12904,8,2355,4.71,2221.0,2489.0,536.0,536.0,True,,7
stage2,12904,9,2623,5.246,2489.0,2757.5,536.0,538.0,True,,8
stage2,12904,10,2892,5.784,2757.5,3026.5,538.0,538.0,True,,9
stage2,12904,11,3161,6.322,3026.5,3294.5,538.0,534.0,True,,10
stage2,12904,12,3428,6.856,3294.5,3561.0,534.0,532.0,True,,11
stage2,12904,13,3694,7.388,3561.0,3826.5,532.0,530.0,True,,12
stage2,12904,14,3959,7.918,3826.5,4091.5,530.0,530.0,True,,13
stage2,12904,15,4224,8.448,4091.5,4356.0,530.0,528.0,True,,14
stage2,12904,16,4488,8.976,4356.0,4620.5,528.0,530.0,True,,15
stage2,12904,17,4753,9.506,4620.5,,530.0,,False,edge_no_two_neighbors,-1
stage2,12954,0,182,0.364,,393.5,,846.0,False,edge_no_two_neighbors,-1
stage2,12954,1,605,1.21,393.5,819.0,846.0,856.0,True,,0
stage2,12954,2,1033,2.066,819.0,1238.0,856.0,820.0,True,,1
stage2,12954,3,1443,2.886,1238.0,1644.5,820.0,806.0,True,,2
stage2,12954,4,1846,3.692,1644.5,2054.0,806.0,832.0,True,,3
stage2,12954,5,2262,4.524,2054.0,2472.5,832.0,842.0,True,,4
stage2,12954,6,2683,5.366,2472.5,2896.0,842.0,852.0,True,,5
stage2,12954,7,3109,6.218,2896.0,3316.5,852.0,830.0,True,,6
stage2,12954,8,3524,7.048,3316.5,3728.0,830.0,816.0,True,,7
stage2,12954,9,3932,7.864,3728.0,4143.0,816.0,844.0,True,,8
stage2,12954,10,4354,8.708,4143.0,4568.5,844.0,858.0,True,,9
stage2,12954,11,4783,9.566,4568.5,,858.0,,False,edge_no_two_neighbors,-1
stage2,12970,0,281,0.562,,444.0,,652.0,False,edge_no_two_neighbors,-1
stage2,12970,1,607,1.214,444.0,770.5,652.0,654.0,True,,0
stage2,12970,2,934,1.868,770.5,1095.5,654.0,646.0,True,,1
stage2,12970,3,1257,2.514,1095.5,1418.5,646.0,646.0,True,,2
stage2,12970,4,1580,3.16,1418.5,1741.5,646.0,646.0,True,,3
stage2,12970,5,1903,3.806,1741.5,2064.0,646.0,644.0,True,,4
stage2,12970,6,2225,4.45,2064.0,2385.5,644.0,642.0,True,,5
stage2,12970,7,2546,5.092,2385.5,2709.5,642.0,654.0,True,,6
stage2,12970,8,2873,5.746,2709.5,3038.0,654.0,660.0,True,,7
stage2,12970,9,3203,6.406,3038.0,3366.0,660.0,652.0,True,,8
stage2,12970,10,3529,7.058,3366.0,3693.0,652.0,656.0,True,,9
stage2,12970,11,3857,7.714,3693.0,4022.0,656.0,660.0,True,,10
stage2,12970,12,4187,8.374,4022.0,4351.0,660.0,656.0,True,,11
stage2,12970,13,4515,9.03,4351.0,4678.5,656.0,654.0,True,,12
stage2,12970,14,4842,9.684,4678.5,,654.0,,False,edge_no_two_neighbors,-1
stage2,13074,0,397,0.794,,637.0,,960.0,False,edge_no_two_neighbors,-1
stage2,13074,1,877,1.754,637.0,1129.5,960.0,1010.0,True,,0
stage2,13074,2,1382,2.764,1129.5,1634.5,1010.0,1010.0,True,,1
stage2,13074,3,1887,3.774,1634.5,2126.0,1010.0,956.0,True,,2
stage2,13074,4,2365,4.73,2126.0,2593.0,956.0,912.0,True,,3
stage2,13074,5,2821,5.642,2593.0,3069.0,912.0,992.0,True,,4
stage2,13074,6,3317,6.634,3069.0,3580.0,992.0,1052.0,True,,5
stage2,13074,7,3843,7.686,3580.0,4098.5,1052.0,1022.0,True,,6
stage2,13074,8,4354,8.708,4098.5,4588.5,1022.0,938.0,True,,7
stage2,13074,9,4823,9.646,4588.5,,938.0,,False,edge_no_two_neighbors,-1
stage2,13651,0,135,0.27,,253.5,,474.0,False,edge_no_two_neighbors,-1
stage2,13651,1,372,0.744,253.5,635.0,474.0,1052.0,True,,0
stage2,13651,2,898,1.796,635.0,1203.0,1052.0,1220.0,True,,1
stage2,13651,3,1508,3.016,1203.0,1788.0,1220.0,1120.0,True,,2
stage2,13651,4,2068,4.136,1788.0,2342.0,1120.0,1096.0,True,,3
stage2,13651,5,2616,5.232,2342.0,2883.5,1096.0,1070.0,True,,4
stage2,13651,6,3151,6.302,2883.5,3273.5,1070.0,490.0,True,,5
stage2,13651,7,3396,6.792,3273.5,3655.5,490.0,1038.0,True,,6
stage2,13651,8,3915,7.83,3655.5,4206.5,1038.0,1166.0,True,,7
stage2,13651,9,4498,8.996,4206.5,,1166.0,,False,edge_no_two_neighbors,-1
stage2,13661,0,27,0.054,,175.5,,594.0,False,edge_no_two_neighbors,-1
stage2,13661,1,324,0.648,175.5,473.5,594.0,598.0,True,,0
stage2,13661,2,623,1.246,473.5,773.0,598.0,600.0,True,,1
stage2,13661,3,923,1.846,773.0,1072.5,600.0,598.0,True,,2
stage2,13661,4,1222,2.444,1072.5,1371.5,598.0,598.0,True,,3
stage2,13661,5,1521,3.042,1371.5,1670.5,598.0,598.0,True,,4
stage2,13661,6,1820,3.64,1670.5,1970.5,598.0,602.0,True,,5
stage2,13661,7,2121,4.242,1970.5,2271.0,602.0,600.0,True,,6
stage2,13661,8,2421,4.842,2271.0,2572.5,600.0,606.0,True,,7
stage2,13661,9,2724,5.448,2572.5,2876.0,606.0,608.0,True,,8
stage2,13661,10,3028,6.056,2876.0,3181.5,608.0,614.0,True,,9
stage2,13661,11,3335,6.67,3181.5,3490.0,614.0,620.0,True,,10
stage2,13661,12,3645,7.29,3490.0,3800.5,620.0,622.0,True,,11
stage2,13661,13,3956,7.912,3800.5,4113.0,622.0,628.0,True,,12
stage2,13661,14,4270,8.54,4113.0,4431.0,628.0,644.0,True,,13
stage2,13661,15,4592,9.184,4431.0,4753.0,644.0,644.0,True,,14
stage2,13661,16,4914,9.828,4753.0,,644.0,,False,edge_no_two_neighbors,-1
stage2,13837,0,123,0.246,,333.5,,842.0,False,edge_no_two_neighbors,-1
stage2,13837,1,544,1.088,333.5,751.0,842.0,828.0,True,,0
stage2,13837,2,958,1.916,751.0,1161.5,828.0,814.0,True,,1
stage2,13837,3,1365,2.73,1161.5,1579.0,814.0,856.0,True,,2
stage2,13837,4,1793,3.586,1579.0,1997.5,856.0,818.0,True,,3
stage2,13837,5,2202,4.404,1997.5,2399.5,818.0,790.0,True,,4
stage2,13837,6,2597,5.194,2399.5,2793.0,790.0,784.0,True,,5
stage2,13837,7,2989,5.978,2793.0,3190.5,784.0,806.0,True,,6
stage2,13837,8,3392,6.784,3190.5,3590.5,806.0,794.0,True,,7
stage2,13837,9,3789,7.578,3590.5,3987.5,794.0,794.0,True,,8
stage2,13837,10,4186,8.372,3987.5,4396.0,794.0,840.0,True,,9
stage2,13837,11,4606,9.212,4396.0,,840.0,,False,edge_no_two_neighbors,-1
stage2,13919,0,242,0.484,,543.5,,1206.0,False,edge_no_two_neighbors,-1
stage2,13919,1,845,1.69,543.5,1160.5,1206.0,1262.0,True,,0
stage2,13919,2,1476,2.952,1160.5,1781.5,1262.0,1222.0,True,,1
stage2,13919,3,2087,4.174,1781.5,2393.5,1222.0,1226.0,True,,2
stage2,13919,4,2700,5.4,2393.5,3016.0,1226.0,1264.0,True,,3
stage2,13919,5,3332,6.664,3016.0,3626.0,1264.0,1176.0,True,,4
stage2,13919,6,3920,7.84,3626.0,4230.0,1176.0,1240.0,True,,5
stage2,13919,7,4540,9.08,4230.0,,1240.0,,False,edge_no_two_neighbors,-1
stage2,14295,0,344,0.688,,573.5,,918.0,False,edge_no_two_neighbors,-1
stage2,14295,1,803,1.606,573.5,958.5,918.0,622.0,True,,0
stage2,14295,2,1114,2.228,958.5,1388.5,622.0,1098.0,True,,1
stage2,14295,3,1663,3.326,1388.5,1892.5,1098.0,918.0,True,,2
stage2,14295,4,2122,4.244,1892.5,2353.0,918.0,924.0,True,,3
stage2,14295,5,2584,5.168,2353.0,2817.0,924.0,932.0,True,,4
stage2,14295,6,3050,6.1,2817.0,3263.0,932.0,852.0,True,,5
stage2,14295,7,3476,6.952,3263.0,3720.0,852.0,976.0,True,,6
stage2,14295,8,3964,7.928,3720.0,4191.5,976.0,910.0,True,,7
stage2,14295,9,4419,8.838,4191.5,4648.5,910.0,918.0,True,,8
stage2,14295,10,4878,9.756,4648.5,,918.0,,False,edge_no_two_neighbors,-1
stage2,14351,0,104,0.208,,304.0,,800.0,False,edge_no_two_neighbors,-1
stage2,14351,1,504,1.008,304.0,808.5,800.0,1218.0,True,,0
stage2,14351,2,1113,2.226,808.5,1329.0,1218.0,864.0,True,,1
stage2,14351,3,1545,3.09,1329.0,1811.0,864.0,1064.0,True,,2
stage2,14351,4,2077,4.154,1811.0,2305.5,1064.0,914.0,True,,3
stage2,14351,5,2534,5.068,2305.5,2696.5,914.0,650.0,True,,4
stage2,14351,6,2859,5.718,2696.5,3083.0,650.0,896.0,True,,5
stage2,14351,7,3307,6.614,3083.0,3537.5,896.0,922.0,True,,6
stage2,14351,8,3768,7.536,3537.5,4108.0,922.0,1360.0,True,,7
stage2,14351,9,4448,8.896,4108.0,4650.5,1360.0,810.0,True,,8
stage2,14351,10,4853,9.706,4650.5,,810.0,,False,edge_no_two_neighbors,-1
stage2,14398,0,159,0.318,,408.0,,996.0,False,edge_no_two_neighbors,-1
stage2,14398,1,657,1.314,408.0,909.5,996.0,1010.0,True,,0
stage2,14398,2,1162,2.324,909.5,1410.0,1010.0,992.0,True,,1
stage2,14398,3,1658,3.316,1410.0,1900.5,992.0,970.0,True,,2
stage2,14398,4,2143,4.286,1900.5,2394.5,970.0,1006.0,True,,3
stage2,14398,5,2646,5.292,2394.5,2904.5,1006.0,1034.0,True,,4
stage2,14398,6,3163,6.326,2904.5,3415.5,1034.0,1010.0,True,,5
stage2,14398,7,3668,7.336,3415.5,3915.5,1010.0,990.0,True,,6
stage2,14398,8,4163,8.326,3915.5,4418.0,990.0,1020.0,True,,7
stage2,14398,9,4673,9.346,4418.0,,1020.0,,False,edge_no_two_neighbors,-1
stage2,14452,0,47,0.094,,276.0,,916.0,False,edge_no_two_neighbors,-1
stage2,14452,1,505,1.01,276.0,736.0,916.0,924.0,True,,0
stage2,14452,2,967,1.934,736.0,1196.0,924.0,916.0,True,,1
stage2,14452,3,1425,2.85,1196.0,1651.5,916.0,906.0,True,,2
stage2,14452,4,1878,3.756,1651.5,2102.0,906.0,896.0,True,,3
stage2,14452,5,2326,4.652,2102.0,2552.5,896.0,906.0,True,,4
stage2,14452,6,2779,5.558,2552.5,3004.5,906.0,902.0,True,,5
stage2,14452,7,3230,6.46,3004.5,3456.5,902.0,906.0,True,,6
stage2,14452,8,3683,7.366,3456.5,3909.5,906.0,906.0,True,,7
stage2,14452,9,4136,8.272,3909.5,4358.5,906.0,890.0,True,,8
stage2,14452,10,4581,9.162,4358.5,,890.0,,False,edge_no_two_neighbors,-1
stage2,14453,0,82,0.164,,295.5,,854.0,False,edge_no_two_neighbors,-1
stage2,14453,1,509,1.018,295.5,727.0,854.0,872.0,True,,0
stage2,14453,2,945,1.89,727.0,1160.0,872.0,860.0,True,,1
stage2,14453,3,1375,2.75,1160.0,1595.5,860.0,882.0,True,,2
stage2,14453,4,1816,3.632,1595.5,2034.0,882.0,872.0,True,,3
stage2,14453,5,2252,4.504,2034.0,2458.0,872.0,824.0,True,,4
stage2,14453,6,2664,5.328,2458.0,2871.0,824.0,828.0,True,,5
stage2,14453,7,3078,6.156,2871.0,3287.5,828.0,838.0,True,,6
stage2,14453,8,3497,6.994,3287.5,3715.5,838.0,874.0,True,,7
stage2,14453,9,3934,7.868,3715.5,4157.5,874.0,894.0,True,,8
stage2,14453,10,4381,8.762,4157.5,4605.5,894.0,898.0,True,,9
stage2,14453,11,4830,9.66,4605.5,,898.0,,False,edge_no_two_neighbors,-1
stage2,14463,0,260,0.52,,498.5,,954.0,False,edge_no_two_neighbors,-1
stage2,14463,1,737,1.474,498.5,981.0,954.0,976.0,True,,0
stage2,14463,2,1225,2.45,981.0,1474.5,976.0,998.0,True,,1
stage2,14463,3,1724,3.448,1474.5,1962.5,998.0,954.0,True,,2
stage2,14463,4,2201,4.402,1962.5,2439.0,954.0,952.0,True,,3
stage2,14463,5,2677,5.354,2439.0,2915.5,952.0,954.0,True,,4
stage2,14463,6,3154,6.308,2915.5,3393.0,954.0,956.0,True,,5
stage2,14463,7,3632,7.264,3393.0,3866.0,956.0,936.0,True,,6
stage2,14463,8,4100,8.2,3866.0,4338.0,936.0,952.0,True,,7
stage2,14463,9,4576,9.152,4338.0,,952.0,,False,edge_no_two_neighbors,-1
stage2,14470,0,48,0.096,,378.5,,1322.0,False,edge_no_two_neighbors,-1
stage2,14470,1,709,1.418,378.5,1054.5,1322.0,1382.0,True,,0
stage2,14470,2,1400,2.8,1054.5,1736.5,1382.0,1346.0,True,,1
stage2,14470,3,2073,4.146,1736.5,2409.0,1346.0,1344.0,True,,2
stage2,14470,4,2745,5.49,2409.0,3092.5,1344.0,1390.0,True,,3
stage2,14470,5,3440,6.88,3092.5,3778.5,1390.0,1354.0,True,,4
stage2,14470,6,4117,8.234,3778.5,4453.5,1354.0,1346.0,True,,5
stage2,14470,7,4790,9.58,4453.5,,1346.0,,False,edge_no_two_neighbors,-1
stage2,14521,0,67,0.134,,259.5,,770.0,False,edge_no_two_neighbors,-1
stage2,14521,1,452,0.904,259.5,647.0,770.0,780.0,True,,0
stage2,14521,2,842,1.684,647.0,1037.5,780.0,782.0,True,,1
stage2,14521,3,1233,2.466,1037.5,1432.5,782.0,798.0,True,,2
stage2,14521,4,1632,3.264,1432.5,1834.5,798.0,810.0,True,,3
stage2,14521,5,2037,4.074,1834.5,2238.0,810.0,804.0,True,,4
stage2,14521,6,2439,4.878,2238.0,2643.5,804.0,818.0,True,,5
stage2,14521,7,2848,5.696,2643.5,3053.0,818.0,820.0,True,,6
stage2,14521,8,3258,6.516,3053.0,3457.0,820.0,796.0,True,,7
stage2,14521,9,3656,7.312,3457.0,3858.0,796.0,808.0,True,,8
stage2,14521,10,4060,8.12,3858.0,4262.5,808.0,810.0,True,,9
stage2,14521,11,4465,8.93,4262.5,4662.5,810.0,790.0,True,,10
stage2,14521,12,4860,9.72,4662.5,,790.0,,False,edge_no_two_neighbors,-1
stage2,14664,0,191,0.382,,362.5,,686.0,False,edge_no_two_neighbors,-1
stage2,14664,1,534,1.068,362.5,705.0,686.0,684.0,True,,0
stage2,14664,2,876,1.752,705.0,1049.0,684.0,692.0,True,,1
stage2,14664,3,1222,2.444,1049.0,1394.0,692.0,688.0,True,,2
stage2,14664,4,1566,3.132,1394.0,1738.5,688.0,690.0,True,,3
stage2,14664,5,1911,3.822,1738.5,2082.5,690.0,686.0,True,,4
stage2,14664,6,2254,4.508,2082.5,2424.0,686.0,680.0,True,,5
stage2,14664,7,2594,5.188,2424.0,2763.5,680.0,678.0,True,,6
stage2,14664,8,2933,5.866,2763.5,3104.0,678.0,684.0,True,,7
stage2,14664,9,3275,6.55,3104.0,3446.5,684.0,686.0,True,,8
stage2,14664,10,3618,7.236,3446.5,3790.5,686.0,690.0,True,,9
stage2,14664,11,3963,7.926,3790.5,4134.5,690.0,686.0,True,,10
stage2,14664,12,4306,8.612,4134.5,4476.5,686.0,682.0,True,,11
stage2,14664,13,4647,9.294,4476.5,,682.0,,False,edge_no_two_neighbors,-1
stage2,14712,0,222,0.444,,460.0,,952.0,False,edge_no_two_neighbors,-1
stage2,14712,1,698,1.396,460.0,925.0,952.0,908.0,True,,0
stage2,14712,2,1152,2.304,925.0,1378.0,908.0,904.0,True,,1
stage2,14712,3,1604,3.208,1378.0,1835.5,904.0,926.0,True,,2
stage2,14712,4,2067,4.134,1835.5,2288.0,926.0,884.0,True,,3
stage2,14712,5,2509,5.018,2288.0,2721.5,884.0,850.0,True,,4
stage2,14712,6,2934,5.868,2721.5,3161.5,850.0,910.0,True,,5
stage2,14712,7,3389,6.778,3161.5,3621.5,910.0,930.0,True,,6
stage2,14712,8,3854,7.708,3621.5,4076.0,930.0,888.0,True,,7
stage2,14712,9,4298,8.596,4076.0,4521.5,888.0,894.0,True,,8
stage2,14712,10,4745,9.49,4521.5,,894.0,,False,edge_no_two_neighbors,-1
stage2,14717,0,37,0.074,,260.5,,894.0,False,edge_no_two_neighbors,-1
stage2,14717,1,484,0.968,260.5,791.0,894.0,1228.0,True,,0
stage2,14717,2,1098,2.196,791.0,1396.0,1228.0,1192.0,True,,1
stage2,14717,3,1694,3.388,1396.0,2001.5,1192.0,1230.0,True,,2
stage2,14717,4,2309,4.618,2001.5,2639.0,1230.0,1320.0,True,,3
stage2,14717,5,2969,5.938,2639.0,3298.5,1320.0,1318.0,True,,4
stage2,14717,6,3628,7.256,3298.5,3946.0,1318.0,1272.0,True,,5
stage2,14717,7,4264,8.528,3946.0,4584.5,1272.0,1282.0,True,,6
stage2,14717,8,4905,9.81,4584.5,,1282.0,,False,edge_no_two_neighbors,-1
stage2,14801,0,12,0.024,,209.0,,788.0,False,edge_no_two_neighbors,-1
stage2,14801,1,406,0.812,209.0,614.5,788.0,834.0,True,,0
stage2,14801,2,823,1.646,614.5,1033.0,834.0,840.0,True,,1
stage2,14801,3,1243,2.486,1033.0,1452.5,840.0,838.0,True,,2
stage2,14801,4,1662,3.324,1452.5,1865.5,838.0,814.0,True,,3
stage2,14801,5,2069,4.138,1865.5,2269.0,814.0,800.0,True,,4
stage2,14801,6,2469,4.938,2269.0,2671.0,800.0,808.0,True,,5
stage2,14801,7,2873,5.746,2671.0,3082.0,808.0,836.0,True,,6
stage2,14801,8,3291,6.582,3082.0,3502.5,836.0,846.0,True,,7
stage2,14801,9,3714,7.428,3502.5,3917.0,846.0,812.0,True,,8
stage2,14801,10,4120,8.24,3917.0,4313.0,812.0,772.0,True,,9
stage2,14801,11,4506,9.012,4313.0,4692.5,772.0,746.0,True,,10
stage2,14801,12,4879,9.758,4692.5,,746.0,,False,edge_no_two_neighbors,-1
stage2,14905,0,152,0.304,,253.0,,404.0,False,edge_no_two_neighbors,-1
stage2,14905,1,354,0.708,253.0,558.5,404.0,818.0,True,,0
stage2,14905,2,763,1.526,558.5,919.5,818.0,626.0,True,,1
stage2,14905,3,1076,2.152,919.5,1228.0,626.0,608.0,True,,2
stage2,14905,4,1380,2.76,1228.0,1526.0,608.0,584.0,True,,3
stage2,14905,5,1672,3.344,1526.0,1823.5,584.0,606.0,True,,4
stage2,14905,6,1975,3.95,1823.5,2126.0,606.0,604.0,True,,5
stage2,14905,7,2277,4.554,2126.0,2431.5,604.0,618.0,True,,6
stage2,14905,8,2586,5.172,2431.5,2745.0,618.0,636.0,True,,7
stage2,14905,9,2904,5.808,2745.0,3071.5,636.0,670.0,True,,8
stage2,14905,10,3239,6.478,3071.5,3431.5,670.0,770.0,True,,9
stage2,14905,11,3624,7.248,3431.5,3780.5,770.0,626.0,True,,10
stage2,14905,12,3937,7.874,3780.5,4083.0,626.0,584.0,True,,11
stage2,14905,13,4229,8.458,4083.0,4380.0,584.0,604.0,True,,12
stage2,14905,14,4531,9.062,4380.0,4631.0,604.0,400.0,True,,13
stage2,14905,15,4731,9.462,4631.0,,400.0,,False,edge_no_two_neighbors,-1
stage2,15048,0,288,0.576,,514.5,,906.0,False,edge_no_two_neighbors,-1
stage2,15048,1,741,1.482,514.5,975.0,906.0,936.0,True,,0
stage2,15048,2,1209,2.418,975.0,1453.0,936.0,976.0,True,,1
stage2,15048,3,1697,3.394,1453.0,1933.0,976.0,944.0,True,,2
stage2,15048,4,2169,4.338,1933.0,2403.5,944.0,938.0,True,,3
stage2,15048,5,2638,5.276,2403.5,2878.5,938.0,962.0,True,,4
stage2,15048,6,3119,6.238,2878.5,3366.5,962.0,990.0,True,,5
stage2,15048,7,3614,7.228,3366.5,3861.5,990.0,990.0,True,,6
stage2,15048,8,4109,8.218,3861.5,4356.0,990.0,988.0,True,,7
stage2,15048,9,4603,9.206,4356.0,,988.0,,False,edge_no_two_neighbors,-1
stage2,15174,0,220,0.44,,412.5,,770.0,False,edge_no_two_neighbors,-1
stage2,15174,1,605,1.21,412.5,809.0,770.0,816.0,True,,0
stage2,15174,2,1013,2.026,809.0,1233.0,816.0,880.0,True,,1
stage2,15174,3,1453,2.906,1233.0,1687.5,880.0,938.0,True,,2
stage2,15174,4,1922,3.844,1687.5,2153.5,938.0,926.0,True,,3
stage2,15174,5,2385,4.77,2153.5,2614.0,926.0,916.0,True,,4
stage2,15174,6,2843,5.686,2614.0,3075.0,916.0,928.0,True,,5
stage2,15174,7,3307,6.614,3075.0,3537.5,928.0,922.0,True,,6
stage2,15174,8,3768,7.536,3537.5,3996.5,922.0,914.0,True,,7
stage2,15174,9,4225,8.45,3996.5,4450.5,914.0,902.0,True,,8
stage2,15174,10,4676,9.352,4450.5,,902.0,,False,edge_no_two_neighbors,-1
stage2,15225,0,225,0.45,,416.5,,766.0,False,edge_no_two_neighbors,-1
stage2,15225,1,608,1.216,416.5,799.5,766.0,766.0,True,,0
stage2,15225,2,991,1.982,799.5,1178.0,766.0,748.0,True,,1
stage2,15225,3,1365,2.73,1178.0,1549.0,748.0,736.0,True,,2
stage2,15225,4,1733,3.466,1549.0,1918.0,736.0,740.0,True,,3
stage2,15225,5,2103,4.206,1918.0,2287.0,740.0,736.0,True,,4
stage2,15225,6,2471,4.942,2287.0,2651.0,736.0,720.0,True,,5
stage2,15225,7,2831,5.662,2651.0,3010.0,720.0,716.0,True,,6
stage2,15225,8,3189,6.378,3010.0,3368.0,716.0,716.0,True,,7
stage2,15225,9,3547,7.094,3368.0,3725.5,716.0,714.0,True,,8
stage2,15225,10,3904,7.808,3725.5,4079.5,714.0,702.0,True,,9
stage2,15225,11,4255,8.51,4079.5,4430.0,702.0,700.0,True,,10
stage2,15225,12,4605,9.21,4430.0,,700.0,,False,edge_no_two_neighbors,-1
stage2,15282,0,464,0.928,,717.0,,1012.0,False,edge_no_two_neighbors,-1
stage2,15282,1,970,1.94,717.0,1224.5,1012.0,1018.0,True,,0
stage2,15282,2,1479,2.958,1224.5,1738.0,1018.0,1036.0,True,,1
stage2,15282,3,1997,3.994,1738.0,2257.5,1036.0,1042.0,True,,2
stage2,15282,4,2518,5.036,2257.5,2777.0,1042.0,1036.0,True,,3
stage2,15282,5,3036,6.072,2777.0,3295.5,1036.0,1038.0,True,,4
stage2,15282,6,3555,7.11,3295.5,3815.0,1038.0,1040.0,True,,5
stage2,15282,7,4075,8.15,3815.0,4331.5,1040.0,1026.0,True,,6
stage2,15282,8,4588,9.176,4331.5,,1026.0,,False,edge_no_two_neighbors,-1
stage2,15288,0,183,0.366,,351.5,,674.0,False,edge_no_two_neighbors,-1
stage2,15288,1,520,1.04,351.5,688.5,674.0,674.0,True,,0
stage2,15288,2,857,1.714,688.5,979.0,674.0,488.0,True,,1
stage2,15288,3,1101,2.202,979.0,1339.5,488.0,954.0,True,,2
stage2,15288,4,1578,3.156,1339.5,1782.5,954.0,818.0,True,,3
stage2,15288,5,1987,3.974,1782.5,2185.0,818.0,792.0,True,,4
stage2,15288,6,2383,4.766,2185.0,2571.5,792.0,754.0,True,,5
stage2,15288,7,2760,5.52,2571.5,2943.5,754.0,734.0,True,,6
stage2,15288,8,3127,6.254,2943.5,3309.5,734.0,730.0,True,,7
stage2,15288,9,3492,6.984,3309.5,3675.5,730.0,734.0,True,,8
stage2,15288,10,3859,7.718,3675.5,4050.0,734.0,764.0,True,,9
stage2,15288,11,4241,8.482,4050.0,4434.5,764.0,774.0,True,,10
stage2,15288,12,4628,9.256,4434.5,,774.0,,False,edge_no_two_neighbors,-1
stage2,15307,0,159,0.318,,422.5,,1054.0,False,edge_no_two_neighbors,-1
stage2,15307,1,686,1.372,422.5,956.5,1054.0,1082.0,True,,0
stage2,15307,2,1227,2.454,956.5,1498.5,1082.0,1086.0,True,,1
stage2,15307,3,1770,3.54,1498.5,2036.0,1086.0,1064.0,True,,2
stage2,15307,4,2302,4.604,2036.0,2566.5,1064.0,1058.0,True,,3
stage2,15307,5,2831,5.662,2566.5,3103.0,1058.0,1088.0,True,,4
stage2,15307,6,3375,6.75,3103.0,3656.0,1088.0,1124.0,True,,5
stage2,15307,7,3937,7.874,3656.0,4219.0,1124.0,1128.0,True,,6
stage2,15307,8,4501,9.002,4219.0,,1128.0,,False,edge_no_two_neighbors,-1
stage2,15412,0,259,0.518,,486.5,,910.0,False,edge_no_two_neighbors,-1
stage2,15412,1,714,1.428,486.5,949.5,910.0,942.0,True,,0
stage2,15412,2,1185,2.37,949.5,1422.0,942.0,948.0,True,,1
stage2,15412,3,1659,3.318,1422.0,1896.0,948.0,948.0,True,,2
stage2,15412,4,2133,4.266,1896.0,2364.5,948.0,926.0,True,,3
stage2,15412,5,2596,5.192,2364.5,2826.5,926.0,922.0,True,,4
stage2,15412,6,3057,6.114,2826.5,3291.0,922.0,936.0,True,,5
stage2,15412,7,3525,7.05,3291.0,3760.5,936.0,942.0,True,,6
stage2,15412,8,3996,7.992,3760.5,4226.5,942.0,922.0,True,,7
stage2,15412,9,4457,8.914,4226.5,4686.0,922.0,916.0,True,,8
stage2,15412,10,4915,9.83,4686.0,,916.0,,False,edge_no_two_neighbors,-1
stage2,15565,0,309,0.618,,571.5,,1050.0,False,edge_no_two_neighbors,-1
stage2,15565,1,834,1.668,571.5,1093.0,1050.0,1036.0,True,,0
stage2,15565,2,1352,2.704,1093.0,1623.0,1036.0,1084.0,True,,1
stage2,15565,3,1894,3.788,1623.0,2156.0,1084.0,1048.0,True,,2
stage2,15565,4,2418,4.836,2156.0,2677.5,1048.0,1038.0,True,,3
stage2,15565,5,2937,5.874,2677.5,3208.5,1038.0,1086.0,True,,4
stage2,15565,6,3480,6.96,3208.5,3737.0,1086.0,1028.0,True,,5
stage2,15565,7,3994,7.988,3737.0,4245.5,1028.0,1006.0,True,,6
stage2,15565,8,4497,8.994,4245.5,,1006.0,,False,edge_no_two_neighbors,-1
stage2,15625,0,102,0.204,,398.5,,1186.0,False,edge_no_two_neighbors,-1
stage2,15625,1,695,1.39,398.5,993.0,1186.0,1192.0,True,,0
stage2,15625,2,1291,2.582,993.0,1589.5,1192.0,1194.0,True,,1
stage2,15625,3,1888,3.776,1589.5,2186.5,1194.0,1194.0,True,,2
stage2,15625,4,2485,4.97,2186.5,2785.0,1194.0,1200.0,True,,3
stage2,15625,5,3085,6.17,2785.0,3385.5,1200.0,1202.0,True,,4
stage2,15625,6,3686,7.372,3385.5,3987.5,1202.0,1206.0,True,,5
stage2,15625,7,4289,8.578,3987.5,4590.5,1206.0,1206.0,True,,6
stage2,15625,8,4892,9.784,4590.5,,1206.0,,False,edge_no_two_neighbors,-1
stage2,15655,0,358,0.716,,586.5,,914.0,False,edge_no_two_neighbors,-1
stage2,15655,1,815,1.63,586.5,1042.5,914.0,910.0,True,,0
stage2,15655,2,1270,2.54,1042.5,1502.0,910.0,928.0,True,,1
stage2,15655,3,1734,3.468,1502.0,1970.5,928.0,946.0,True,,2
stage2,15655,4,2207,4.414,1970.5,2440.0,946.0,932.0,True,,3
stage2,15655,5,2673,5.346,2440.0,2901.5,932.0,914.0,True,,4
stage2,15655,6,3130,6.26,2901.5,3356.5,914.0,906.0,True,,5
stage2,15655,7,3583,7.166,3356.5,3806.5,906.0,894.0,True,,6
stage2,15655,8,4030,8.06,3806.5,4255.0,894.0,900.0,True,,7
stage2,15655,9,4480,8.96,4255.0,4702.5,900.0,890.0,True,,8
stage2,15655,10,4925,9.85,4702.5,,890.0,,False,edge_no_two_neighbors,-1
stage2,15932,0,300,0.6,,614.0,,1256.0,False,edge_no_two_neighbors,-1
stage2,15932,1,928,1.856,614.0,1226.5,1256.0,1194.0,True,,0
stage2,15932,2,1525,3.05,1226.5,1816.0,1194.0,1164.0,True,,1
stage2,15932,3,2107,4.214,1816.0,2416.5,1164.0,1238.0,True,,2
stage2,15932,4,2726,5.452,2416.5,3030.5,1238.0,1218.0,True,,3
stage2,15932,5,3335,6.67,3030.5,3630.0,1218.0,1180.0,True,,4
stage2,15932,6,3925,7.85,3630.0,4237.5,1180.0,1250.0,True,,5
stage2,15932,7,4550,9.1,4237.5,,1250.0,,False,edge_no_two_neighbors,-1
stage2,15940,0,204,0.408,,408.0,,816.0,False,edge_no_two_neighbors,-1
stage2,15940,1,612,1.224,408.0,817.0,816.0,820.0,True,,0
stage2,15940,2,1022,2.044,817.0,1242.5,820.0,882.0,True,,1
stage2,15940,3,1463,2.926,1242.5,1691.0,882.0,912.0,True,,2
stage2,15940,4,1919,3.838,1691.0,2147.5,912.0,914.0,True,,3
stage2,15940,5,2376,4.752,2147.5,2588.0,914.0,848.0,True,,4
stage2,15940,6,2800,5.6,2588.0,3001.5,848.0,806.0,True,,5
stage2,15940,7,3203,6.406,3001.5,3402.0,806.0,796.0,True,,6
stage2,15940,8,3601,7.202,3402.0,3818.0,796.0,868.0,True,,7
stage2,15940,9,4035,8.07,3818.0,4342.5,868.0,1230.0,True,,8
stage2,15940,10,4650,9.3,4342.5,,1230.0,,False,edge_no_two_neighbors,-1
stage2,15974,0,52,0.104,,298.5,,986.0,False,edge_no_two_neighbors,-1
stage2,15974,1,545,1.09,298.5,775.0,986.0,920.0,True,,0
stage2,15974,2,1005,2.01,775.0,1224.5,920.0,878.0,True,,1
stage2,15974,3,1444,2.888,1224.5,1658.0,878.0,856.0,True,,2
stage2,15974,4,1872,3.744,1658.0,2090.0,856.0,872.0,True,,3
stage2,15974,5,2308,4.616,2090.0,2530.0,872.0,888.0,True,,4
stage2,15974,6,2752,5.504,2530.0,2890.0,888.0,552.0,True,,5
stage2,15974,7,3028,6.056,2890.0,3292.5,552.0,1058.0,True,,6
stage2,15974,8,3557,7.114,3292.5,3785.0,1058.0,912.0,True,,7
stage2,15974,9,4013,8.026,3785.0,4241.0,912.0,912.0,True,,8
stage2,15974,10,4469,8.938,4241.0,4611.5,912.0,570.0,True,,9
stage2,15974,11,4754,9.508,4611.5,,570.0,,False,edge_no_two_neighbors,-1
stage2,15982,0,398,0.796,,601.5,,814.0,False,edge_no_two_neighbors,-1
stage2,15982,1,805,1.61,601.5,1011.5,814.0,826.0,True,,0
stage2,15982,2,1218,2.436,1011.5,1432.0,826.0,856.0,True,,1
stage2,15982,3,1646,3.292,1432.0,1864.0,856.0,872.0,True,,2
stage2,15982,4,2082,4.164,1864.0,2288.5,872.0,826.0,True,,3
stage2,15982,5,2495,4.99,2288.5,2701.0,826.0,824.0,True,,4
stage2,15982,6,2907,5.814,2701.0,3119.5,824.0,850.0,True,,5
stage2,15982,7,3332,6.664,3119.5,3547.5,850.0,862.0,True,,6
stage2,15982,8,3763,7.526,3547.5,3961.5,862.0,794.0,True,,7
stage2,15982,9,4160,8.32,3961.5,4352.5,794.0,770.0,True,,8
stage2,15982,10,4545,9.09,4352.5,4744.5,770.0,798.0,True,,9
stage2,15982,11,4944,9.888,4744.5,,798.0,,False,edge_no_two_neighbors,-1
stage2,16036,0,334,0.668,,579.0,,980.0,False,edge_no_two_neighbors,-1
stage2,16036,1,824,1.648,579.0,1064.0,980.0,960.0,True,,0
stage2,16036,2,1304,2.608,1064.0,1535.5,960.0,926.0,True,,1
stage2,16036,3,1767,3.534,1535.5,1996.5,926.0,918.0,True,,2
stage2,16036,4,2226,4.452,1996.5,2451.5,918.0,902.0,True,,3
stage2,16036,5,2677,5.354,2451.5,2896.0,902.0,876.0,True,,4
stage2,16036,6,3115,6.23,2896.0,3338.0,876.0,892.0,True,,5
stage2,16036,7,3561,7.122,3338.0,3786.0,892.0,900.0,True,,6
stage2,16036,8,4011,8.022,3786.0,4233.5,900.0,890.0,True,,7
stage2,16036,9,4456,8.912,4233.5,4688.5,890.0,930.0,True,,8
stage2,16036,10,4921,9.842,4688.5,,930.0,,False,edge_no_two_neighbors,-1
stage2,16063,0,354,0.708,,598.0,,976.0,False,edge_no_two_neighbors,-1
stage2,16063,1,842,1.684,598.0,1081.5,976.0,958.0,True,,0
stage2,16063,2,1321,2.642,1081.5,1561.5,958.0,962.0,True,,1
stage2,16063,3,1802,3.604,1561.5,2040.0,962.0,952.0,True,,2
stage2,16063,4,2278,4.556,2040.0,2512.5,952.0,938.0,True,,3
stage2,16063,5,2747,5.494,2512.5,2987.5,938.0,962.0,True,,4
stage2,16063,6,3228,6.456,2987.5,3466.5,962.0,954.0,True,,5
stage2,16063,7,3705,7.41,3466.5,3941.5,954.0,946.0,True,,6
stage2,16063,8,4178,8.356,3941.5,4410.0,946.0,928.0,True,,7
stage2,16063,9,4642,9.284,4410.0,,928.0,,False,edge_no_two_neighbors,-1
stage2,16102,0,400,0.8,,671.0,,1084.0,False,edge_no_two_neighbors,-1
stage2,16102,1,942,1.884,671.0,1213.5,1084.0,1086.0,True,,0
stage2,16102,2,1485,2.97,1213.5,1743.0,1086.0,1032.0,True,,1
stage2,16102,3,2001,4.002,1743.0,2253.0,1032.0,1008.0,True,,2
stage2,16102,4,2505,5.01,2253.0,2751.5,1008.0,986.0,True,,3
stage2,16102,5,2998,5.996,2751.5,3264.5,986.0,1066.0,True,,4
stage2,16102,6,3531,7.062,3264.5,3821.5,1066.0,1162.0,True,,5
stage2,16102,7,4112,8.224,3821.5,4393.0,1162.0,1124.0,True,,6
stage2,16102,8,4674,9.348,4393.0,,1124.0,,False,edge_no_two_neighbors,-1
stage2,16181,0,144,0.288,,339.0,,780.0,False,edge_no_two_neighbors,-1
stage2,16181,1,534,1.068,339.0,728.5,780.0,778.0,True,,0
stage2,16181,2,923,1.846,728.5,1115.0,778.0,768.0,True,,1
stage2,16181,3,1307,2.614,1115.0,1500.0,768.0,772.0,True,,2
stage2,16181,4,1693,3.386,1500.0,1886.0,772.0,772.0,True,,3
stage2,16181,5,2079,4.158,1886.0,2270.5,772.0,766.0,True,,4
stage2,16181,6,2462,4.924,2270.5,2651.0,766.0,756.0,True,,5
stage2,16181,7,2840,5.68,2651.0,3028.0,756.0,752.0,True,,6
stage2,16181,8,3216,6.432,3028.0,3404.5,752.0,754.0,True,,7
stage2,16181,9,3593,7.186,3404.5,3780.0,754.0,748.0,True,,8
stage2,16181,10,3967,7.934,3780.0,4156.0,748.0,756.0,True,,9
stage2,16181,11,4345,8.69,4156.0,4537.0,756.0,768.0,True,,10
stage2,16181,12,4729,9.458,4537.0,,768.0,,False,edge_no_two_neighbors,-1
stage2,16370,0,50,0.1,,199.0,,596.0,False,edge_no_two_neighbors,-1
stage2,16370,1,348,0.696,199.0,494.5,596.0,586.0,True,,0
stage2,16370,2,641,1.282,494.5,787.0,586.0,584.0,True,,1
stage2,16370,3,933,1.866,787.0,1087.5,584.0,618.0,True,,2
stage2,16370,4,1242,2.484,1087.5,1425.5,618.0,734.0,True,,3
stage2,16370,5,1609,3.218,1425.5,1766.0,734.0,628.0,True,,4
stage2,16370,6,1923,3.846,1766.0,2089.0,628.0,664.0,True,,5
stage2,16370,7,2255,4.51,2089.0,2418.0,664.0,652.0,True,,6
stage2,16370,8,2581,5.162,2418.0,2750.0,652.0,676.0,True,,7
stage2,16370,9,2919,5.838,2750.0,3108.0,676.0,756.0,True,,8
stage2,16370,10,3297,6.594,3108.0,3460.5,756.0,654.0,True,,9
stage2,16370,11,3624,7.248,3460.5,3789.0,654.0,660.0,True,,10
stage2,16370,12,3954,7.908,3789.0,4116.5,660.0,650.0,True,,11
stage2,16370,13,4279,8.558,4116.5,4443.0,650.0,656.0,True,,12
stage2,16370,14,4607,9.214,4443.0,,656.0,,False,edge_no_two_neighbors,-1
stage2,16383,0,276,0.552,,507.0,,924.0,False,edge_no_two_neighbors,-1
stage2,16383,1,738,1.476,507.0,965.0,924.0,908.0,True,,0
stage2,16383,2,1192,2.384,965.0,1415.0,908.0,892.0,True,,1
stage2,16383,3,1638,3.276,1415.0,1866.0,892.0,912.0,True,,2
stage2,16383,4,2094,4.188,1866.0,2324.0,912.0,920.0,True,,3
stage2,16383,5,2554,5.108,2324.0,2783.5,920.0,918.0,True,,4
stage2,16383,6,3013,6.026,2783.5,3244.0,918.0,924.0,True,,5
stage2,16383,7,3475,6.95,3244.0,3709.5,924.0,938.0,True,,6
stage2,16383,8,3944,7.888,3709.5,4176.5,938.0,930.0,True,,7
stage2,16383,9,4409,8.818,4176.5,4638.0,930.0,916.0,True,,8
stage2,16383,10,4867,9.734,4638.0,,916.0,,False,edge_no_two_neighbors,-1
stage2,16689,0,44,0.088,,255.5,,846.0,False,edge_no_two_neighbors,-1
stage2,16689,1,467,0.934,255.5,672.0,846.0,820.0,True,,0
stage2,16689,2,877,1.754,672.0,1081.5,820.0,818.0,True,,1
stage2,16689,3,1286,2.572,1081.5,1496.5,818.0,842.0,True,,2
stage2,16689,4,1707,3.414,1496.5,1921.0,842.0,856.0,True,,3
stage2,16689,5,2135,4.27,1921.0,2338.5,856.0,814.0,True,,4
stage2,16689,6,2542,5.084,2338.5,2751.5,814.0,838.0,True,,5
stage2,16689,7,2961,5.922,2751.5,3175.5,838.0,858.0,True,,6
stage2,16689,8,3390,6.78,3175.5,3595.5,858.0,822.0,True,,7
stage2,16689,9,3801,7.602,3595.5,4009.0,822.0,832.0,True,,8
stage2,16689,10,4217,8.434,4009.0,4429.5,832.0,850.0,True,,9
stage2,16689,11,4642,9.284,4429.5,,850.0,,False,edge_no_two_neighbors,-1
stage2,16771,0,162,0.324,,366.0,,816.0,False,edge_no_two_neighbors,-1
stage2,16771,1,570,1.14,366.0,777.0,816.0,828.0,True,,0
stage2,16771,2,984,1.968,777.0,1197.0,828.0,852.0,True,,1
stage2,16771,3,1410,2.82,1197.0,1621.0,852.0,844.0,True,,2
stage2,16771,4,1832,3.664,1621.0,2040.5,844.0,834.0,True,,3
stage2,16771,5,2249,4.498,2040.5,2456.5,834.0,830.0,True,,4
stage2,16771,6,2664,5.328,2456.5,2872.5,830.0,834.0,True,,5
stage2,16771,7,3081,6.162,2872.5,3297.5,834.0,866.0,True,,6
stage2,16771,8,3514,7.028,3297.5,3728.5,866.0,858.0,True,,7
stage2,16771,9,3943,7.886,3728.5,4152.0,858.0,836.0,True,,8
stage2,16771,10,4361,8.722,4152.0,4571.0,836.0,840.0,True,,9
stage2,16771,11,4781,9.562,4571.0,,840.0,,False,edge_no_two_neighbors,-1
stage2,16837,0,342,0.684,,591.0,,996.0,False,edge_no_two_neighbors,-1
stage2,16837,1,840,1.68,591.0,1084.5,996.0,978.0,True,,0
stage2,16837,2,1329,2.658,1084.5,1473.5,978.0,578.0,True,,1
stage2,16837,3,1618,3.236,1473.5,1932.0,578.0,1256.0,True,,2
stage2,16837,4,2246,4.492,1932.0,2502.5,1256.0,1026.0,True,,3
stage2,16837,5,2759,5.518,2502.5,3005.0,1026.0,984.0,True,,4
stage2,16837,6,3251,6.502,3005.0,3492.0,984.0,964.0,True,,5
stage2,16837,7,3733,7.466,3492.0,3975.0,964.0,968.0,True,,6
stage2,16837,8,4217,8.434,3975.0,4460.5,968.0,974.0,True,,7
stage2,16837,9,4704,9.408,4460.5,,974.0,,False,edge_no_two_neighbors,-1
stage2,16977,0,19,0.038,,223.5,,818.0,False,edge_no_two_neighbors,-1
stage2,16977,1,428,0.856,223.5,635.0,818.0,828.0,True,,0
stage2,16977,2,842,1.684,635.0,1048.0,828.0,824.0,True,,1
stage2,16977,3,1254,2.508,1048.0,1461.5,824.0,830.0,True,,2
stage2,16977,4,1669,3.338,1461.5,1875.0,830.0,824.0,True,,3
stage2,16977,5,2081,4.162,1875.0,2284.5,824.0,814.0,True,,4
stage2,16977,6,2488,4.976,2284.5,2697.0,814.0,836.0,True,,5
stage2,16977,7,2906,5.812,2697.0,3123.0,836.0,868.0,True,,6
stage2,16977,8,3340,6.68,3123.0,3552.5,868.0,850.0,True,,7
stage2,16977,9,3765,7.53,3552.5,3972.0,850.0,828.0,True,,8
stage2,16977,10,4179,8.358,3972.0,4385.0,828.0,824.0,True,,9
stage2,16977,11,4591,9.182,4385.0,,824.0,,False,edge_no_two_neighbors,-1
stage2,17018,0,203,0.406,,456.0,,1012.0,False,edge_no_two_neighbors,-1
stage2,17018,1,709,1.418,456.0,970.0,1012.0,1044.0,True,,0
stage2,17018,2,1231,2.462,970.0,1469.0,1044.0,952.0,True,,1
stage2,17018,3,1707,3.414,1469.0,1933.0,952.0,904.0,True,,2
stage2,17018,4,2159,4.318,1933.0,2402.0,904.0,972.0,True,,3
stage2,17018,5,2645,5.29,2402.0,2902.5,972.0,1030.0,True,,4
stage2,17018,6,3160,6.32,2902.5,3419.5,1030.0,1038.0,True,,5
stage2,17018,7,3679,7.358,3419.5,3921.5,1038.0,970.0,True,,6
stage2,17018,8,4164,8.328,3921.5,4402.0,970.0,952.0,True,,7
stage2,17018,9,4640,9.28,4402.0,,952.0,,False,edge_no_two_neighbors,-1
stage2,17046,0,186,0.372,,416.5,,922.0,False,edge_no_two_neighbors,-1
stage2,17046,1,647,1.294,416.5,881.5,922.0,938.0,True,,0
stage2,17046,2,1116,2.232,881.5,1348.5,938.0,930.0,True,,1
stage2,17046,3,1581,3.162,1348.5,1814.5,930.0,934.0,True,,2
stage2,17046,4,2048,4.096,1814.5,2279.5,934.0,926.0,True,,3
stage2,17046,5,2511,5.022,2279.5,2744.0,926.0,932.0,True,,4
stage2,17046,6,2977,5.954,2744.0,3212.0,932.0,940.0,True,,5
stage2,17046,7,3447,6.894,3212.0,3681.5,940.0,938.0,True,,6
stage2,17046,8,3916,7.832,3681.5,4148.5,938.0,930.0,True,,7
stage2,17046,9,4381,8.762,4148.5,4615.5,930.0,938.0,True,,8
stage2,17046,10,4850,9.7,4615.5,,938.0,,False,edge_no_two_neighbors,-1
stage2,17436,0,210,0.42,,382.5,,690.0,False,edge_no_two_neighbors,-1
stage2,17436,1,555,1.11,382.5,729.0,690.0,696.0,True,,0
stage2,17436,2,903,1.806,729.0,1077.5,696.0,698.0,True,,1
stage2,17436,3,1252,2.504,1077.5,1426.0,698.0,696.0,True,,2
stage2,17436,4,1600,3.2,1426.0,1773.5,696.0,694.0,True,,3
stage2,17436,5,1947,3.894,1773.5,2119.0,694.0,688.0,True,,4
stage2,17436,6,2291,4.582,2119.0,2463.5,688.0,690.0,True,,5
stage2,17436,7,2636,5.272,2463.5,2808.5,690.0,690.0,True,,6
stage2,17436,8,2981,5.962,2808.5,3153.0,690.0,688.0,True,,7
stage2,17436,9,3325,6.65,3153.0,3495.5,688.0,682.0,True,,8
stage2,17436,10,3666,7.332,3495.5,3836.0,682.0,680.0,True,,9
stage2,17436,11,4006,8.012,3836.0,4177.0,680.0,684.0,True,,10
stage2,17436,12,4348,8.696,4177.0,4519.0,684.0,684.0,True,,11
stage2,17436,13,4690,9.38,4519.0,,684.0,,False,edge_no_two_neighbors,-1
stage2,17544,0,166,0.332,,392.0,,904.0,False,edge_no_two_neighbors,-1
stage2,17544,1,618,1.236,392.0,843.5,904.0,902.0,True,,0
stage2,17544,2,1069,2.138,843.5,1293.5,902.0,898.0,True,,1
stage2,17544,3,1518,3.036,1293.5,1746.5,898.0,914.0,True,,2
stage2,17544,4,1975,3.95,1746.5,2207.0,914.0,928.0,True,,3
stage2,17544,5,2439,4.878,2207.0,2670.5,928.0,926.0,True,,4
stage2,17544,6,2902,5.804,2670.5,3135.5,926.0,934.0,True,,5
stage2,17544,7,3369,6.738,3135.5,3605.5,934.0,946.0,True,,6
stage2,17544,8,3842,7.684,3605.5,4077.5,946.0,942.0,True,,7
stage2,17544,9,4313,8.626,4077.5,4547.0,942.0,936.0,True,,8
stage2,17544,10,4781,9.562,4547.0,,936.0,,False,edge_no_two_neighbors,-1
stage2,17554,0,82,0.164,,252.0,,680.0,False,edge_no_two_neighbors,-1
stage2,17554,1,422,0.844,252.0,588.5,680.0,666.0,True,,0
stage2,17554,2,755,1.51,588.5,923.0,666.0,672.0,True,,1
stage2,17554,3,1091,2.182,923.0,1258.5,672.0,670.0,True,,2
stage2,17554,4,1426,2.852,1258.5,1595.5,670.0,678.0,True,,3
stage2,17554,5,1765,3.53,1595.5,1931.5,678.0,666.0,True,,4
stage2,17554,6,2098,4.196,1931.5,2264.0,666.0,664.0,True,,5
stage2,17554,7,2430,4.86,2264.0,2598.0,664.0,672.0,True,,6
stage2,17554,8,2766,5.532,2598.0,2935.0,672.0,676.0,True,,7
stage2,17554,9,3104,6.208,2935.0,3269.5,676.0,662.0,True,,8
stage2,17554,10,3435,6.87,3269.5,3601.5,662.0,666.0,True,,9
stage2,17554,11,3768,7.536,3601.5,3936.0,666.0,672.0,True,,10
stage2,17554,12,4104,8.208,3936.0,4273.0,672.0,676.0,True,,11
stage2,17554,13,4442,8.884,4273.0,4608.5,676.0,666.0,True,,12
stage2,17554,14,4775,9.55,4608.5,,666.0,,False,edge_no_two_neighbors,-1
stage2,17555,0,361,0.722,,568.0,,828.0,False,edge_no_two_neighbors,-1
stage2,17555,1,775,1.55,568.0,986.0,828.0,844.0,True,,0
stage2,17555,2,1197,2.394,986.0,1408.5,844.0,846.0,True,,1
stage2,17555,3,1620,3.24,1408.5,1826.5,846.0,826.0,True,,2
stage2,17555,4,2033,4.066,1826.5,2239.0,826.0,824.0,True,,3
stage2,17555,5,2445,4.89,2239.0,2653.5,824.0,834.0,True,,4
stage2,17555,6,2862,5.724,2653.5,3072.0,834.0,840.0,True,,5
stage2,17555,7,3282,6.564,3072.0,3489.0,840.0,828.0,True,,6
stage2,17555,8,3696,7.392,3489.0,3903.0,828.0,828.0,True,,7
stage2,17555,9,4110,8.22,3903.0,4323.0,828.0,852.0,True,,8
stage2,17555,10,4536,9.072,4323.0,,852.0,,False,edge_no_two_neighbors,-1
stage2,17598,0,18,0.036,,271.0,,1012.0,False,edge_no_two_neighbors,-1
stage2,17598,1,524,1.048,271.0,784.5,1012.0,1042.0,True,,0
stage2,17598,2,1045,2.09,784.5,1301.0,1042.0,1024.0,True,,1
stage2,17598,3,1557,3.114,1301.0,1815.5,1024.0,1034.0,True,,2
stage2,17598,4,2074,4.148,1815.5,2329.0,1034.0,1020.0,True,,3
stage2,17598,5,2584,5.168,2329.0,2839.0,1020.0,1020.0,True,,4
stage2,17598,6,3094,6.188,2839.0,3357.5,1020.0,1054.0,True,,5
stage2,17598,7,3621,7.242,3357.5,3876.5,1054.0,1022.0,True,,6
stage2,17598,8,4132,8.264,3876.5,4389.5,1022.0,1030.0,True,,7
stage2,17598,9,4647,9.294,4389.5,,1030.0,,False,edge_no_two_neighbors,-1
stage2,17605,0,426,0.852,,655.0,,916.0,False,edge_no_two_neighbors,-1
stage2,17605,1,884,1.768,655.0,1113.0,916.0,916.0,True,,0
stage2,17605,2,1342,2.684,1113.0,1570.5,916.0,914.0,True,,1
stage2,17605,3,1799,3.598,1570.5,2029.5,914.0,922.0,True,,2
stage2,17605,4,2260,4.52,2029.5,2495.0,922.0,940.0,True,,3
stage2,17605,5,2730,5.46,2495.0,2969.0,940.0,956.0,True,,4
stage2,17605,6,3208,6.416,2969.0,3445.0,956.0,948.0,True,,5
stage2,17605,7,3682,7.364,3445.0,3920.5,948.0,954.0,True,,6
stage2,17605,8,4159,8.318,3920.5,4400.0,954.0,964.0,True,,7
stage2,17605,9,4641,9.282,4400.0,,964.0,,False,edge_no_two_neighbors,-1
stage2,17652,0,253,0.506,,421.0,,672.0,False,edge_no_two_neighbors,-1
stage2,17652,1,589,1.178,421.0,757.5,672.0,674.0,True,,0
stage2,17652,2,926,1.852,757.5,1093.0,674.0,668.0,True,,1
stage2,17652,3,1260,2.52,1093.0,1333.5,668.0,294.0,False,neighbor_rr_out_of_range,-1
stage2,17652,4,1407,2.814,1333.5,1501.5,294.0,378.0,False,neighbor_rr_out_of_range,-1
stage2,17652,5,1596,3.192,1501.5,1763.0,378.0,668.0,True,,2
stage2,17652,6,1930,3.86,1763.0,2097.0,668.0,668.0,True,,3
stage2,17652,7,2264,4.528,2097.0,2448.5,668.0,738.0,True,,4
stage2,17652,8,2633,5.266,2448.5,2784.0,738.0,604.0,True,,5
stage2,17652,9,2935,5.87,2784.0,3102.0,604.0,668.0,True,,6
stage2,17652,10,3269,6.538,3102.0,3436.5,668.0,670.0,True,,7
stage2,17652,11,3604,7.208,3436.5,3772.0,670.0,672.0,True,,8
stage2,17652,12,3940,7.88,3772.0,4107.5,672.0,670.0,True,,9
stage2,17652,13,4275,8.55,4107.5,4442.0,670.0,668.0,True,,10
stage2,17652,14,4609,9.218,4442.0,4770.0,668.0,644.0,True,,11
stage2,17652,15,4931,9.862,4770.0,,644.0,,False,edge_no_two_neighbors,-1
stage2,17745,0,581,1.162,,964.5,,1534.0,False,edge_no_two_neighbors,-1
stage2,17745,1,1348,2.696,964.5,1810.0,1534.0,1848.0,True,,0
stage2,17745,2,2272,4.544,1810.0,2644.5,1848.0,1490.0,True,,1
stage2,17745,3,3017,6.034,2644.5,3371.5,1490.0,1418.0,True,,2
stage2,17745,4,3726,7.452,3371.5,4079.5,1418.0,1414.0,True,,3
stage2,17745,5,4433,8.866,4079.5,,1414.0,,False,edge_no_two_neighbors,-1
stage2,17773,0,154,0.308,,362.5,,834.0,False,edge_no_two_neighbors,-1
stage2,17773,1,571,1.142,362.5,779.0,834.0,832.0,True,,0
stage2,17773,2,987,1.974,779.0,1205.5,832.0,874.0,True,,1
stage2,17773,3,1424,2.848,1205.5,1667.5,874.0,974.0,True,,2
stage2,17773,4,1911,3.822,1667.5,2156.5,974.0,982.0,True,,3
stage2,17773,5,2402,4.804,2156.5,2634.5,982.0,930.0,True,,4
stage2,17773,6,2867,5.734,2634.5,3089.0,930.0,888.0,True,,5
stage2,17773,7,3311,6.622,3089.0,3527.0,888.0,864.0,True,,6
stage2,17773,8,3743,7.486,3527.0,3957.0,864.0,856.0,True,,7
stage2,17773,9,4171,8.342,3957.0,4391.0,856.0,880.0,True,,8
stage2,17773,10,4611,9.222,4391.0,,880.0,,False,edge_no_two_neighbors,-1
stage2,17800,0,149,0.298,,360.0,,844.0,False,edge_no_two_neighbors,-1
stage2,17800,1,571,1.142,360.0,778.0,844.0,828.0,True,,0
stage2,17800,2,985,1.97,778.0,1199.5,828.0,858.0,True,,1
stage2,17800,3,1414,2.828,1199.5,1611.5,858.0,790.0,True,,2
stage2,17800,4,1809,3.618,1611.5,1998.5,790.0,758.0,True,,3
stage2,17800,5,2188,4.376,1998.5,2378.0,758.0,760.0,True,,4
stage2,17800,6,2568,5.136,2378.0,2778.0,760.0,840.0,True,,5
stage2,17800,7,2988,5.976,2778.0,3217.0,840.0,916.0,True,,6
stage2,17800,8,3446,6.892,3217.0,3670.5,916.0,898.0,True,,7
stage2,17800,9,3895,7.79,3670.5,4120.5,898.0,902.0,True,,8
stage2,17800,10,4346,8.692,4120.5,4565.5,902.0,878.0,True,,9
stage2,17800,11,4785,9.57,4565.5,,878.0,,False,edge_no_two_neighbors,-1
stage2,17859,0,385,0.77,,637.5,,1010.0,False,edge_no_two_neighbors,-1
stage2,17859,1,890,1.78,637.5,1146.0,1010.0,1024.0,True,,0
stage2,17859,2,1402,2.804,1146.0,1655.0,1024.0,1012.0,True,,1
stage2,17859,3,1908,3.816,1655.0,2155.5,1012.0,990.0,True,,2
stage2,17859,4,2403,4.806,2155.5,2658.5,990.0,1022.0,True,,3
stage2,17859,5,2914,5.828,2658.5,3174.5,1022.0,1042.0,True,,4
stage2,17859,6,3435,6.87,3174.5,3696.0,1042.0,1044.0,True,,5
stage2,17859,7,3957,7.914,3696.0,4210.5,1044.0,1014.0,True,,6
stage2,17859,8,4464,8.928,4210.5,,1014.0,,False,edge_no_two_neighbors,-1
stage2,17896,0,14,0.028,,308.0,,1176.0,False,edge_no_two_neighbors,-1
stage2,17896,1,602,1.204,308.0,894.5,1176.0,1170.0,True,,0
stage2,17896,2,1187,2.374,894.5,1469.0,1170.0,1128.0,True,,1
stage2,17896,3,1751,3.502,1469.0,2061.0,1128.0,1240.0,True,,2
stage2,17896,4,2371,4.742,2061.0,2670.0,1240.0,1196.0,True,,3
stage2,17896,5,2969,5.938,2670.0,3265.0,1196.0,1184.0,True,,4
stage2,17896,6,3561,7.122,3265.0,3875.0,1184.0,1256.0,True,,5
stage2,17896,7,4189,8.378,3875.0,4480.0,1256.0,1164.0,True,,6
stage2,17896,8,4771,9.542,4480.0,,1164.0,,False,edge_no_two_neighbors,-1
stage2,17907,0,148,0.296,,323.0,,700.0,False,edge_no_two_neighbors,-1
stage2,17907,1,498,0.996,323.0,672.5,700.0,698.0,True,,0
stage2,17907,2,847,1.694,672.5,1023.5,698.0,706.0,True,,1
stage2,17907,3,1200,2.4,1023.5,1377.0,706.0,708.0,True,,2
stage2,17907,4,1554,3.108,1377.0,1728.0,708.0,696.0,True,,3
stage2,17907,5,1902,3.804,1728.0,2077.0,696.0,700.0,True,,4
stage2,17907,6,2252,4.504,2077.0,2427.0,700.0,700.0,True,,5
stage2,17907,7,2602,5.204,2427.0,2774.0,700.0,688.0,True,,6
stage2,17907,8,2946,5.892,2774.0,3117.5,688.0,686.0,True,,7
stage2,17907,9,3289,6.578,3117.5,3462.5,686.0,694.0,True,,8
stage2,17907,10,3636,7.272,3462.5,3809.0,694.0,692.0,True,,9
stage2,17907,11,3982,7.964,3809.0,4153.0,692.0,684.0,True,,10
stage2,17907,12,4324,8.648,4153.0,4496.0,684.0,688.0,True,,11
stage2,17907,13,4668,9.336,4496.0,,688.0,,False,edge_no_two_neighbors,-1
stage2,18014,0,34,0.068,,248.0,,856.0,False,edge_no_two_neighbors,-1
stage2,18014,1,462,0.924,248.0,678.0,856.0,864.0,True,,0
stage2,18014,2,894,1.788,678.0,1109.0,864.0,860.0,True,,1
stage2,18014,3,1324,2.648,1109.0,1537.5,860.0,854.0,True,,2
stage2,18014,4,1751,3.502,1537.5,1959.0,854.0,832.0,True,,3
stage2,18014,5,2167,4.334,1959.0,2377.0,832.0,840.0,True,,4
stage2,18014,6,2587,5.174,2377.0,2800.0,840.0,852.0,True,,5
stage2,18014,7,3013,6.026,2800.0,3228.5,852.0,862.0,True,,6
stage2,18014,8,3444,6.888,3228.5,3660.5,862.0,866.0,True,,7
stage2,18014,9,3877,7.754,3660.5,4091.0,866.0,856.0,True,,8
stage2,18014,10,4305,8.61,4091.0,4522.5,856.0,870.0,True,,9
stage2,18014,11,4740,9.48,4522.5,,870.0,,False,edge_no_two_neighbors,-1
stage2,18030,0,227,0.454,,424.5,,790.0,False,edge_no_two_neighbors,-1
stage2,18030,1,622,1.244,424.5,820.0,790.0,792.0,True,,0
stage2,18030,2,1018,2.036,820.0,1215.5,792.0,790.0,True,,1
stage2,18030,3,1413,2.826,1215.5,1611.5,790.0,794.0,True,,2
stage2,18030,4,1810,3.62,1611.5,2007.0,794.0,788.0,True,,3
stage2,18030,5,2204,4.408,2007.0,2401.5,788.0,790.0,True,,4
stage2,18030,6,2599,5.198,2401.5,2798.0,790.0,796.0,True,,5
stage2,18030,7,2997,5.994,2798.0,3195.0,796.0,792.0,True,,6
stage2,18030,8,3393,6.786,3195.0,3590.5,792.0,790.0,True,,7
stage2,18030,9,3788,7.576,3590.5,3986.5,790.0,794.0,True,,8
stage2,18030,10,4185,8.37,3986.5,4384.0,794.0,796.0,True,,9
stage2,18030,11,4583,9.166,4384.0,,796.0,,False,edge_no_two_neighbors,-1
stage2,18031,0,400,0.8,,655.0,,1020.0,False,edge_no_two_neighbors,-1
stage2,18031,1,910,1.82,655.0,1176.5,1020.0,1066.0,True,,0
stage2,18031,2,1443,2.886,1176.5,1697.0,1066.0,1016.0,True,,1
stage2,18031,3,1951,3.902,1697.0,2204.0,1016.0,1012.0,True,,2
stage2,18031,4,2457,4.914,2204.0,2718.0,1012.0,1044.0,True,,3
stage2,18031,5,2979,5.958,2718.0,3221.0,1044.0,968.0,True,,4
stage2,18031,6,3463,6.926,3221.0,3686.0,968.0,892.0,True,,5
stage2,18031,7,3909,7.818,3686.0,4144.0,892.0,940.0,True,,6
stage2,18031,8,4379,8.758,4144.0,4634.0,940.0,1020.0,True,,7
stage2,18031,9,4889,9.778,4634.0,,1020.0,,False,edge_no_two_neighbors,-1
stage2,18066,0,120,0.24,,281.0,,644.0,False,edge_no_two_neighbors,-1
stage2,18066,1,442,0.884,281.0,602.0,644.0,640.0,True,,0
stage2,18066,2,762,1.524,602.0,917.0,640.0,620.0,True,,1
stage2,18066,3,1072,2.144,917.0,1221.0,620.0,596.0,True,,2
stage2,18066,4,1370,2.74,1221.0,1516.5,596.0,586.0,True,,3
stage2,18066,5,1663,3.326,1516.5,1811.5,586.0,594.0,True,,4
stage2,18066,6,1960,3.92,1811.5,2110.5,594.0,602.0,True,,5
stage2,18066,7,2261,4.522,2110.5,2413.5,602.0,610.0,True,,6
stage2,18066,8,2566,5.132,2413.5,2719.5,610.0,614.0,True,,7
stage2,18066,9,2873,5.746,2719.5,3028.5,614.0,622.0,True,,8
stage2,18066,10,3184,6.368,3028.5,3341.0,622.0,628.0,True,,9
stage2,18066,11,3498,6.996,3341.0,3657.0,628.0,636.0,True,,10
stage2,18066,12,3816,7.632,3657.0,3976.0,636.0,640.0,True,,11
stage2,18066,13,4136,8.272,3976.0,4297.5,640.0,646.0,True,,12
stage2,18066,14,4459,8.918,4297.5,4623.5,646.0,658.0,True,,13
stage2,18066,15,4788,9.576,4623.5,,658.0,,False,edge_no_two_neighbors,-1
stage2,18147,0,144,0.288,,478.5,,1338.0,False,edge_no_two_neighbors,-1
stage2,18147,1,813,1.626,478.5,1141.5,1338.0,1314.0,True,,0
stage2,18147,2,1470,2.94,1141.5,1802.5,1314.0,1330.0,True,,1
stage2,18147,3,2135,4.27,1802.5,2469.5,1330.0,1338.0,True,,2
stage2,18147,4,2804,5.608,2469.5,3137.0,1338.0,1332.0,True,,3
stage2,18147,5,3470,6.94,3137.0,3802.5,1332.0,1330.0,True,,4
stage2,18147,6,4135,8.27,3802.5,4469.0,1330.0,1336.0,True,,5
stage2,18147,7,4803,9.606,4469.0,,1336.0,,False,edge_no_two_neighbors,-1
stage2,18257,0,261,0.522,,445.0,,736.0,False,edge_no_two_neighbors,-1
stage2,18257,1,629,1.258,445.0,812.5,736.0,734.0,True,,0
stage2,18257,2,996,1.992,812.5,1177.5,734.0,726.0,True,,1
stage2,18257,3,1359,2.718,1177.5,1540.5,726.0,726.0,True,,2
stage2,18257,4,1722,3.444,1540.5,1904.5,726.0,730.0,True,,3
stage2,18257,5,2087,4.174,1904.5,2272.0,730.0,740.0,True,,4
stage2,18257,6,2457,4.914,2272.0,2642.5,740.0,742.0,True,,5
stage2,18257,7,2828,5.656,2642.5,3012.5,742.0,738.0,True,,6
stage2,18257,8,3197,6.394,3012.5,3380.5,738.0,734.0,True,,7
stage2,18257,9,3564,7.128,3380.5,3745.0,734.0,724.0,True,,8
stage2,18257,10,3926,7.852,3745.0,4108.0,724.0,728.0,True,,9
stage2,18257,11,4290,8.58,4108.0,4470.0,728.0,720.0,True,,10
stage2,18257,12,4650,9.3,4470.0,,720.0,,False,edge_no_two_neighbors,-1
stage2,18353,0,194,0.388,,422.5,,914.0,False,edge_no_two_neighbors,-1
stage2,18353,1,651,1.302,422.5,887.5,914.0,946.0,True,,0
stage2,18353,2,1124,2.248,887.5,1357.5,946.0,934.0,True,,1
stage2,18353,3,1591,3.182,1357.5,1829.5,934.0,954.0,True,,2
stage2,18353,4,2068,4.136,1829.5,2309.0,954.0,964.0,True,,3
stage2,18353,5,2550,5.1,2309.0,2792.0,964.0,968.0,True,,4
stage2,18353,6,3034,6.068,2792.0,3279.0,968.0,980.0,True,,5
stage2,18353,7,3524,7.048,3279.0,3769.0,980.0,980.0,True,,6
stage2,18353,8,4014,8.028,3769.0,4260.5,980.0,986.0,True,,7
stage2,18353,9,4507,9.014,4260.5,,986.0,,False,edge_no_two_neighbors,-1
stage2,18429,0,195,0.39,,406.0,,844.0,False,edge_no_two_neighbors,-1
stage2,18429,1,617,1.234,406.0,844.0,844.0,908.0,True,,0
stage2,18429,2,1071,2.142,844.0,1302.0,908.0,924.0,True,,1
stage2,18429,3,1533,3.066,1302.0,1769.5,924.0,946.0,True,,2
stage2,18429,4,2006,4.012,1769.5,2146.0,946.0,560.0,True,,3
stage2,18429,5,2286,4.572,2146.0,2627.0,560.0,1364.0,True,,4
stage2,18429,6,2968,5.936,2627.0,3110.5,1364.0,570.0,True,,5
stage2,18429,7,3253,6.506,3110.5,3577.5,570.0,1298.0,True,,6
stage2,18429,8,3902,7.804,3577.5,4050.5,1298.0,594.0,True,,7
stage2,18429,9,4199,8.398,4050.5,4492.0,594.0,1172.0,True,,8
stage2,18429,10,4785,9.57,4492.0,,1172.0,,False,edge_no_two_neighbors,-1
stage2,18517,0,352,0.704,,628.5,,1106.0,False,edge_no_two_neighbors,-1
stage2,18517,1,905,1.81,628.5,1180.0,1106.0,1100.0,True,,0
stage2,18517,2,1455,2.91,1180.0,1715.5,1100.0,1042.0,True,,1
stage2,18517,3,1976,3.952,1715.5,2219.0,1042.0,972.0,True,,2
stage2,18517,4,2462,4.924,2219.0,2707.0,972.0,980.0,True,,3
stage2,18517,5,2952,5.904,2707.0,3209.0,980.0,1028.0,True,,4
stage2,18517,6,3466,6.932,3209.0,3728.0,1028.0,1048.0,True,,5
stage2,18517,7,3990,7.98,3728.0,4235.5,1048.0,982.0,True,,6
stage2,18517,8,4481,8.962,4235.5,4711.0,982.0,920.0,True,,7
stage2,18517,9,4941,9.882,4711.0,,920.0,,False,edge_no_two_neighbors,-1
stage2,18572,0,370,0.74,,662.0,,1168.0,False,edge_no_two_neighbors,-1
stage2,18572,1,954,1.908,662.0,1238.0,1168.0,1136.0,True,,0
stage2,18572,2,1522,3.044,1238.0,1819.0,1136.0,1188.0,True,,1
stage2,18572,3,2116,4.232,1819.0,2406.5,1188.0,1162.0,True,,2
stage2,18572,4,2697,5.394,2406.5,2982.5,1162.0,1142.0,True,,3
stage2,18572,5,3268,6.536,2982.5,3567.5,1142.0,1198.0,True,,4
stage2,18572,6,3867,7.734,3567.5,4158.0,1198.0,1164.0,True,,5
stage2,18572,7,4449,8.898,4158.0,,1164.0,,False,edge_no_two_neighbors,-1
stage2,18679,0,354,0.708,,542.5,,754.0,False,edge_no_two_neighbors,-1
stage2,18679,1,731,1.462,542.5,948.0,754.0,868.0,True,,0
stage2,18679,2,1165,2.33,948.0,1598.0,868.0,1732.0,True,,1
stage2,18679,3,2031,4.062,1598.0,2226.0,1732.0,780.0,True,,2
stage2,18679,4,2421,4.842,2226.0,2533.5,780.0,450.0,True,,3
stage2,18679,5,2646,5.292,2533.5,2952.5,450.0,1226.0,True,,4
stage2,18679,6,3259,6.518,2952.5,3445.5,1226.0,746.0,True,,5
stage2,18679,7,3632,7.264,3445.5,3826.0,746.0,776.0,True,,6
stage2,18679,8,4020,8.04,3826.0,4229.0,776.0,836.0,True,,7
stage2,18679,9,4438,8.876,4229.0,,836.0,,False,edge_no_two_neighbors,-1
stage2,18726,0,87,0.174,,388.5,,1206.0,False,edge_no_two_neighbors,-1
stage2,18726,1,690,1.38,388.5,967.5,1206.0,1110.0,True,,0
stage2,18726,2,1245,2.49,967.5,1522.5,1110.0,1110.0,True,,1
stage2,18726,3,1800,3.6,1522.5,2076.5,1110.0,1106.0,True,,2
stage2,18726,4,2353,4.706,2076.5,2644.0,1106.0,1164.0,True,,3
stage2,18726,5,2935,5.87,2644.0,3231.0,1164.0,1184.0,True,,4
stage2,18726,6,3527,7.054,3231.0,3817.5,1184.0,1162.0,True,,5
stage2,18726,7,4108,8.216,3817.5,4387.5,1162.0,1118.0,True,,6
stage2,18726,8,4667,9.334,4387.5,,1118.0,,False,edge_no_two_neighbors,-1
stage2,18768,0,75,0.15,,295.0,,880.0,False,edge_no_two_neighbors,-1
stage2,18768,1,515,1.03,295.0,736.0,880.0,884.0,True,,0
stage2,18768,2,957,1.914,736.0,1178.0,884.0,884.0,True,,1
stage2,18768,3,1399,2.798,1178.0,1618.5,884.0,878.0,True,,2
stage2,18768,4,1838,3.676,1618.5,2058.0,878.0,880.0,True,,3
stage2,18768,5,2278,4.556,2058.0,2507.5,880.0,918.0,True,,4
stage2,18768,6,2737,5.474,2507.5,2971.0,918.0,936.0,True,,5
stage2,18768,7,3205,6.41,2971.0,3430.5,936.0,902.0,True,,6
stage2,18768,8,3656,7.312,3430.5,3883.0,902.0,908.0,True,,7
stage2,18768,9,4110,8.22,3883.0,4341.0,908.0,924.0,True,,8
stage2,18768,10,4572,9.144,4341.0,,924.0,,False,edge_no_two_neighbors,-1
stage2,18835,0,204,0.408,,443.0,,956.0,False,edge_no_two_neighbors,-1
stage2,18835,1,682,1.364,443.0,921.0,956.0,956.0,True,,0
stage2,18835,2,1160,2.32,921.0,1396.0,956.0,944.0,True,,1
stage2,18835,3,1632,3.264,1396.0,1868.5,944.0,946.0,True,,2
stage2,18835,4,2105,4.21,1868.5,2342.0,946.0,948.0,True,,3
stage2,18835,5,2579,5.158,2342.0,2814.0,948.0,940.0,True,,4
stage2,18835,6,3049,6.098,2814.0,3284.0,940.0,940.0,True,,5
stage2,18835,7,3519,7.038,3284.0,3755.5,940.0,946.0,True,,6
stage2,18835,8,3992,7.984,3755.5,4229.5,946.0,950.0,True,,7
stage2,18835,9,4467,8.934,4229.5,4703.0,950.0,944.0,True,,8
stage2,18835,10,4939,9.878,4703.0,,944.0,,False,edge_no_two_neighbors,-1
stage2,19020,0,396,0.792,,630.0,,936.0,False,edge_no_two_neighbors,-1
stage2,19020,1,864,1.728,630.0,1105.5,936.0,966.0,True,,0
stage2,19020,2,1347,2.694,1105.5,1586.5,966.0,958.0,True,,1
stage2,19020,3,1826,3.652,1586.5,2063.0,958.0,948.0,True,,2
stage2,19020,4,2300,4.6,2063.0,2537.5,948.0,950.0,True,,3
stage2,19020,5,2775,5.55,2537.5,3016.0,950.0,964.0,True,,4
stage2,19020,6,3257,6.514,3016.0,3494.5,964.0,950.0,True,,5
stage2,19020,7,3732,7.464,3494.5,3965.0,950.0,932.0,True,,6
stage2,19020,8,4198,8.396,3965.0,4432.0,932.0,936.0,True,,7
stage2,19020,9,4666,9.332,4432.0,,936.0,,False,edge_no_two_neighbors,-1
stage2,19027,0,336,0.672,,515.5,,718.0,False,edge_no_two_neighbors,-1
stage2,19027,1,695,1.39,515.5,873.5,718.0,714.0,True,,0
stage2,19027,2,1052,2.104,873.5,1229.0,714.0,708.0,True,,1
stage2,19027,3,1406,2.812,1229.0,1582.5,708.0,706.0,True,,2
stage2,19027,4,1759,3.518,1582.5,1936.5,706.0,710.0,True,,3
stage2,19027,5,2114,4.228,1936.5,2291.0,710.0,708.0,True,,4
stage2,19027,6,2468,4.936,2291.0,2647.0,708.0,716.0,True,,5
stage2,19027,7,2826,5.652,2647.0,3009.5,716.0,734.0,True,,6
stage2,19027,8,3193,6.386,3009.5,3379.5,734.0,746.0,True,,7
stage2,19027,9,3566,7.132,3379.5,3749.5,746.0,734.0,True,,8
stage2,19027,10,3933,7.866,3749.5,4116.0,734.0,732.0,True,,9
stage2,19027,11,4299,8.598,4116.0,4482.5,732.0,734.0,True,,10
stage2,19027,12,4666,9.332,4482.5,,734.0,,False,edge_no_two_neighbors,-1
stage2,19035,0,153,0.306,,321.0,,672.0,False,edge_no_two_neighbors,-1
stage2,19035,1,489,0.978,321.0,657.5,672.0,674.0,True,,0
stage2,19035,2,826,1.652,657.5,995.0,674.0,676.0,True,,1
stage2,19035,3,1164,2.328,995.0,1337.0,676.0,692.0,True,,2
stage2,19035,4,1510,3.02,1337.0,1683.5,692.0,694.0,True,,3
stage2,19035,5,1857,3.714,1683.5,2026.5,694.0,678.0,True,,4
stage2,19035,6,2196,4.392,2026.5,2363.0,678.0,668.0,True,,5
stage2,19035,7,2530,5.06,2363.0,2694.0,668.0,656.0,True,,6
stage2,19035,8,2858,5.716,2694.0,3016.5,656.0,634.0,True,,7
stage2,19035,9,3175,6.35,3016.5,3328.5,634.0,614.0,True,,8
stage2,19035,10,3482,6.964,3328.5,3635.0,614.0,612.0,True,,9
stage2,19035,11,3788,7.576,3635.0,3945.0,612.0,628.0,True,,10
stage2,19035,12,4102,8.204,3945.0,4261.0,628.0,636.0,True,,11
stage2,19035,13,4420,8.84,4261.0,4584.0,636.0,656.0,True,,12
stage2,19035,14,4748,9.496,4584.0,,656.0,,False,edge_no_two_neighbors,-1
stage2,19087,0,404,0.808,,605.0,,804.0,False,edge_no_two_neighbors,-1
stage2,19087,1,806,1.612,605.0,1030.0,804.0,896.0,True,,0
stage2,19087,2,1254,2.508,1030.0,1542.0,896.0,1152.0,True,,1
stage2,19087,3,1830,3.66,1542.0,2099.0,1152.0,1076.0,True,,2
stage2,19087,4,2368,4.736,2099.0,2593.5,1076.0,902.0,True,,3
stage2,19087,5,2819,5.638,2593.5,3058.0,902.0,956.0,True,,4
stage2,19087,6,3297,6.594,3058.0,3543.0,956.0,984.0,True,,5
stage2,19087,7,3789,7.578,3543.0,4020.0,984.0,924.0,True,,6
stage2,19087,8,4251,8.502,4020.0,4457.0,924.0,824.0,True,,7
stage2,19087,9,4663,9.326,4457.0,,824.0,,False,edge_no_two_neighbors,-1
stage2,19122,0,312,0.624,,386.5,,298.0,False,edge_no_two_neighbors,-1
stage2,19122,1,461,0.922,386.5,630.5,298.0,678.0,False,rr_out_of_range,-1
stage2,19122,2,800,1.6,630.5,1046.0,678.0,984.0,False,rr_out_of_range,-1
stage2,19122,3,1292,2.584,1046.0,1367.0,984.0,300.0,False,rr_out_of_range,-1
stage2,19122,4,1442,2.884,1367.0,1620.0,300.0,712.0,False,rr_out_of_range,-1
stage2,19122,5,1798,3.596,1620.0,1873.0,712.0,300.0,False,rr_out_of_range,-1
stage2,19122,6,1948,3.896,1873.0,2121.0,300.0,692.0,False,rr_out_of_range,-1
stage2,19122,7,2294,4.588,2121.0,2367.5,692.0,294.0,False,rr_out_of_range,-1
stage2,19122,8,2441,4.882,2367.5,2608.5,294.0,670.0,False,rr_out_of_range,-1
stage2,19122,9,2776,5.552,2608.5,3027.0,670.0,1004.0,False,rr_out_of_range,-1
stage2,19122,10,3278,6.556,3027.0,3537.5,1004.0,1038.0,False,rr_out_of_range,-1
stage2,19122,11,3797,7.594,3537.5,3871.5,1038.0,298.0,False,rr_out_of_range,-1
stage2,19122,12,3946,7.892,3871.5,4128.5,298.0,730.0,False,rr_out_of_range,-1
stage2,19122,13,4311,8.622,4128.5,4385.0,730.0,296.0,False,rr_out_of_range,-1
stage2,19122,14,4459,8.918,4385.0,4629.5,296.0,682.0,False,rr_out_of_range,-1
stage2,19122,15,4800,9.6,4629.5,,682.0,,False,edge_no_two_neighbors,-1
stage2,19248,0,266,0.532,,494.5,,914.0,False,edge_no_two_neighbors,-1
stage2,19248,1,723,1.446,494.5,952.0,914.0,916.0,True,,0
stage2,19248,2,1181,2.362,952.0,1406.5,916.0,902.0,True,,1
stage2,19248,3,1632,3.264,1406.5,1855.5,902.0,894.0,True,,2
stage2,19248,4,2079,4.158,1855.5,2306.5,894.0,910.0,True,,3
stage2,19248,5,2534,5.068,2306.5,2765.5,910.0,926.0,True,,4
stage2,19248,6,2997,5.994,2765.5,3226.5,926.0,918.0,True,,5
stage2,19248,7,3456,6.912,3226.5,3682.0,918.0,904.0,True,,6
stage2,19248,8,3908,7.816,3682.0,4134.5,904.0,906.0,True,,7
stage2,19248,9,4361,8.722,4134.5,4587.0,906.0,904.0,True,,8
stage2,19248,10,4813,9.626,4587.0,,904.0,,False,edge_no_two_neighbors,-1
stage2,19307,0,29,0.058,,228.0,,796.0,False,edge_no_two_neighbors,-1
stage2,19307,1,427,0.854,228.0,625.5,796.0,794.0,True,,0
stage2,19307,2,824,1.648,625.5,1014.5,794.0,762.0,True,,1
stage2,19307,3,1205,2.41,1014.5,1399.0,762.0,776.0,True,,2
stage2,19307,4,1593,3.186,1399.0,1796.5,776.0,814.0,True,,3
stage2,19307,5,2000,4.0,1796.5,2198.5,814.0,794.0,True,,4
stage2,19307,6,2397,4.794,2198.5,2593.5,794.0,786.0,True,,5
stage2,19307,7,2790,5.58,2593.5,2997.0,786.0,828.0,True,,6
stage2,19307,8,3204,6.408,2997.0,3419.5,828.0,862.0,True,,7
stage2,19307,9,3635,7.27,3419.5,3835.0,862.0,800.0,True,,8
stage2,19307,10,4035,8.07,3835.0,4226.0,800.0,764.0,True,,9
stage2,19307,11,4417,8.834,4226.0,4604.0,764.0,748.0,True,,10
stage2,19307,12,4791,9.582,4604.0,,748.0,,False,edge_no_two_neighbors,-1
stage2,19308,0,239,0.478,,527.5,,1154.0,False,edge_no_two_neighbors,-1
stage2,19308,1,816,1.632,527.5,1103.0,1154.0,1148.0,True,,0
stage2,19308,2,1390,2.78,1103.0,1682.0,1148.0,1168.0,True,,1
stage2,19308,3,1974,3.948,1682.0,2264.5,1168.0,1162.0,True,,2
stage2,19308,4,2555,5.11,2264.5,2842.0,1162.0,1148.0,True,,3
stage2,19308,5,3129,6.258,2842.0,3421.0,1148.0,1168.0,True,,4
stage2,19308,6,3713,7.426,3421.0,4006.0,1168.0,1172.0,True,,5
stage2,19308,7,4299,8.598,4006.0,4587.5,1172.0,1154.0,True,,6
stage2,19308,8,4876,9.752,4587.5,,1154.0,,False,edge_no_two_neighbors,-1
stage2,19331,0,18,0.036,,283.0,,1060.0,False,edge_no_two_neighbors,-1
stage2,19331,1,548,1.096,283.0,809.5,1060.0,1046.0,True,,0
stage2,19331,2,1071,2.142,809.5,1336.5,1046.0,1062.0,True,,1
stage2,19331,3,1602,3.204,1336.5,1861.5,1062.0,1038.0,True,,2
stage2,19331,4,2121,4.242,1861.5,2370.0,1038.0,996.0,True,,3
stage2,19331,5,2619,5.238,2370.0,2874.0,996.0,1020.0,True,,4
stage2,19331,6,3129,6.258,2874.0,3385.5,1020.0,1026.0,True,,5
stage2,19331,7,3642,7.284,3385.5,3884.5,1026.0,970.0,True,,6
stage2,19331,8,4127,8.254,3884.5,4381.5,970.0,1018.0,True,,7
stage2,19331,9,4636,9.272,4381.5,,1018.0,,False,edge_no_two_neighbors,-1
stage2,19373,0,14,0.028,,242.5,,914.0,False,edge_no_two_neighbors,-1
stage2,19373,1,471,0.942,242.5,704.0,914.0,932.0,True,,0
stage2,19373,2,937,1.874,704.0,1175.0,932.0,952.0,True,,1
stage2,19373,3,1413,2.826,1175.0,1648.0,952.0,940.0,True,,2
stage2,19373,4,1883,3.766,1648.0,2119.0,940.0,944.0,True,,3
stage2,19373,5,2355,4.71,2119.0,2589.0,944.0,936.0,True,,4
stage2,19373,6,2823,5.646,2589.0,3057.0,936.0,936.0,True,,5
stage2,19373,7,3291,6.582,3057.0,3528.0,936.0,948.0,True,,6
stage2,19373,8,3765,7.53,3528.0,3998.0,948.0,932.0,True,,7
stage2,19373,9,4231,8.462,3998.0,4464.5,932.0,934.0,True,,8
stage2,19373,10,4698,9.396,4464.5,,934.0,,False,edge_no_two_neighbors,-1
stage2,19489,0,127,0.254,,368.0,,964.0,False,edge_no_two_neighbors,-1
stage2,19489,1,609,1.218,368.0,857.0,964.0,992.0,True,,0
stage2,19489,2,1105,2.21,857.0,1356.5,992.0,1006.0,True,,1
stage2,19489,3,1608,3.216,1356.5,1852.0,1006.0,976.0,True,,2
stage2,19489,4,2096,4.192,1852.0,2347.5,976.0,1006.0,True,,3
stage2,19489,5,2599,5.198,2347.5,2849.0,1006.0,1000.0,True,,4
stage2,19489,6,3099,6.198,2849.0,3341.5,1000.0,970.0,True,,5
stage2,19489,7,3584,7.168,3341.5,3837.0,970.0,1012.0,True,,6
stage2,19489,8,4090,8.18,3837.0,4341.5,1012.0,1006.0,True,,7
stage2,19489,9,4593,9.186,4341.5,,1006.0,,False,edge_no_two_neighbors,-1
stage2,19493,0,309,0.618,,554.0,,980.0,False,edge_no_two_neighbors,-1
stage2,19493,1,799,1.598,554.0,1042.5,980.0,974.0,True,,0
stage2,19493,2,1286,2.572,1042.5,1533.0,974.0,988.0,True,,1
stage2,19493,3,1780,3.56,1533.0,2027.5,988.0,990.0,True,,2
stage2,19493,4,2275,4.55,2027.5,2520.5,990.0,982.0,True,,3
stage2,19493,5,2766,5.532,2520.5,3009.5,982.0,974.0,True,,4
stage2,19493,6,3253,6.506,3009.5,3494.5,974.0,966.0,True,,5
stage2,19493,7,3736,7.472,3494.5,3979.5,966.0,974.0,True,,6
stage2,19493,8,4223,8.446,3979.5,4466.0,974.0,972.0,True,,7
stage2,19493,9,4709,9.418,4466.0,,972.0,,False,edge_no_two_neighbors,-1
stage2,19505,0,103,0.206,,211.0,,432.0,False,edge_no_two_neighbors,-1
stage2,19505,1,319,0.638,211.0,428.0,432.0,436.0,True,,0
stage2,19505,2,537,1.074,428.0,645.5,436.0,434.0,True,,1
stage2,19505,3,754,1.508,645.5,862.0,434.0,432.0,True,,2
stage2,19505,4,970,1.94,862.0,1078.0,432.0,432.0,True,,3
stage2,19505,5,1186,2.372,1078.0,1294.0,432.0,432.0,True,,4
stage2,19505,6,1402,2.804,1294.0,1509.5,432.0,430.0,True,,5
stage2,19505,7,1617,3.234,1509.5,1724.5,430.0,430.0,True,,6
stage2,19505,8,1832,3.664,1724.5,1939.5,430.0,430.0,True,,7
stage2,19505,9,2047,4.094,1939.5,2154.0,430.0,428.0,True,,8
stage2,19505,10,2261,4.522,2154.0,2368.0,428.0,428.0,True,,9
stage2,19505,11,2475,4.95,2368.0,2582.0,428.0,428.0,True,,10
stage2,19505,12,2689,5.378,2582.0,2796.0,428.0,428.0,True,,11
stage2,19505,13,2903,5.806,2796.0,3010.0,428.0,428.0,True,,12
stage2,19505,14,3117,6.234,3010.0,3224.5,428.0,430.0,True,,13
stage2,19505,15,3332,6.664,3224.5,3439.5,430.0,430.0,True,,14
stage2,19505,16,3547,7.094,3439.5,3655.0,430.0,432.0,True,,15
stage2,19505,17,3763,7.526,3655.0,3871.5,432.0,434.0,True,,16
stage2,19505,18,3980,7.96,3871.5,4089.0,434.0,436.0,True,,17
stage2,19505,19,4198,8.396,4089.0,4307.0,436.0,436.0,True,,18
stage2,19505,20,4416,8.832,4307.0,4525.5,436.0,438.0,True,,19
stage2,19505,21,4635,9.27,4525.5,4744.5,438.0,438.0,True,,20
stage2,19505,22,4854,9.708,4744.5,,438.0,,False,edge_no_two_neighbors,-1
stage2,19574,0,273,0.546,,441.5,,674.0,False,edge_no_two_neighbors,-1
stage2,19574,1,610,1.22,441.5,777.0,674.0,668.0,True,,0
stage2,19574,2,944,1.888,777.0,1113.0,668.0,676.0,True,,1
stage2,19574,3,1282,2.564,1113.0,1455.0,676.0,692.0,True,,2
stage2,19574,4,1628,3.256,1455.0,1806.0,692.0,712.0,True,,3
stage2,19574,5,1984,3.968,1806.0,2163.0,712.0,716.0,True,,4
stage2,19574,6,2342,4.684,2163.0,2526.5,716.0,738.0,True,,5
stage2,19574,7,2711,5.422,2526.5,2899.5,738.0,754.0,True,,6
stage2,19574,8,3088,6.176,2899.5,3276.5,754.0,754.0,True,,7
stage2,19574,9,3465,6.93,3276.5,3653.0,754.0,752.0,True,,8
stage2,19574,10,3841,7.682,3653.0,4030.5,752.0,758.0,True,,9
stage2,19574,11,4220,8.44,4030.5,4408.0,758.0,752.0,True,,10
stage2,19574,12,4596,9.192,4408.0,,752.0,,False,edge_no_two_neighbors,-1
stage2,19635,0,260,0.52,,576.5,,1266.0,False,edge_no_two_neighbors,-1
stage2,19635,1,893,1.786,576.5,1208.0,1266.0,1260.0,True,,0
stage2,19635,2,1523,3.046,1208.0,1833.0,1260.0,1240.0,True,,1
stage2,19635,3,2143,4.286,1833.0,2456.0,1240.0,1252.0,True,,2
stage2,19635,4,2769,5.538,2456.0,3099.5,1252.0,1322.0,True,,3
stage2,19635,5,3430,6.86,3099.5,3761.0,1322.0,1324.0,True,,4
stage2,19635,6,4092,8.184,3761.0,4448.0,1324.0,1424.0,True,,5
stage2,19635,7,4804,9.608,4448.0,,1424.0,,False,edge_no_two_neighbors,-1
stage2,19708,0,77,0.154,,302.5,,902.0,False,edge_no_two_neighbors,-1
stage2,19708,1,528,1.056,302.5,824.0,902.0,1184.0,True,,0
stage2,19708,2,1120,2.24,824.0,1418.5,1184.0,1194.0,True,,1
stage2,19708,3,1717,3.434,1418.5,2012.0,1194.0,1180.0,True,,2
stage2,19708,4,2307,4.614,2012.0,2598.5,1180.0,1166.0,True,,3
stage2,19708,5,2890,5.78,2598.5,3060.5,1166.0,682.0,True,,4
stage2,19708,6,3231,6.462,3060.5,3570.0,682.0,1356.0,True,,5
stage2,19708,7,3909,7.818,3570.0,4194.0,1356.0,1140.0,True,,6
stage2,19708,8,4479,8.958,4194.0,,1140.0,,False,edge_no_two_neighbors,-1
stage2,19753,0,36,0.072,,240.0,,816.0,False,edge_no_two_neighbors,-1
stage2,19753,1,444,0.888,240.0,647.0,816.0,812.0,True,,0
stage2,19753,2,850,1.7,647.0,1056.0,812.0,824.0,True,,1
stage2,19753,3,1262,2.524,1056.0,1469.0,824.0,828.0,True,,2
stage2,19753,4,1676,3.352,1469.0,1875.0,828.0,796.0,True,,3
stage2,19753,5,2074,4.148,1875.0,2281.5,796.0,830.0,True,,4
stage2,19753,6,2489,4.978,2281.5,2702.0,830.0,852.0,True,,5
stage2,19753,7,2915,5.83,2702.0,3123.5,852.0,834.0,True,,6
stage2,19753,8,3332,6.664,3123.5,3539.5,834.0,830.0,True,,7
stage2,19753,9,3747,7.494,3539.5,3959.0,830.0,848.0,True,,8
stage2,19753,10,4171,8.342,3959.0,4382.0,848.0,844.0,True,,9
stage2,19753,11,4593,9.186,4382.0,,844.0,,False,edge_no_two_neighbors,-1
stage2,19819,0,267,0.534,,528.5,,1046.0,False,edge_no_two_neighbors,-1
stage2,19819,1,790,1.58,528.5,1065.5,1046.0,1102.0,True,,0
stage2,19819,2,1341,2.682,1065.5,1621.5,1102.0,1122.0,True,,1
stage2,19819,3,1902,3.804,1621.5,2181.0,1122.0,1116.0,True,,2
stage2,19819,4,2460,4.92,2181.0,2727.0,1116.0,1068.0,True,,3
stage2,19819,5,2994,5.988,2727.0,3258.5,1068.0,1058.0,True,,4
stage2,19819,6,3523,7.046,3258.5,3779.5,1058.0,1026.0,True,,5
stage2,19819,7,4036,8.072,3779.5,4308.0,1026.0,1088.0,True,,6
stage2,19819,8,4580,9.16,4308.0,,1088.0,,False,edge_no_two_neighbors,-1
stage2,19830,0,343,0.686,,537.5,,778.0,False,edge_no_two_neighbors,-1
stage2,19830,1,732,1.464,537.5,933.5,778.0,806.0,True,,0
stage2,19830,2,1135,2.27,933.5,1342.0,806.0,828.0,True,,1
stage2,19830,3,1549,3.098,1342.0,1758.5,828.0,838.0,True,,2
stage2,19830,4,1968,3.936,1758.5,2170.0,838.0,808.0,True,,3
stage2,19830,5,2372,4.744,2170.0,2572.5,808.0,802.0,True,,4
stage2,19830,6,2773,5.546,2572.5,2969.0,802.0,784.0,True,,5
stage2,19830,7,3165,6.33,2969.0,3359.5,784.0,778.0,True,,6
stage2,19830,8,3554,7.108,3359.5,3750.5,778.0,786.0,True,,7
stage2,19830,9,3947,7.894,3750.5,4141.5,786.0,778.0,True,,8
stage2,19830,10,4336,8.672,4141.5,4527.5,778.0,766.0,True,,9
stage2,19830,11,4719,9.438,4527.5,,766.0,,False,edge_no_two_neighbors,-1
stage2,19835,0,154,0.308,,352.5,,794.0,False,edge_no_two_neighbors,-1
stage2,19835,1,551,1.102,352.5,751.0,794.0,800.0,True,,0
stage2,19835,2,951,1.902,751.0,1157.5,800.0,826.0,True,,1
stage2,19835,3,1364,2.728,1157.5,1575.5,826.0,846.0,True,,2
stage2,19835,4,1787,3.574,1575.5,1899.0,846.0,448.0,True,,3
stage2,19835,5,2011,4.022,1899.0,2107.0,448.0,384.0,True,,4
stage2,19835,6,2203,4.406,2107.0,2412.0,384.0,836.0,True,,5
stage2,19835,7,2621,5.242,2412.0,2832.5,836.0,846.0,True,,6
stage2,19835,8,3044,6.088,2832.5,3254.0,846.0,840.0,True,,7
stage2,19835,9,3464,6.928,3254.0,3672.5,840.0,834.0,True,,8
stage2,19835,10,3881,7.762,3672.5,4087.0,834.0,824.0,True,,9
stage2,19835,11,4293,8.586,4087.0,4495.0,824.0,808.0,True,,10
stage2,19835,12,4697,9.394,4495.0,,808.0,,False,edge_no_two_neighbors,-1
stage2,19895,0,375,0.75,,625.0,,1000.0,False,edge_no_two_neighbors,-1
stage2,19895,1,875,1.75,625.0,1142.5,1000.0,1070.0,True,,0
stage2,19895,2,1410,2.82,1142.5,1663.5,1070.0,1014.0,True,,1
stage2,19895,3,1917,3.834,1663.5,2169.5,1014.0,1010.0,True,,2
stage2,19895,4,2422,4.844,2169.5,2667.0,1010.0,980.0,True,,3
stage2,19895,5,2912,5.824,2667.0,3154.0,980.0,968.0,True,,4
stage2,19895,6,3396,6.792,3154.0,3645.5,968.0,998.0,True,,5
stage2,19895,7,3895,7.79,3645.5,4146.0,998.0,1004.0,True,,6
stage2,19895,8,4397,8.794,4146.0,4643.0,1004.0,984.0,True,,7
stage2,19895,9,4889,9.778,4643.0,,984.0,,False,edge_no_two_neighbors,-1
stage2,20221,0,139,0.278,,315.5,,706.0,False,edge_no_two_neighbors,-1
stage2,20221,1,492,0.984,315.5,674.0,706.0,728.0,True,,0
stage2,20221,2,856,1.712,674.0,1029.0,728.0,692.0,True,,1
stage2,20221,3,1202,2.404,1029.0,1375.0,692.0,692.0,True,,2
stage2,20221,4,1548,3.096,1375.0,1717.5,692.0,678.0,True,,3
stage2,20221,5,1887,3.774,1717.5,2062.5,678.0,702.0,True,,4
stage2,20221,6,2238,4.476,2062.5,2417.5,702.0,718.0,True,,5
stage2,20221,7,2597,5.194,2417.5,2772.5,718.0,702.0,True,,6
stage2,20221,8,2948,5.896,2772.5,3119.5,702.0,686.0,True,,7
stage2,20221,9,3291,6.582,3119.5,3454.0,686.0,652.0,True,,8
stage2,20221,10,3617,7.234,3454.0,3773.0,652.0,624.0,True,,9
stage2,20221,11,3929,7.858,3773.0,4073.5,624.0,578.0,True,,10
stage2,20221,12,4218,8.436,4073.5,4411.0,578.0,772.0,True,,11
stage2,20221,13,4604,9.208,4411.0,,772.0,,False,edge_no_two_neighbors,-1
stage2,20397,0,152,0.304,,417.0,,1060.0,False,edge_no_two_neighbors,-1
stage2,20397,1,682,1.364,417.0,941.5,1060.0,1038.0,True,,0
stage2,20397,2,1201,2.402,941.5,1439.5,1038.0,954.0,True,,1
stage2,20397,3,1678,3.356,1439.5,1889.5,954.0,846.0,True,,2
stage2,20397,4,2101,4.202,1889.5,2314.5,846.0,854.0,True,,3
stage2,20397,5,2528,5.056,2314.5,2758.5,854.0,922.0,True,,4
stage2,20397,6,2989,5.978,2758.5,3217.5,922.0,914.0,True,,5
stage2,20397,7,3446,6.892,3217.5,3666.5,914.0,882.0,True,,6
stage2,20397,8,3887,7.774,3666.5,4105.0,882.0,872.0,True,,7
stage2,20397,9,4323,8.646,4105.0,4563.5,872.0,962.0,True,,8
stage2,20397,10,4804,9.608,4563.5,,962.0,,False,edge_no_two_neighbors,-1
stage2,20538,0,153,0.306,,380.0,,908.0,False,edge_no_two_neighbors,-1
stage2,20538,1,607,1.214,380.0,834.5,908.0,910.0,True,,0
stage2,20538,2,1062,2.124,834.5,1287.5,910.0,902.0,True,,1
stage2,20538,3,1513,3.026,1287.5,1740.5,902.0,910.0,True,,2
stage2,20538,4,1968,3.936,1740.5,2196.0,910.0,912.0,True,,3
stage2,20538,5,2424,4.848,2196.0,2640.5,912.0,866.0,True,,4
stage2,20538,6,2857,5.714,2640.5,3076.0,866.0,876.0,True,,5
stage2,20538,7,3295,6.59,3076.0,3516.0,876.0,884.0,True,,6
stage2,20538,8,3737,7.474,3516.0,3961.0,884.0,896.0,True,,7
stage2,20538,9,4185,8.37,3961.0,4411.5,896.0,906.0,True,,8
stage2,20538,10,4638,9.276,4411.5,,906.0,,False,edge_no_two_neighbors,-1
stage2,20601,0,59,0.118,,272.5,,854.0,False,edge_no_two_neighbors,-1
stage2,20601,1,486,0.972,272.5,698.5,854.0,850.0,True,,0
stage2,20601,2,911,1.822,698.5,1126.5,850.0,862.0,True,,1
stage2,20601,3,1342,2.684,1126.5,1560.0,862.0,872.0,True,,2
stage2,20601,4,1778,3.556,1560.0,1999.0,872.0,884.0,True,,3
stage2,20601,5,2220,4.44,1999.0,2441.5,884.0,886.0,True,,4
stage2,20601,6,2663,5.326,2441.5,2882.5,886.0,878.0,True,,5
stage2,20601,7,3102,6.204,2882.5,3323.5,878.0,886.0,True,,6
stage2,20601,8,3545,7.09,3323.5,3764.0,886.0,876.0,True,,7
stage2,20601,9,3983,7.966,3764.0,4201.5,876.0,874.0,True,,8
stage2,20601,10,4420,8.84,4201.5,4644.0,874.0,896.0,True,,9
stage2,20601,11,4868,9.736,4644.0,,896.0,,False,edge_no_two_neighbors,-1
stage2,20607,0,261,0.522,,497.5,,946.0,False,edge_no_two_neighbors,-1
stage2,20607,1,734,1.468,497.5,970.5,946.0,946.0,True,,0
stage2,20607,2,1207,2.414,970.5,1442.5,946.0,942.0,True,,1
stage2,20607,3,1678,3.356,1442.5,1914.0,942.0,944.0,True,,2
stage2,20607,4,2150,4.3,1914.0,2386.0,944.0,944.0,True,,3
stage2,20607,5,2622,5.244,2386.0,2858.0,944.0,944.0,True,,4
stage2,20607,6,3094,6.188,2858.0,3329.5,944.0,942.0,True,,5
stage2,20607,7,3565,7.13,3329.5,3796.5,942.0,926.0,True,,6
stage2,20607,8,4028,8.056,3796.5,4257.5,926.0,918.0,True,,7
stage2,20607,9,4487,8.974,4257.5,4714.5,918.0,910.0,True,,8
stage2,20607,10,4942,9.884,4714.5,,910.0,,False,edge_no_two_neighbors,-1
stage2,20692,0,328,0.656,,571.5,,974.0,False,edge_no_two_neighbors,-1
stage2,20692,1,815,1.63,571.5,1056.5,974.0,966.0,True,,0
stage2,20692,2,1298,2.596,1056.5,1531.0,966.0,932.0,True,,1
stage2,20692,3,1764,3.528,1531.0,1998.0,932.0,936.0,True,,2
stage2,20692,4,2232,4.464,1998.0,2475.0,936.0,972.0,True,,3
stage2,20692,5,2718,5.436,2475.0,2963.5,972.0,982.0,True,,4
stage2,20692,6,3209,6.418,2963.5,3449.0,982.0,960.0,True,,5
stage2,20692,7,3689,7.378,3449.0,3920.0,960.0,924.0,True,,6
stage2,20692,8,4151,8.302,3920.0,4360.0,924.0,836.0,True,,7
stage2,20692,9,4569,9.138,4360.0,,836.0,,False,edge_no_two_neighbors,-1
stage2,20897,0,21,0.042,,90.0,,276.0,False,edge_no_two_neighbors,-1
stage2,20897,1,159,0.318,90.0,391.5,276.0,930.0,False,neighbor_rr_out_of_range,-1
stage2,20897,2,624,1.248,391.5,931.0,930.0,1228.0,True,,0
stage2,20897,3,1238,2.476,931.0,1553.5,1228.0,1262.0,True,,1
stage2,20897,4,1869,3.738,1553.5,2183.0,1262.0,1256.0,True,,2
stage2,20897,5,2497,4.994,2183.0,2811.0,1256.0,1256.0,True,,3
stage2,20897,6,3125,6.25,2811.0,3435.0,1256.0,1240.0,True,,4
stage2,20897,7,3745,7.49,3435.0,4063.0,1240.0,1272.0,True,,5
stage2,20897,8,4381,8.762,4063.0,,1272.0,,False,edge_no_two_neighbors,-1
stage2,20907,0,111,0.222,,264.5,,614.0,False,edge_no_two_neighbors,-1
stage2,20907,1,418,0.836,264.5,573.5,614.0,622.0,True,,0
stage2,20907,2,729,1.458,573.5,886.5,622.0,630.0,True,,1
stage2,20907,3,1044,2.088,886.5,1199.5,630.0,622.0,True,,2
stage2,20907,4,1355,2.71,1199.5,1508.0,622.0,612.0,True,,3
stage2,20907,5,1661,3.322,1508.0,1817.0,612.0,624.0,True,,4
stage2,20907,6,1973,3.946,1817.0,2130.5,624.0,630.0,True,,5
stage2,20907,7,2288,4.576,2130.5,2443.0,630.0,620.0,True,,6
stage2,20907,8,2598,5.196,2443.0,2752.5,620.0,618.0,True,,7
stage2,20907,9,2907,5.814,2752.5,3062.5,618.0,622.0,True,,8
stage2,20907,10,3218,6.436,3062.5,3373.0,622.0,620.0,True,,9
stage2,20907,11,3528,7.056,3373.0,3682.0,620.0,616.0,True,,10
stage2,20907,12,3836,7.672,3682.0,3990.0,616.0,616.0,True,,11
stage2,20907,13,4144,8.288,3990.0,4298.5,616.0,618.0,True,,12
stage2,20907,14,4453,8.906,4298.5,4606.5,618.0,614.0,True,,13
stage2,20907,15,4760,9.52,4606.5,,614.0,,False,edge_no_two_neighbors,-1
stage2,21076,0,281,0.562,,521.5,,962.0,False,edge_no_two_neighbors,-1
stage2,21076,1,762,1.524,521.5,1002.5,962.0,962.0,True,,0
stage2,21076,2,1243,2.486,1002.5,1477.0,962.0,936.0,True,,1
stage2,21076,3,1711,3.422,1477.0,1952.5,936.0,966.0,True,,2
stage2,21076,4,2194,4.388,1952.5,2431.5,966.0,950.0,True,,3
stage2,21076,5,2669,5.338,2431.5,2903.0,950.0,936.0,True,,4
stage2,21076,6,3137,6.274,2903.0,3377.5,936.0,962.0,True,,5
stage2,21076,7,3618,7.236,3377.5,3861.0,962.0,972.0,True,,6
stage2,21076,8,4104,8.208,3861.0,4342.0,972.0,952.0,True,,7
stage2,21076,9,4580,9.16,4342.0,,952.0,,False,edge_no_two_neighbors,-1
stage2,21238,0,445,0.89,,682.0,,948.0,False,edge_no_two_neighbors,-1
stage2,21238,1,919,1.838,682.0,1159.0,948.0,960.0,True,,0
stage2,21238,2,1399,2.798,1159.0,1641.5,960.0,970.0,True,,1
stage2,21238,3,1884,3.768,1641.5,2127.5,970.0,974.0,True,,2
stage2,21238,4,2371,4.742,2127.5,2613.0,974.0,968.0,True,,3
stage2,21238,5,2855,5.71,2613.0,3092.0,968.0,948.0,True,,4
stage2,21238,6,3329,6.658,3092.0,3568.0,948.0,956.0,True,,5
stage2,21238,7,3807,7.614,3568.0,4047.0,956.0,960.0,True,,6
stage2,21238,8,4287,8.574,4047.0,4527.5,960.0,962.0,True,,7
stage2,21238,9,4768,9.536,4527.5,,962.0,,False,edge_no_two_neighbors,-1
stage2,21285,0,294,0.588,,492.0,,792.0,False,edge_no_two_neighbors,-1
stage2,21285,1,690,1.38,492.0,889.0,792.0,796.0,True,,0
stage2,21285,2,1088,2.176,889.0,1290.5,796.0,810.0,True,,1
stage2,21285,3,1493,2.986,1290.5,1690.0,810.0,788.0,True,,2
stage2,21285,4,1887,3.774,1690.0,2084.5,788.0,790.0,True,,3
stage2,21285,5,2282,4.564,2084.5,2476.5,790.0,778.0,True,,4
stage2,21285,6,2671,5.342,2476.5,2863.0,778.0,768.0,True,,5
stage2,21285,7,3055,6.11,2863.0,3248.5,768.0,774.0,True,,6
stage2,21285,8,3442,6.884,3248.5,3632.0,774.0,760.0,True,,7
stage2,21285,9,3822,7.644,3632.0,4009.0,760.0,748.0,True,,8
stage2,21285,10,4196,8.392,4009.0,4383.0,748.0,748.0,True,,9
stage2,21285,11,4570,9.14,4383.0,4744.0,748.0,696.0,True,,10
stage2,21285,12,4918,9.836,4744.0,,696.0,,False,edge_no_two_neighbors,-1
stage2,21315,0,140,0.28,,309.0,,676.0,False,edge_no_two_neighbors,-1
stage2,21315,1,478,0.956,309.0,646.0,676.0,672.0,True,,0
stage2,21315,2,814,1.628,646.0,981.5,672.0,670.0,True,,1
stage2,21315,3,1149,2.298,981.5,1316.5,670.0,670.0,True,,2
stage2,21315,4,1484,2.968,1316.5,1656.0,670.0,688.0,True,,3
stage2,21315,5,1828,3.656,1656.0,1996.5,688.0,674.0,True,,4
stage2,21315,6,2165,4.33,1996.5,2335.5,674.0,682.0,True,,5
stage2,21315,7,2506,5.012,2335.5,2678.0,682.0,688.0,True,,6
stage2,21315,8,2850,5.7,2678.0,3012.5,688.0,650.0,True,,7
stage2,21315,9,3175,6.35,3012.5,3336.0,650.0,644.0,True,,8
stage2,21315,10,3497,6.994,3336.0,3652.5,644.0,622.0,True,,9
stage2,21315,11,3808,7.616,3652.5,3965.5,622.0,630.0,True,,10
stage2,21315,12,4123,8.246,3965.5,4287.5,630.0,658.0,True,,11
stage2,21315,13,4452,8.904,4287.5,4616.0,658.0,656.0,True,,12
stage2,21315,14,4780,9.56,4616.0,,656.0,,False,edge_no_two_neighbors,-1
stage2,21537,0,418,0.836,,644.0,,904.0,False,edge_no_two_neighbors,-1
stage2,21537,1,870,1.74,644.0,1101.5,904.0,926.0,True,,0
stage2,21537,2,1333,2.666,1101.5,1564.0,926.0,924.0,True,,1
stage2,21537,3,1795,3.59,1564.0,2014.0,924.0,876.0,True,,2
stage2,21537,4,2233,4.466,2014.0,2455.0,876.0,888.0,True,,3
stage2,21537,5,2677,5.354,2455.0,2901.0,888.0,896.0,True,,4
stage2,21537,6,3125,6.25,2901.0,3344.5,896.0,878.0,True,,5
stage2,21537,7,3564,7.128,3344.5,3781.0,878.0,868.0,True,,6
stage2,21537,8,3998,7.996,3781.0,4209.5,868.0,846.0,True,,7
stage2,21537,9,4421,8.842,4209.5,4622.5,846.0,806.0,True,,8
stage2,21537,10,4824,9.648,4622.5,,806.0,,False,edge_no_two_neighbors,-1
stage2,21664,0,128,0.256,,307.0,,716.0,False,edge_no_two_neighbors,-1
stage2,21664,1,486,0.972,307.0,668.5,716.0,730.0,True,,0
stage2,21664,2,851,1.702,668.5,1036.5,730.0,742.0,True,,1
stage2,21664,3,1222,2.444,1036.5,1406.5,742.0,738.0,True,,2
stage2,21664,4,1591,3.182,1406.5,1775.0,738.0,736.0,True,,3
stage2,21664,5,1959,3.918,1775.0,2145.5,736.0,746.0,True,,4
stage2,21664,6,2332,4.664,2145.5,2520.5,746.0,754.0,True,,5
stage2,21664,7,2709,5.418,2520.5,2898.0,754.0,756.0,True,,6
stage2,21664,8,3087,6.174,2898.0,3269.5,756.0,730.0,True,,7
stage2,21664,9,3452,6.904,3269.5,3633.5,730.0,726.0,True,,8
stage2,21664,10,3815,7.63,3633.5,3992.5,726.0,710.0,True,,9
stage2,21664,11,4170,8.34,3992.5,4327.5,710.0,630.0,True,,10
stage2,21664,12,4485,8.97,4327.5,4632.5,630.0,590.0,True,,11
stage2,21664,13,4780,9.56,4632.5,,590.0,,False,edge_no_two_neighbors,-1
stage2,21772,0,279,0.558,,470.0,,764.0,False,edge_no_two_neighbors,-1
stage2,21772,1,661,1.322,470.0,853.5,764.0,770.0,True,,0
stage2,21772,2,1046,2.092,853.5,1242.0,770.0,784.0,True,,1
stage2,21772,3,1438,2.876,1242.0,1636.5,784.0,794.0,True,,2
stage2,21772,4,1835,3.67,1636.5,2032.0,794.0,788.0,True,,3
stage2,21772,5,2229,4.458,2032.0,2427.0,788.0,792.0,True,,4
stage2,21772,6,2625,5.25,2427.0,2825.5,792.0,802.0,True,,5
stage2,21772,7,3026,6.052,2825.5,3222.0,802.0,784.0,True,,6
stage2,21772,8,3418,6.836,3222.0,3615.0,784.0,788.0,True,,7
stage2,21772,9,3812,7.624,3615.0,4008.5,788.0,786.0,True,,8
stage2,21772,10,4205,8.41,4008.5,4399.0,786.0,776.0,True,,9
stage2,21772,11,4593,9.186,4399.0,,776.0,,False,edge_no_two_neighbors,-1
stage2,21775,0,8,0.016,,211.0,,812.0,False,edge_no_two_neighbors,-1
stage2,21775,1,414,0.828,211.0,623.5,812.0,838.0,True,,0
stage2,21775,2,833,1.666,623.5,1053.0,838.0,880.0,True,,1
stage2,21775,3,1273,2.546,1053.0,1506.5,880.0,934.0,True,,2
stage2,21775,4,1740,3.48,1506.5,1974.5,934.0,938.0,True,,3
stage2,21775,5,2209,4.418,1974.5,2449.5,938.0,962.0,True,,4
stage2,21775,6,2690,5.38,2449.5,2931.5,962.0,966.0,True,,5
stage2,21775,7,3173,6.346,2931.5,3411.0,966.0,952.0,True,,6
stage2,21775,8,3649,7.298,3411.0,3888.5,952.0,958.0,True,,7
stage2,21775,9,4128,8.256,3888.5,4367.5,958.0,958.0,True,,8
stage2,21775,10,4607,9.214,4367.5,,958.0,,False,edge_no_two_neighbors,-1
